-- MySQL dump 10.13  Distrib 5.7.17, for Win64 (x86_64)
--
-- Host: localhost    Database: dispatch_pal
-- ------------------------------------------------------
-- Server version	5.7.16-log

/*!40101 SET @OLD_CHARACTER_SET_CLIENT=@@CHARACTER_SET_CLIENT */;
/*!40101 SET @OLD_CHARACTER_SET_RESULTS=@@CHARACTER_SET_RESULTS */;
/*!40101 SET @OLD_COLLATION_CONNECTION=@@COLLATION_CONNECTION */;
/*!40101 SET NAMES utf8 */;
/*!40103 SET @OLD_TIME_ZONE=@@TIME_ZONE */;
/*!40103 SET TIME_ZONE='+00:00' */;
/*!40014 SET @OLD_UNIQUE_CHECKS=@@UNIQUE_CHECKS, UNIQUE_CHECKS=0 */;
/*!40014 SET @OLD_FOREIGN_KEY_CHECKS=@@FOREIGN_KEY_CHECKS, FOREIGN_KEY_CHECKS=0 */;
/*!40101 SET @OLD_SQL_MODE=@@SQL_MODE, SQL_MODE='NO_AUTO_VALUE_ON_ZERO' */;
/*!40111 SET @OLD_SQL_NOTES=@@SQL_NOTES, SQL_NOTES=0 */;

--
-- Table structure for table `broker`
--

DROP TABLE IF EXISTS `broker`;
/*!40101 SET @saved_cs_client     = @@character_set_client */;
/*!40101 SET character_set_client = utf8 */;
CREATE TABLE `broker` (
  `Id` int(10) NOT NULL AUTO_INCREMENT,
  `PartnerId` int(11) NOT NULL,
  `DisplayName` varchar(30) NOT NULL,
  `FirstName` varchar(100) DEFAULT NULL,
  `LastName` varchar(100) DEFAULT NULL,
  `PhoneNumber` varchar(15) DEFAULT NULL,
  `MobileNumber` varchar(15) DEFAULT NULL,
  `Email` varchar(245) DEFAULT NULL,
  `Fax` varchar(245) DEFAULT NULL,
  `Fax1` varchar(250) DEFAULT NULL,
  `Rate` int(10) NOT NULL DEFAULT '0',
  `Rating` decimal(10,2) NOT NULL DEFAULT '1.00',
  `IsActive` tinyint(1) NOT NULL DEFAULT '1' COMMENT '1- aktivan, 0- neaktivan, obrisan',
  `CompanyId` int(11) NOT NULL DEFAULT '0',
  PRIMARY KEY (`Id`),
  KEY `Index_DisplayName` (`DisplayName`),
  KEY `fkey_broker_partnerId_idx` (`PartnerId`),
  CONSTRAINT `fkey_broker_partnerId` FOREIGN KEY (`PartnerId`) REFERENCES `client` (`Id`) ON DELETE CASCADE ON UPDATE CASCADE
) ENGINE=InnoDB AUTO_INCREMENT=17 DEFAULT CHARSET=utf8;
/*!40101 SET character_set_client = @saved_cs_client */;

--
-- Dumping data for table `broker`
--

LOCK TABLES `broker` WRITE;
/*!40000 ALTER TABLE `broker` DISABLE KEYS */;
INSERT INTO `broker` VALUES (2,21,'Vladica Pavlovic',NULL,NULL,'638125369',NULL,'pvlada@gmail.com','pvlada@gmail.com',NULL,0,4.00,1,0),(3,12,'Zlatko Sap',NULL,NULL,'063888445',NULL,'zlatko@sap.com','123456789',NULL,0,0.00,1,0),(4,11,'Lady Gaga',NULL,NULL,'063789456',NULL,'lady@microsoft.com','1111111',NULL,0,0.00,1,0),(5,17,'test part broker',NULL,NULL,'111',NULL,'test@sssj.ssss',NULL,NULL,0,0.00,1,0),(6,20,'asdf',NULL,NULL,'aa',NULL,'xxx@xx.com','aa',NULL,0,5.00,1,0),(8,15,'zxc','cx','xzc',NULL,NULL,NULL,NULL,NULL,0,0.00,1,0),(9,15,'Tesss','sd','ds',NULL,NULL,NULL,NULL,NULL,0,0.00,1,0),(10,15,'Mijat','xzc','zxc','xx',NULL,'as@g.com','cccc',NULL,0,3.00,1,0),(11,15,'zzz',NULL,NULL,NULL,NULL,NULL,NULL,NULL,0,0.00,1,0),(12,15,'x',NULL,NULL,NULL,NULL,NULL,NULL,NULL,0,0.00,1,0),(13,15,'ds',NULL,NULL,NULL,NULL,NULL,NULL,NULL,0,0.00,1,0),(14,22,'Petar Jovanovic',NULL,NULL,'2313',NULL,NULL,'rew32',NULL,0,4.00,1,0),(15,26,'John',NULL,NULL,'455-855-8978',NULL,'john@acme.com',NULL,NULL,0,5.00,1,0),(16,55,'aa',NULL,NULL,NULL,NULL,NULL,NULL,NULL,0,0.00,1,0);
/*!40000 ALTER TABLE `broker` ENABLE KEYS */;
UNLOCK TABLES;

--
-- Table structure for table `cash_flow`
--

DROP TABLE IF EXISTS `cash_flow`;
/*!40101 SET @saved_cs_client     = @@character_set_client */;
/*!40101 SET character_set_client = utf8 */;
CREATE TABLE `cash_flow` (
  `Id` int(11) NOT NULL AUTO_INCREMENT,
  `DriverId` int(11) NOT NULL,
  `TruckId` int(11) NOT NULL,
  `TrailerId` int(11) DEFAULT NULL,
  `TypeId` int(11) NOT NULL,
  `Date` datetime NOT NULL,
  `Amount` decimal(10,4) NOT NULL DEFAULT '0.0000',
  `Note` text,
  `IsSettled` tinyint(1) NOT NULL,
  `IsActive` tinyint(1) NOT NULL DEFAULT '1',
  `CompanyId` int(11) NOT NULL,
  PRIMARY KEY (`Id`),
  KEY `FK_cash_flow_driver_idx` (`DriverId`),
  KEY `FK_cash_flow_truck_idx` (`TruckId`),
  KEY `FK_cash_flow_trailer_idx` (`TrailerId`),
  KEY `FK_cash_flow_type_idx` (`TypeId`),
  CONSTRAINT `FK_cash_flow_driver` FOREIGN KEY (`DriverId`) REFERENCES `driver` (`Id`) ON DELETE NO ACTION ON UPDATE NO ACTION,
  CONSTRAINT `FK_cash_flow_trailer` FOREIGN KEY (`TrailerId`) REFERENCES `vehicle` (`Id`) ON DELETE NO ACTION ON UPDATE NO ACTION,
  CONSTRAINT `FK_cash_flow_truck` FOREIGN KEY (`TruckId`) REFERENCES `vehicle` (`Id`) ON DELETE NO ACTION ON UPDATE NO ACTION,
  CONSTRAINT `FK_cash_flow_type` FOREIGN KEY (`TypeId`) REFERENCES `cash_flow_type` (`Id`) ON DELETE NO ACTION ON UPDATE NO ACTION
) ENGINE=InnoDB AUTO_INCREMENT=10 DEFAULT CHARSET=utf8;
/*!40101 SET character_set_client = @saved_cs_client */;

--
-- Dumping data for table `cash_flow`
--

LOCK TABLES `cash_flow` WRITE;
/*!40000 ALTER TABLE `cash_flow` DISABLE KEYS */;
INSERT INTO `cash_flow` VALUES (1,1,3,2,1,'2017-05-24 22:00:00',500.0000,NULL,0,1,0),(2,1,3,2,1,'2017-05-25 01:00:00',230.0000,'sadsadsa',0,1,0),(3,3,4,16,1,'2017-05-24 22:00:00',50.0000,'sad',0,1,0),(4,3,4,16,2,'2017-05-24 18:00:00',50.0000,'sadaaa',0,1,0),(5,3,26,16,2,'2017-05-24 16:00:00',520.0000,'sad',0,1,0),(6,2,26,NULL,5,'2017-06-29 21:47:42',50.0000,NULL,1,1,0),(7,34,3,NULL,1,'2017-07-01 14:54:53',120.0000,'',0,1,0),(8,35,27,16,5,'2017-07-01 14:55:27',3.7000,NULL,0,1,0),(9,31,4,2,7,'2017-07-01 14:55:50',5.5000,'toll',0,1,0);
/*!40000 ALTER TABLE `cash_flow` ENABLE KEYS */;
UNLOCK TABLES;

--
-- Table structure for table `cash_flow_type`
--

DROP TABLE IF EXISTS `cash_flow_type`;
/*!40101 SET @saved_cs_client     = @@character_set_client */;
/*!40101 SET character_set_client = utf8 */;
CREATE TABLE `cash_flow_type` (
  `Id` int(11) NOT NULL AUTO_INCREMENT,
  `Name` varchar(145) DEFAULT NULL,
  PRIMARY KEY (`Id`)
) ENGINE=InnoDB AUTO_INCREMENT=8 DEFAULT CHARSET=utf8;
/*!40101 SET character_set_client = @saved_cs_client */;

--
-- Dumping data for table `cash_flow_type`
--

LOCK TABLES `cash_flow_type` WRITE;
/*!40000 ALTER TABLE `cash_flow_type` DISABLE KEYS */;
INSERT INTO `cash_flow_type` VALUES (1,'Advance'),(2,'Fixed Cost'),(3,'Fuel'),(4,'Payout'),(5,'Reimbursment'),(6,'Tolls'),(7,'Other');
/*!40000 ALTER TABLE `cash_flow_type` ENABLE KEYS */;
UNLOCK TABLES;

--
-- Table structure for table `client`
--

DROP TABLE IF EXISTS `client`;
/*!40101 SET @saved_cs_client     = @@character_set_client */;
/*!40101 SET character_set_client = utf8 */;
CREATE TABLE `client` (
  `Id` int(11) NOT NULL AUTO_INCREMENT,
  `ClientTypeId` int(11) NOT NULL,
  `AccountNumber` varchar(255) DEFAULT NULL,
  `DisplayName` varchar(255) DEFAULT NULL,
  `Name` varchar(45) DEFAULT NULL,
  `Address` varchar(255) DEFAULT NULL,
  `Address2` varchar(255) DEFAULT NULL,
  `City` varchar(255) DEFAULT NULL,
  `StateId` int(11) DEFAULT NULL,
  `ZipCode` varchar(45) DEFAULT NULL,
  `PhoneNumber` varchar(45) DEFAULT NULL,
  `AlternatePhoneNumber` varchar(45) DEFAULT NULL,
  `Fax` varchar(45) DEFAULT NULL,
  `Email` varchar(255) DEFAULT NULL,
  `Fee` varchar(255) DEFAULT NULL,
  `MotorCarrierNumber` varchar(45) DEFAULT NULL,
  `EIN` varchar(255) DEFAULT NULL,
  `LastPaid` datetime NOT NULL,
  `ContactName` varchar(45) DEFAULT NULL,
  `ModifiedBy` int(11) NOT NULL,
  `ModifiedDate` datetime NOT NULL,
  `IsActive` tinyint(1) NOT NULL,
  PRIMARY KEY (`Id`),
  KEY `fkey_client_state_idx` (`StateId`),
  KEY `fkey_client_type_idx` (`ClientTypeId`),
  CONSTRAINT `fkey_client_state` FOREIGN KEY (`StateId`) REFERENCES `w_state` (`Id`) ON DELETE NO ACTION ON UPDATE NO ACTION,
  CONSTRAINT `fkey_client_type` FOREIGN KEY (`ClientTypeId`) REFERENCES `client_type` (`Id`) ON DELETE NO ACTION ON UPDATE NO ACTION
) ENGINE=InnoDB AUTO_INCREMENT=217 DEFAULT CHARSET=utf8;
/*!40101 SET character_set_client = @saved_cs_client */;

--
-- Dumping data for table `client`
--

LOCK TABLES `client` WRITE;
/*!40000 ALTER TABLE `client` DISABLE KEYS */;
INSERT INTO `client` VALUES (11,4,'423324','Microsoft','name','adresa11','1','Leskovac',11,'18000','063 8125896','zx','xxxx','dsa@fd.com',NULL,NULL,NULL,'0001-01-01 00:00:00','1',1,'2017-05-07 10:50:58',0),(12,4,NULL,'SAP',NULL,'adresa12','2','Novi Sad',12,'21000',NULL,NULL,'2','sasa@sdffds.com',NULL,NULL,NULL,'0001-01-01 00:00:00',NULL,0,'0001-01-01 00:00:00',0),(13,4,NULL,'Samsung doo',NULL,'adresa13','3','cikago',13,'35000','3',NULL,'3','3',NULL,NULL,NULL,'0001-01-01 00:00:00','3',0,'0001-01-01 00:00:00',0),(14,4,NULL,'DiyomiSoft doo',NULL,'adresa14','3','NIs',14,'45000',NULL,NULL,'1','1',NULL,NULL,NULL,'0001-01-01 00:00:00',NULL,0,'0001-01-01 00:00:00',0),(15,4,NULL,'Fashion Company',NULL,'adresa15','3','Belgrade',15,'55000','3',NULL,'3','3',NULL,NULL,NULL,'0001-01-01 00:00:00','3',0,'0001-01-01 00:00:00',0),(16,4,NULL,'Fashion Company 111',NULL,'adresa15','3','Belgrade',15,'55000','3',NULL,'3','3',NULL,NULL,NULL,'0001-01-01 00:00:00','3',0,'0001-01-01 00:00:00',0),(17,4,NULL,'test partner',NULL,'adresa15','3','Belgrade',1,'55000','3',NULL,'3','fds@fsd.com',NULL,NULL,NULL,'0001-01-01 00:00:00','3',0,'0001-01-01 00:00:00',0),(18,4,NULL,'novi partner 5555',NULL,'adresa15','3','Belgrade',15,'55000','3',NULL,'3','3',NULL,NULL,NULL,'0001-01-01 00:00:00','3',0,'0001-01-01 00:00:00',0),(19,4,NULL,'DiyomiSoft doo 5555',NULL,'test adress','test 2 adress','Nis',14,'45000','555555555555',NULL,'1','das@fds.com',NULL,NULL,NULL,'0001-01-01 00:00:00','1',0,'0001-01-01 00:00:00',0),(20,3,'32423','Broker 1','Broker 1','xxx','','Leskovac',14,'12333','asda','','','info@essoho.com',NULL,NULL,NULL,'0001-01-01 06:00:00','sad',1,'2017-06-20 07:44:38',1),(21,3,'3','Broker 2','Broker 2','xxx',NULL,'Nis',12,'1600',NULL,NULL,'555-587-8888','dsa@fds.com',NULL,NULL,NULL,'0001-01-01 06:00:00',NULL,1,'2017-06-17 08:50:39',1),(22,3,'xxx','Broker 3','Broker 3','Adress',NULL,'Nis',12,'18000','a',NULL,NULL,'pvlada@gmail.com',NULL,NULL,NULL,'0001-01-01 00:00:00',NULL,1,'2017-05-06 22:18:03',1),(23,4,NULL,'sadsd','asdsa',NULL,NULL,'asd',51,'2123','7798876767',NULL,NULL,'asd@fds.com',NULL,NULL,NULL,'2016-12-11 23:00:00','john',0,'0001-01-01 00:00:00',1),(24,4,'123455','Test','Test',NULL,NULL,NULL,23,NULL,'555-898-8989',NULL,NULL,NULL,NULL,NULL,NULL,'0001-01-01 00:00:00','sa',1,'2017-02-20 19:51:41',1),(25,4,'232321312','Mozzart','Mozzart',NULL,NULL,NULL,NULL,NULL,NULL,NULL,NULL,NULL,NULL,NULL,NULL,'0001-01-01 00:00:00',NULL,1,'2017-05-03 00:54:47',1),(26,3,'ui67443','ACME','ACME Inc','6745 W Irrie',NULL,'Baltimore',20,'60675','555-674-8888',NULL,'555-898-6767','ui@rt.nn',NULL,NULL,NULL,'0001-01-01 00:00:00',NULL,1,'2017-07-09 13:02:54',1),(27,3,NULL,'broker_Broida','Brain',NULL,NULL,NULL,NULL,NULL,NULL,NULL,NULL,NULL,NULL,NULL,NULL,'0001-01-01 00:00:00',NULL,1,'2017-09-04 13:00:57',1),(28,3,NULL,'broker_Zollo','Marya',NULL,NULL,NULL,NULL,NULL,NULL,NULL,NULL,NULL,NULL,NULL,NULL,'0001-01-01 00:00:00',NULL,1,'2017-09-04 13:00:57',1),(29,3,NULL,'broker_Tina','Ricki',NULL,NULL,NULL,NULL,NULL,NULL,NULL,NULL,NULL,NULL,NULL,NULL,'0001-01-01 00:00:00',NULL,1,'2017-09-04 13:00:57',1),(30,3,NULL,'broker_Salowitz','Trinh',NULL,NULL,NULL,NULL,NULL,NULL,NULL,NULL,NULL,NULL,NULL,NULL,'0001-01-01 00:00:00',NULL,1,'2017-09-04 13:00:57',1),(31,3,NULL,'broker_Malecha','Les',NULL,NULL,NULL,NULL,NULL,NULL,NULL,NULL,NULL,NULL,NULL,NULL,'0001-01-01 00:00:00',NULL,1,'2017-09-04 13:00:57',1),(32,3,NULL,'broker_Mcthige','Ray',NULL,NULL,NULL,NULL,NULL,NULL,NULL,NULL,NULL,NULL,NULL,NULL,'0001-01-01 00:00:00',NULL,1,'2017-09-04 13:00:57',1),(33,3,NULL,'broker_Calzada','Shaquana',NULL,NULL,NULL,NULL,NULL,NULL,NULL,NULL,NULL,NULL,NULL,NULL,'0001-01-01 00:00:00',NULL,1,'2017-09-04 13:00:57',1),(34,3,NULL,'broker_Vorse','Lisbeth',NULL,NULL,NULL,NULL,NULL,NULL,NULL,NULL,NULL,NULL,NULL,NULL,'0001-01-01 00:00:00',NULL,1,'2017-09-04 13:00:57',1),(35,3,NULL,'broker_Cavicchi','Mabelle',NULL,NULL,NULL,NULL,NULL,NULL,NULL,NULL,NULL,NULL,NULL,NULL,'0001-01-01 00:00:00',NULL,1,'2017-09-04 13:00:57',1),(36,3,NULL,'broker_Crosiar','Denita',NULL,NULL,NULL,NULL,NULL,NULL,NULL,NULL,NULL,NULL,NULL,NULL,'0001-01-01 00:00:00',NULL,1,'2017-09-04 13:00:57',1),(37,3,NULL,'broker_Stant','Consuela',NULL,NULL,NULL,NULL,NULL,NULL,NULL,NULL,NULL,NULL,NULL,NULL,'0001-01-01 00:00:00',NULL,1,'2017-09-04 13:04:23',1),(38,3,NULL,'broker_Rusell','Ivelisse',NULL,NULL,NULL,NULL,NULL,NULL,NULL,NULL,NULL,NULL,NULL,NULL,'0001-01-01 00:00:00',NULL,1,'2017-09-04 13:04:23',1),(39,3,NULL,'broker_Cathie','Willian',NULL,NULL,NULL,NULL,NULL,NULL,NULL,NULL,NULL,NULL,NULL,NULL,'0001-01-01 00:00:00',NULL,1,'2017-09-04 13:04:23',1),(40,3,NULL,'broker_Ditmore','Tobi',NULL,NULL,NULL,NULL,NULL,NULL,NULL,NULL,NULL,NULL,NULL,NULL,'0001-01-01 00:00:00',NULL,1,'2017-09-04 13:04:23',1),(41,3,NULL,'broker_Mahala','Gerard',NULL,NULL,NULL,NULL,NULL,NULL,NULL,NULL,NULL,NULL,NULL,NULL,'0001-01-01 00:00:00',NULL,1,'2017-09-04 13:04:23',1),(42,3,NULL,'broker_Gala','Elbert',NULL,NULL,NULL,NULL,NULL,NULL,NULL,NULL,NULL,NULL,NULL,NULL,'0001-01-01 00:00:00',NULL,1,'2017-09-04 13:04:23',1),(43,3,NULL,'broker_Urmos','Errol',NULL,NULL,NULL,NULL,NULL,NULL,NULL,NULL,NULL,NULL,NULL,NULL,'0001-01-01 00:00:00',NULL,1,'2017-09-04 13:04:23',1),(44,3,NULL,'broker_Chesney','Roosevelt',NULL,NULL,NULL,NULL,NULL,NULL,NULL,NULL,NULL,NULL,NULL,NULL,'0001-01-01 00:00:00',NULL,1,'2017-09-04 13:04:23',1),(45,3,NULL,'broker_Mcfaul','Stefany',NULL,NULL,NULL,NULL,NULL,NULL,NULL,NULL,NULL,NULL,NULL,NULL,'0001-01-01 00:00:00',NULL,1,'2017-09-04 13:04:23',1),(46,3,NULL,'broker_Delce','Lottie',NULL,NULL,NULL,NULL,NULL,NULL,NULL,NULL,NULL,NULL,NULL,NULL,'0001-01-01 00:00:00',NULL,1,'2017-09-04 13:04:23',1),(47,3,NULL,'broker_Krenzer','Eddie',NULL,NULL,NULL,NULL,NULL,NULL,NULL,NULL,NULL,NULL,NULL,NULL,'0001-01-01 00:00:00',NULL,1,'2017-09-04 13:13:12',1),(48,3,NULL,'broker_Dentel','Wade',NULL,NULL,NULL,NULL,NULL,NULL,NULL,NULL,NULL,NULL,NULL,NULL,'0001-01-01 00:00:00',NULL,1,'2017-09-04 13:13:12',1),(49,3,NULL,'broker_Cavagna','Kraig',NULL,NULL,NULL,NULL,NULL,NULL,NULL,NULL,NULL,NULL,NULL,NULL,'0001-01-01 00:00:00',NULL,1,'2017-09-04 13:13:12',1),(50,3,NULL,'broker_Maisey','Edmundo',NULL,NULL,NULL,NULL,NULL,NULL,NULL,NULL,NULL,NULL,NULL,NULL,'0001-01-01 00:00:00',NULL,1,'2017-09-04 13:13:12',1),(51,3,NULL,'broker_Cleckley','Russel',NULL,NULL,NULL,NULL,NULL,NULL,NULL,NULL,NULL,NULL,NULL,NULL,'0001-01-01 00:00:00',NULL,1,'2017-09-04 13:13:12',1),(52,3,NULL,'broker_Ghiorso','Laverne',NULL,NULL,NULL,NULL,NULL,NULL,NULL,NULL,NULL,NULL,NULL,NULL,'0001-01-01 00:00:00',NULL,1,'2017-09-04 13:13:12',1),(53,3,NULL,'broker_Jaber','Jess',NULL,NULL,NULL,NULL,NULL,NULL,NULL,NULL,NULL,NULL,NULL,NULL,'0001-01-01 00:00:00',NULL,1,'2017-09-04 13:13:12',1),(54,3,NULL,'broker_Antrikin','Delsie',NULL,NULL,NULL,NULL,NULL,NULL,NULL,NULL,NULL,NULL,NULL,NULL,'0001-01-01 00:00:00',NULL,1,'2017-09-04 13:13:12',1),(55,3,NULL,'broker_Lapora','Evonne',NULL,NULL,NULL,NULL,NULL,NULL,NULL,NULL,NULL,NULL,NULL,NULL,'0001-01-01 00:00:00',NULL,1,'2017-09-04 13:13:12',1),(56,3,NULL,'broker_Juncker','Heath',NULL,NULL,NULL,NULL,NULL,NULL,NULL,NULL,NULL,NULL,NULL,NULL,'0001-01-01 00:00:00',NULL,1,'2017-09-04 13:13:12',1),(57,3,NULL,'broker_Wolske','Celeste',NULL,NULL,NULL,NULL,NULL,NULL,NULL,NULL,NULL,NULL,NULL,NULL,'0001-01-01 00:00:00',NULL,1,'2017-09-04 13:27:19',1),(58,3,NULL,'broker_Bruegger','Trudy',NULL,NULL,NULL,NULL,NULL,NULL,NULL,NULL,NULL,NULL,NULL,NULL,'0001-01-01 00:00:00',NULL,1,'2017-09-04 13:27:19',1),(59,3,NULL,'broker_Brehmer','Jeanetta',NULL,NULL,NULL,NULL,NULL,NULL,NULL,NULL,NULL,NULL,NULL,NULL,'0001-01-01 00:00:00',NULL,1,'2017-09-04 13:27:19',1),(60,3,NULL,'broker_Telch','Quintin',NULL,NULL,NULL,NULL,NULL,NULL,NULL,NULL,NULL,NULL,NULL,NULL,'0001-01-01 00:00:00',NULL,1,'2017-09-04 13:27:19',1),(61,3,NULL,'broker_Petro','Wilbert',NULL,NULL,NULL,NULL,NULL,NULL,NULL,NULL,NULL,NULL,NULL,NULL,'0001-01-01 00:00:00',NULL,1,'2017-09-04 13:27:19',1),(62,3,NULL,'broker_Speaks','Ronna',NULL,NULL,NULL,NULL,NULL,NULL,NULL,NULL,NULL,NULL,NULL,NULL,'0001-01-01 00:00:00',NULL,1,'2017-09-04 13:27:19',1),(63,3,NULL,'broker_Palmero','Clifton',NULL,NULL,NULL,NULL,NULL,NULL,NULL,NULL,NULL,NULL,NULL,NULL,'0001-01-01 00:00:00',NULL,1,'2017-09-04 13:27:19',1),(64,3,NULL,'broker_Grate','Emanuel',NULL,NULL,NULL,NULL,NULL,NULL,NULL,NULL,NULL,NULL,NULL,NULL,'0001-01-01 00:00:00',NULL,1,'2017-09-04 13:27:19',1),(65,3,NULL,'broker_Cabiness','Madelyn',NULL,NULL,NULL,NULL,NULL,NULL,NULL,NULL,NULL,NULL,NULL,NULL,'0001-01-01 00:00:00',NULL,1,'2017-09-04 13:27:19',1),(66,3,NULL,'broker_Daughrity','Carley',NULL,NULL,NULL,NULL,NULL,NULL,NULL,NULL,NULL,NULL,NULL,NULL,'0001-01-01 00:00:00',NULL,1,'2017-09-04 13:27:19',1),(67,3,NULL,'broker_Darley','Emanuel',NULL,NULL,NULL,NULL,NULL,NULL,NULL,NULL,NULL,NULL,NULL,NULL,'0001-01-01 00:00:00',NULL,1,'2017-09-04 13:46:46',1),(68,3,NULL,'broker_Nager','Laurena',NULL,NULL,NULL,NULL,NULL,NULL,NULL,NULL,NULL,NULL,NULL,NULL,'0001-01-01 00:00:00',NULL,1,'2017-09-04 13:46:46',1),(69,3,NULL,'broker_Vanscoik','Enoch',NULL,NULL,NULL,NULL,NULL,NULL,NULL,NULL,NULL,NULL,NULL,NULL,'0001-01-01 00:00:00',NULL,1,'2017-09-04 13:46:46',1),(70,3,NULL,'broker_Waskow','Cleveland',NULL,NULL,NULL,NULL,NULL,NULL,NULL,NULL,NULL,NULL,NULL,NULL,'0001-01-01 00:00:00',NULL,1,'2017-09-04 13:46:46',1),(71,3,NULL,'broker_Paglinawan','Long',NULL,NULL,NULL,NULL,NULL,NULL,NULL,NULL,NULL,NULL,NULL,NULL,'0001-01-01 00:00:00',NULL,1,'2017-09-04 13:46:46',1),(72,3,NULL,'broker_Dasinger','Gonzalo',NULL,NULL,NULL,NULL,NULL,NULL,NULL,NULL,NULL,NULL,NULL,NULL,'0001-01-01 00:00:00',NULL,1,'2017-09-04 13:46:46',1),(73,3,NULL,'broker_Maves','Philip',NULL,NULL,NULL,NULL,NULL,NULL,NULL,NULL,NULL,NULL,NULL,NULL,'0001-01-01 00:00:00',NULL,1,'2017-09-04 13:46:46',1),(74,3,NULL,'broker_Bisaillon','Brandon',NULL,NULL,NULL,NULL,NULL,NULL,NULL,NULL,NULL,NULL,NULL,NULL,'0001-01-01 00:00:00',NULL,1,'2017-09-04 13:46:46',1),(75,3,NULL,'broker_Netzel','Robbie',NULL,NULL,NULL,NULL,NULL,NULL,NULL,NULL,NULL,NULL,NULL,NULL,'0001-01-01 00:00:00',NULL,1,'2017-09-04 13:46:46',1),(76,3,NULL,'broker_Trecroci','Olin',NULL,NULL,NULL,NULL,NULL,NULL,NULL,NULL,NULL,NULL,NULL,NULL,'0001-01-01 00:00:00',NULL,1,'2017-09-04 13:46:46',1),(77,3,NULL,'broker_Diprima','Jeremiah',NULL,NULL,NULL,NULL,NULL,NULL,NULL,NULL,NULL,NULL,NULL,NULL,'0001-01-01 00:00:00',NULL,1,'2017-09-04 14:11:14',1),(78,3,NULL,'broker_Brak','Trenton',NULL,NULL,NULL,NULL,NULL,NULL,NULL,NULL,NULL,NULL,NULL,NULL,'0001-01-01 00:00:00',NULL,1,'2017-09-04 14:11:14',1),(79,3,NULL,'broker_Blase','Clifford',NULL,NULL,NULL,NULL,NULL,NULL,NULL,NULL,NULL,NULL,NULL,NULL,'0001-01-01 00:00:00',NULL,1,'2017-09-04 14:11:14',1),(80,3,NULL,'broker_Sentinella','Ian',NULL,NULL,NULL,NULL,NULL,NULL,NULL,NULL,NULL,NULL,NULL,NULL,'0001-01-01 00:00:00',NULL,1,'2017-09-04 14:11:14',1),(81,3,NULL,'broker_Holdridge','Machelle',NULL,NULL,NULL,NULL,NULL,NULL,NULL,NULL,NULL,NULL,NULL,NULL,'0001-01-01 00:00:00',NULL,1,'2017-09-04 14:11:14',1),(82,3,NULL,'broker_Varella','Marx',NULL,NULL,NULL,NULL,NULL,NULL,NULL,NULL,NULL,NULL,NULL,NULL,'0001-01-01 00:00:00',NULL,1,'2017-09-04 14:11:14',1),(83,3,NULL,'broker_Lecates','Jamie',NULL,NULL,NULL,NULL,NULL,NULL,NULL,NULL,NULL,NULL,NULL,NULL,'0001-01-01 00:00:00',NULL,1,'2017-09-04 14:11:14',1),(84,3,NULL,'broker_Bignell','Woodrow',NULL,NULL,NULL,NULL,NULL,NULL,NULL,NULL,NULL,NULL,NULL,NULL,'0001-01-01 00:00:00',NULL,1,'2017-09-04 14:11:14',1),(85,3,NULL,'broker_Patras','Augustine',NULL,NULL,NULL,NULL,NULL,NULL,NULL,NULL,NULL,NULL,NULL,NULL,'0001-01-01 00:00:00',NULL,1,'2017-09-04 14:11:14',1),(86,3,NULL,'broker_Friedly','Jewell',NULL,NULL,NULL,NULL,NULL,NULL,NULL,NULL,NULL,NULL,NULL,NULL,'0001-01-01 00:00:00',NULL,1,'2017-09-04 14:11:14',1),(87,3,NULL,'broker_Cipolloni','Adrien',NULL,NULL,NULL,NULL,NULL,NULL,NULL,NULL,NULL,NULL,NULL,NULL,'0001-01-01 00:00:00',NULL,1,'2017-09-04 14:40:50',1),(88,3,NULL,'broker_Dickert','Margene',NULL,NULL,NULL,NULL,NULL,NULL,NULL,NULL,NULL,NULL,NULL,NULL,'0001-01-01 00:00:00',NULL,1,'2017-09-04 14:40:50',1),(89,3,NULL,'broker_Ferjerang','Virgilio',NULL,NULL,NULL,NULL,NULL,NULL,NULL,NULL,NULL,NULL,NULL,NULL,'0001-01-01 00:00:00',NULL,1,'2017-09-04 14:40:50',1),(90,3,NULL,'broker_Bente','Jorge',NULL,NULL,NULL,NULL,NULL,NULL,NULL,NULL,NULL,NULL,NULL,NULL,'0001-01-01 00:00:00',NULL,1,'2017-09-04 14:40:50',1),(91,3,NULL,'broker_Simmens','Cecille',NULL,NULL,NULL,NULL,NULL,NULL,NULL,NULL,NULL,NULL,NULL,NULL,'0001-01-01 00:00:00',NULL,1,'2017-09-04 14:40:50',1),(92,3,NULL,'broker_Halphen','Federico',NULL,NULL,NULL,NULL,NULL,NULL,NULL,NULL,NULL,NULL,NULL,NULL,'0001-01-01 00:00:00',NULL,1,'2017-09-04 14:40:50',1),(93,3,NULL,'broker_Mclauchlen','Tuyet',NULL,NULL,NULL,NULL,NULL,NULL,NULL,NULL,NULL,NULL,NULL,NULL,'0001-01-01 00:00:00',NULL,1,'2017-09-04 14:40:50',1),(94,3,NULL,'broker_Hensler','Monnie',NULL,NULL,NULL,NULL,NULL,NULL,NULL,NULL,NULL,NULL,NULL,NULL,'0001-01-01 00:00:00',NULL,1,'2017-09-04 14:40:50',1),(95,3,NULL,'broker_Crossmon','Clement',NULL,NULL,NULL,NULL,NULL,NULL,NULL,NULL,NULL,NULL,NULL,NULL,'0001-01-01 00:00:00',NULL,1,'2017-09-04 14:40:50',1),(96,3,NULL,'broker_Thelen','Cris',NULL,NULL,NULL,NULL,NULL,NULL,NULL,NULL,NULL,NULL,NULL,NULL,'0001-01-01 00:00:00',NULL,1,'2017-09-04 14:40:50',1),(97,3,NULL,'broker_Vanwyhe','Carlie',NULL,NULL,NULL,NULL,NULL,NULL,NULL,NULL,NULL,NULL,NULL,NULL,'0001-01-01 00:00:00',NULL,1,'2017-09-04 15:16:06',1),(98,3,NULL,'broker_Massoni','Nydia',NULL,NULL,NULL,NULL,NULL,NULL,NULL,NULL,NULL,NULL,NULL,NULL,'0001-01-01 00:00:00',NULL,1,'2017-09-04 15:16:06',1),(99,3,NULL,'broker_Kibbe','Val',NULL,NULL,NULL,NULL,NULL,NULL,NULL,NULL,NULL,NULL,NULL,NULL,'0001-01-01 00:00:00',NULL,1,'2017-09-04 15:16:06',1),(100,3,NULL,'broker_Gagon','Deb',NULL,NULL,NULL,NULL,NULL,NULL,NULL,NULL,NULL,NULL,NULL,NULL,'0001-01-01 00:00:00',NULL,1,'2017-09-04 15:16:06',1),(101,3,NULL,'broker_Pante','Sang',NULL,NULL,NULL,NULL,NULL,NULL,NULL,NULL,NULL,NULL,NULL,NULL,'0001-01-01 00:00:00',NULL,1,'2017-09-04 15:16:06',1),(102,3,NULL,'broker_Beucke','Dee',NULL,NULL,NULL,NULL,NULL,NULL,NULL,NULL,NULL,NULL,NULL,NULL,'0001-01-01 00:00:00',NULL,1,'2017-09-04 15:16:06',1),(103,3,NULL,'broker_Wyze','Priscila',NULL,NULL,NULL,NULL,NULL,NULL,NULL,NULL,NULL,NULL,NULL,NULL,'0001-01-01 00:00:00',NULL,1,'2017-09-04 15:16:06',1),(104,3,NULL,'broker_Rulon','Jesusita',NULL,NULL,NULL,NULL,NULL,NULL,NULL,NULL,NULL,NULL,NULL,NULL,'0001-01-01 00:00:00',NULL,1,'2017-09-04 15:16:06',1),(105,3,NULL,'broker_Beecken','Rory',NULL,NULL,NULL,NULL,NULL,NULL,NULL,NULL,NULL,NULL,NULL,NULL,'0001-01-01 00:00:00',NULL,1,'2017-09-04 15:16:06',1),(106,3,NULL,'broker_Blauser','Cherrie',NULL,NULL,NULL,NULL,NULL,NULL,NULL,NULL,NULL,NULL,NULL,NULL,'0001-01-01 00:00:00',NULL,1,'2017-09-04 15:16:06',1),(107,3,NULL,'broker_Giardino','Dewey',NULL,NULL,NULL,NULL,NULL,NULL,NULL,NULL,NULL,NULL,NULL,NULL,'0001-01-01 00:00:00',NULL,1,'2017-09-04 15:56:26',1),(108,3,NULL,'broker_Fanelle','Carmelita',NULL,NULL,NULL,NULL,NULL,NULL,NULL,NULL,NULL,NULL,NULL,NULL,'0001-01-01 00:00:00',NULL,1,'2017-09-04 15:56:26',1),(109,3,NULL,'broker_Kimberl','Hiram',NULL,NULL,NULL,NULL,NULL,NULL,NULL,NULL,NULL,NULL,NULL,NULL,'0001-01-01 00:00:00',NULL,1,'2017-09-04 15:56:26',1),(110,3,NULL,'broker_Rodino','Oren',NULL,NULL,NULL,NULL,NULL,NULL,NULL,NULL,NULL,NULL,NULL,NULL,'0001-01-01 00:00:00',NULL,1,'2017-09-04 15:56:26',1),(111,3,NULL,'broker_Guimaraes','Ginger',NULL,NULL,NULL,NULL,NULL,NULL,NULL,NULL,NULL,NULL,NULL,NULL,'0001-01-01 00:00:00',NULL,1,'2017-09-04 15:56:26',1),(112,3,NULL,'broker_Fonteneau','Bernard',NULL,NULL,NULL,NULL,NULL,NULL,NULL,NULL,NULL,NULL,NULL,NULL,'0001-01-01 00:00:00',NULL,1,'2017-09-04 15:56:26',1),(113,3,NULL,'broker_Gilgore','Reyes',NULL,NULL,NULL,NULL,NULL,NULL,NULL,NULL,NULL,NULL,NULL,NULL,'0001-01-01 00:00:00',NULL,1,'2017-09-04 15:56:26',1),(114,3,NULL,'broker_Crays','Enriqueta',NULL,NULL,NULL,NULL,NULL,NULL,NULL,NULL,NULL,NULL,NULL,NULL,'0001-01-01 00:00:00',NULL,1,'2017-09-04 15:56:26',1),(115,3,NULL,'broker_Wilison','Rhoda',NULL,NULL,NULL,NULL,NULL,NULL,NULL,NULL,NULL,NULL,NULL,NULL,'0001-01-01 00:00:00',NULL,1,'2017-09-04 15:56:26',1),(116,3,NULL,'broker_Bun','Alexia',NULL,NULL,NULL,NULL,NULL,NULL,NULL,NULL,NULL,NULL,NULL,NULL,'0001-01-01 00:00:00',NULL,1,'2017-09-04 15:56:26',1),(117,3,NULL,'broker_Sembrat','Vivienne',NULL,NULL,NULL,NULL,NULL,NULL,NULL,NULL,NULL,NULL,NULL,NULL,'0001-01-01 00:00:00',NULL,1,'2017-09-04 16:42:07',1),(118,3,NULL,'broker_Vadlamudi','Brant',NULL,NULL,NULL,NULL,NULL,NULL,NULL,NULL,NULL,NULL,NULL,NULL,'0001-01-01 00:00:00',NULL,1,'2017-09-04 16:42:07',1),(119,3,NULL,'broker_Stumbo','Evan',NULL,NULL,NULL,NULL,NULL,NULL,NULL,NULL,NULL,NULL,NULL,NULL,'0001-01-01 00:00:00',NULL,1,'2017-09-04 16:42:07',1),(120,3,NULL,'broker_Way','Taylor',NULL,NULL,NULL,NULL,NULL,NULL,NULL,NULL,NULL,NULL,NULL,NULL,'0001-01-01 00:00:00',NULL,1,'2017-09-04 16:42:07',1),(121,3,NULL,'broker_Deniro','Faustina',NULL,NULL,NULL,NULL,NULL,NULL,NULL,NULL,NULL,NULL,NULL,NULL,'0001-01-01 00:00:00',NULL,1,'2017-09-04 16:42:07',1),(122,3,NULL,'broker_Buteux','Grover',NULL,NULL,NULL,NULL,NULL,NULL,NULL,NULL,NULL,NULL,NULL,NULL,'0001-01-01 00:00:00',NULL,1,'2017-09-04 16:42:07',1),(123,3,NULL,'broker_Leitze','Rod',NULL,NULL,NULL,NULL,NULL,NULL,NULL,NULL,NULL,NULL,NULL,NULL,'0001-01-01 00:00:00',NULL,1,'2017-09-04 16:42:07',1),(124,3,NULL,'broker_Bending','Jonna',NULL,NULL,NULL,NULL,NULL,NULL,NULL,NULL,NULL,NULL,NULL,NULL,'0001-01-01 00:00:00',NULL,1,'2017-09-04 16:42:07',1),(125,3,NULL,'broker_Hartzler','Sheryll',NULL,NULL,NULL,NULL,NULL,NULL,NULL,NULL,NULL,NULL,NULL,NULL,'0001-01-01 00:00:00',NULL,1,'2017-09-04 16:42:07',1),(126,3,NULL,'broker_Landes','Reid',NULL,NULL,NULL,NULL,NULL,NULL,NULL,NULL,NULL,NULL,NULL,NULL,'0001-01-01 00:00:00',NULL,1,'2017-09-04 16:42:07',1),(127,3,NULL,'broker_Adamson','Season',NULL,NULL,NULL,NULL,NULL,NULL,NULL,NULL,NULL,NULL,NULL,NULL,'0001-01-01 00:00:00',NULL,1,'2017-09-04 17:32:42',1),(128,3,NULL,'broker_Kammes','Jordan',NULL,NULL,NULL,NULL,NULL,NULL,NULL,NULL,NULL,NULL,NULL,NULL,'0001-01-01 00:00:00',NULL,1,'2017-09-04 17:32:42',1),(129,3,NULL,'broker_Rohl','Monika',NULL,NULL,NULL,NULL,NULL,NULL,NULL,NULL,NULL,NULL,NULL,NULL,'0001-01-01 00:00:00',NULL,1,'2017-09-04 17:32:42',1),(130,3,NULL,'broker_Shuga','Joselyn',NULL,NULL,NULL,NULL,NULL,NULL,NULL,NULL,NULL,NULL,NULL,NULL,'0001-01-01 00:00:00',NULL,1,'2017-09-04 17:32:42',1),(131,3,NULL,'broker_Colombe','Delmar',NULL,NULL,NULL,NULL,NULL,NULL,NULL,NULL,NULL,NULL,NULL,NULL,'0001-01-01 00:00:00',NULL,1,'2017-09-04 17:32:42',1),(132,3,NULL,'broker_Somerfield','Shasta',NULL,NULL,NULL,NULL,NULL,NULL,NULL,NULL,NULL,NULL,NULL,NULL,'0001-01-01 00:00:00',NULL,1,'2017-09-04 17:32:42',1),(133,3,NULL,'broker_Rosamond','Ty',NULL,NULL,NULL,NULL,NULL,NULL,NULL,NULL,NULL,NULL,NULL,NULL,'0001-01-01 00:00:00',NULL,1,'2017-09-04 17:32:42',1),(134,3,NULL,'broker_Quirion','Chauncey',NULL,NULL,NULL,NULL,NULL,NULL,NULL,NULL,NULL,NULL,NULL,NULL,'0001-01-01 00:00:00',NULL,1,'2017-09-04 17:32:42',1),(135,3,NULL,'broker_Rosbough','Tommie',NULL,NULL,NULL,NULL,NULL,NULL,NULL,NULL,NULL,NULL,NULL,NULL,'0001-01-01 00:00:00',NULL,1,'2017-09-04 17:32:42',1),(136,3,NULL,'broker_Romer','Kip',NULL,NULL,NULL,NULL,NULL,NULL,NULL,NULL,NULL,NULL,NULL,NULL,'0001-01-01 00:00:00',NULL,1,'2017-09-04 17:32:42',1),(137,3,NULL,'broker_Dyers','Jacquline',NULL,NULL,NULL,NULL,NULL,NULL,NULL,NULL,NULL,NULL,NULL,NULL,'0001-01-01 00:00:00',NULL,1,'2017-09-04 18:29:20',1),(138,3,NULL,'broker_Bettman','Fern',NULL,NULL,NULL,NULL,NULL,NULL,NULL,NULL,NULL,NULL,NULL,NULL,'0001-01-01 00:00:00',NULL,1,'2017-09-04 18:29:20',1),(139,3,NULL,'broker_Hetz','Tommy',NULL,NULL,NULL,NULL,NULL,NULL,NULL,NULL,NULL,NULL,NULL,NULL,'0001-01-01 00:00:00',NULL,1,'2017-09-04 18:29:20',1),(140,3,NULL,'broker_Rhoads','Clarence',NULL,NULL,NULL,NULL,NULL,NULL,NULL,NULL,NULL,NULL,NULL,NULL,'0001-01-01 00:00:00',NULL,1,'2017-09-04 18:29:20',1),(141,3,NULL,'broker_Poyer','Jamika',NULL,NULL,NULL,NULL,NULL,NULL,NULL,NULL,NULL,NULL,NULL,NULL,'0001-01-01 00:00:00',NULL,1,'2017-09-04 18:29:20',1),(142,3,NULL,'broker_Thicke','Andy',NULL,NULL,NULL,NULL,NULL,NULL,NULL,NULL,NULL,NULL,NULL,NULL,'0001-01-01 00:00:00',NULL,1,'2017-09-04 18:29:20',1),(143,3,NULL,'broker_Falldorf','Tamar',NULL,NULL,NULL,NULL,NULL,NULL,NULL,NULL,NULL,NULL,NULL,NULL,'0001-01-01 00:00:00',NULL,1,'2017-09-04 18:29:20',1),(144,3,NULL,'broker_Chareunsri','Noah',NULL,NULL,NULL,NULL,NULL,NULL,NULL,NULL,NULL,NULL,NULL,NULL,'0001-01-01 00:00:00',NULL,1,'2017-09-04 18:29:20',1),(145,3,NULL,'broker_Kwon','Penny',NULL,NULL,NULL,NULL,NULL,NULL,NULL,NULL,NULL,NULL,NULL,NULL,'0001-01-01 00:00:00',NULL,1,'2017-09-04 18:29:20',1),(146,3,NULL,'broker_Szysh','Judy',NULL,NULL,NULL,NULL,NULL,NULL,NULL,NULL,NULL,NULL,NULL,NULL,'0001-01-01 00:00:00',NULL,1,'2017-09-04 18:29:20',1),(147,3,NULL,'broker_Halik','Cherie',NULL,NULL,NULL,NULL,NULL,NULL,NULL,NULL,NULL,NULL,NULL,NULL,'0001-01-01 00:00:00',NULL,1,'2017-09-04 19:31:09',1),(148,3,NULL,'broker_Pfeiffenberge','Sterling',NULL,NULL,NULL,NULL,NULL,NULL,NULL,NULL,NULL,NULL,NULL,NULL,'0001-01-01 00:00:00',NULL,1,'2017-09-04 19:31:09',1),(149,3,NULL,'broker_Sandate','Minh',NULL,NULL,NULL,NULL,NULL,NULL,NULL,NULL,NULL,NULL,NULL,NULL,'0001-01-01 00:00:00',NULL,1,'2017-09-04 19:31:09',1),(150,3,NULL,'broker_Wallau','Ed',NULL,NULL,NULL,NULL,NULL,NULL,NULL,NULL,NULL,NULL,NULL,NULL,'0001-01-01 00:00:00',NULL,1,'2017-09-04 19:31:09',1),(151,3,NULL,'broker_Arview','Aleisha',NULL,NULL,NULL,NULL,NULL,NULL,NULL,NULL,NULL,NULL,NULL,NULL,'0001-01-01 00:00:00',NULL,1,'2017-09-04 19:31:09',1),(152,3,NULL,'broker_Tillie','Danette',NULL,NULL,NULL,NULL,NULL,NULL,NULL,NULL,NULL,NULL,NULL,NULL,'0001-01-01 00:00:00',NULL,1,'2017-09-04 19:31:09',1),(153,3,NULL,'broker_Tudela','Norine',NULL,NULL,NULL,NULL,NULL,NULL,NULL,NULL,NULL,NULL,NULL,NULL,'0001-01-01 00:00:00',NULL,1,'2017-09-04 19:31:09',1),(154,3,NULL,'broker_Madock','Krysten',NULL,NULL,NULL,NULL,NULL,NULL,NULL,NULL,NULL,NULL,NULL,NULL,'0001-01-01 00:00:00',NULL,1,'2017-09-04 19:31:09',1),(155,3,NULL,'broker_Scaffe','Carole',NULL,NULL,NULL,NULL,NULL,NULL,NULL,NULL,NULL,NULL,NULL,NULL,'0001-01-01 00:00:00',NULL,1,'2017-09-04 19:31:09',1),(156,3,NULL,'broker_Pastian','Kesha',NULL,NULL,NULL,NULL,NULL,NULL,NULL,NULL,NULL,NULL,NULL,NULL,'0001-01-01 00:00:00',NULL,1,'2017-09-04 19:31:09',1),(157,3,NULL,'broker_Vastakis','Ezequiel',NULL,NULL,NULL,NULL,NULL,NULL,NULL,NULL,NULL,NULL,NULL,NULL,'0001-01-01 00:00:00',NULL,1,'2017-09-04 20:38:20',1),(158,3,NULL,'broker_Obstfeld','Martha',NULL,NULL,NULL,NULL,NULL,NULL,NULL,NULL,NULL,NULL,NULL,NULL,'0001-01-01 00:00:00',NULL,1,'2017-09-04 20:38:20',1),(159,3,NULL,'broker_Loiselle','Clementine',NULL,NULL,NULL,NULL,NULL,NULL,NULL,NULL,NULL,NULL,NULL,NULL,'0001-01-01 00:00:00',NULL,1,'2017-09-04 20:38:20',1),(160,3,NULL,'broker_Troutman','Margene',NULL,NULL,NULL,NULL,NULL,NULL,NULL,NULL,NULL,NULL,NULL,NULL,'0001-01-01 00:00:00',NULL,1,'2017-09-04 20:38:20',1),(161,3,NULL,'broker_Weader','Angela',NULL,NULL,NULL,NULL,NULL,NULL,NULL,NULL,NULL,NULL,NULL,NULL,'0001-01-01 00:00:00',NULL,1,'2017-09-04 20:38:20',1),(162,3,NULL,'broker_Buegler','Felton',NULL,NULL,NULL,NULL,NULL,NULL,NULL,NULL,NULL,NULL,NULL,NULL,'0001-01-01 00:00:00',NULL,1,'2017-09-04 20:38:20',1),(163,3,NULL,'broker_Storto','Ernie',NULL,NULL,NULL,NULL,NULL,NULL,NULL,NULL,NULL,NULL,NULL,NULL,'0001-01-01 00:00:00',NULL,1,'2017-09-04 20:38:20',1),(164,3,NULL,'broker_Guerreiro','Dani',NULL,NULL,NULL,NULL,NULL,NULL,NULL,NULL,NULL,NULL,NULL,NULL,'0001-01-01 00:00:00',NULL,1,'2017-09-04 20:38:20',1),(165,3,NULL,'broker_Pfleider','Albertine',NULL,NULL,NULL,NULL,NULL,NULL,NULL,NULL,NULL,NULL,NULL,NULL,'0001-01-01 00:00:00',NULL,1,'2017-09-04 20:38:20',1),(166,3,NULL,'broker_Vesperman','Lane',NULL,NULL,NULL,NULL,NULL,NULL,NULL,NULL,NULL,NULL,NULL,NULL,'0001-01-01 00:00:00',NULL,1,'2017-09-04 20:38:20',1),(167,3,NULL,'broker_Soltero','Jessie',NULL,NULL,NULL,NULL,NULL,NULL,NULL,NULL,NULL,NULL,NULL,NULL,'0001-01-01 00:00:00',NULL,1,'2017-09-04 21:50:33',1),(168,3,NULL,'broker_Holy','Evonne',NULL,NULL,NULL,NULL,NULL,NULL,NULL,NULL,NULL,NULL,NULL,NULL,'0001-01-01 00:00:00',NULL,1,'2017-09-04 21:50:33',1),(169,3,NULL,'broker_Nolazco','Vinita',NULL,NULL,NULL,NULL,NULL,NULL,NULL,NULL,NULL,NULL,NULL,NULL,'0001-01-01 00:00:00',NULL,1,'2017-09-04 21:50:33',1),(170,3,NULL,'broker_Schlussel','Faustino',NULL,NULL,NULL,NULL,NULL,NULL,NULL,NULL,NULL,NULL,NULL,NULL,'0001-01-01 00:00:00',NULL,1,'2017-09-04 21:50:33',1),(171,3,NULL,'broker_Ferriman','Toney',NULL,NULL,NULL,NULL,NULL,NULL,NULL,NULL,NULL,NULL,NULL,NULL,'0001-01-01 00:00:00',NULL,1,'2017-09-04 21:50:33',1),(172,3,NULL,'broker_Ten','Jenna',NULL,NULL,NULL,NULL,NULL,NULL,NULL,NULL,NULL,NULL,NULL,NULL,'0001-01-01 00:00:00',NULL,1,'2017-09-04 21:50:33',1),(173,3,NULL,'broker_Gajica','Stepanie',NULL,NULL,NULL,NULL,NULL,NULL,NULL,NULL,NULL,NULL,NULL,NULL,'0001-01-01 00:00:00',NULL,1,'2017-09-04 21:50:33',1),(174,3,NULL,'broker_Beyda','Tanner',NULL,NULL,NULL,NULL,NULL,NULL,NULL,NULL,NULL,NULL,NULL,NULL,'0001-01-01 00:00:00',NULL,1,'2017-09-04 21:50:33',1),(175,3,NULL,'broker_Fergen','Karlyn',NULL,NULL,NULL,NULL,NULL,NULL,NULL,NULL,NULL,NULL,NULL,NULL,'0001-01-01 00:00:00',NULL,1,'2017-09-04 21:50:33',1),(176,3,NULL,'broker_Glazier','Rubin',NULL,NULL,NULL,NULL,NULL,NULL,NULL,NULL,NULL,NULL,NULL,NULL,'0001-01-01 00:00:00',NULL,1,'2017-09-04 21:50:33',1),(177,3,NULL,'broker_Newquist','Solomon',NULL,NULL,NULL,NULL,NULL,NULL,NULL,NULL,NULL,NULL,NULL,NULL,'0001-01-01 00:00:00',NULL,1,'2017-09-04 23:07:55',1),(178,3,NULL,'broker_Wieseler','Collin',NULL,NULL,NULL,NULL,NULL,NULL,NULL,NULL,NULL,NULL,NULL,NULL,'0001-01-01 00:00:00',NULL,1,'2017-09-04 23:07:55',1),(179,3,NULL,'broker_Loeper','Richie',NULL,NULL,NULL,NULL,NULL,NULL,NULL,NULL,NULL,NULL,NULL,NULL,'0001-01-01 00:00:00',NULL,1,'2017-09-04 23:07:55',1),(180,3,NULL,'broker_Basile','Eleni',NULL,NULL,NULL,NULL,NULL,NULL,NULL,NULL,NULL,NULL,NULL,NULL,'0001-01-01 00:00:00',NULL,1,'2017-09-04 23:07:55',1),(181,3,NULL,'broker_Derito','Jonathon',NULL,NULL,NULL,NULL,NULL,NULL,NULL,NULL,NULL,NULL,NULL,NULL,'0001-01-01 00:00:00',NULL,1,'2017-09-04 23:07:55',1),(182,3,NULL,'broker_Hardee','Carry',NULL,NULL,NULL,NULL,NULL,NULL,NULL,NULL,NULL,NULL,NULL,NULL,'0001-01-01 00:00:00',NULL,1,'2017-09-04 23:07:55',1),(183,3,NULL,'broker_Calger','Man',NULL,NULL,NULL,NULL,NULL,NULL,NULL,NULL,NULL,NULL,NULL,NULL,'0001-01-01 00:00:00',NULL,1,'2017-09-04 23:07:55',1),(184,3,NULL,'broker_Loa','Deeann',NULL,NULL,NULL,NULL,NULL,NULL,NULL,NULL,NULL,NULL,NULL,NULL,'0001-01-01 00:00:00',NULL,1,'2017-09-04 23:07:55',1),(185,3,NULL,'broker_Toulson','Sidney',NULL,NULL,NULL,NULL,NULL,NULL,NULL,NULL,NULL,NULL,NULL,NULL,'0001-01-01 00:00:00',NULL,1,'2017-09-04 23:07:55',1),(186,3,NULL,'broker_Strahin','Ruthe',NULL,NULL,NULL,NULL,NULL,NULL,NULL,NULL,NULL,NULL,NULL,NULL,'0001-01-01 00:00:00',NULL,1,'2017-09-04 23:07:55',1),(187,3,NULL,'broker_Tongren','Branden',NULL,NULL,NULL,NULL,NULL,NULL,NULL,NULL,NULL,NULL,NULL,NULL,'0001-01-01 00:00:00',NULL,1,'2017-09-05 00:30:34',1),(188,3,NULL,'broker_Latu','Gregory',NULL,NULL,NULL,NULL,NULL,NULL,NULL,NULL,NULL,NULL,NULL,NULL,'0001-01-01 00:00:00',NULL,1,'2017-09-05 00:30:34',1),(189,3,NULL,'broker_Daros','Lee',NULL,NULL,NULL,NULL,NULL,NULL,NULL,NULL,NULL,NULL,NULL,NULL,'0001-01-01 00:00:00',NULL,1,'2017-09-05 00:30:34',1),(190,3,NULL,'broker_Mcdonell','Myung',NULL,NULL,NULL,NULL,NULL,NULL,NULL,NULL,NULL,NULL,NULL,NULL,'0001-01-01 00:00:00',NULL,1,'2017-09-05 00:30:34',1),(191,3,NULL,'broker_Loggains','Fredric',NULL,NULL,NULL,NULL,NULL,NULL,NULL,NULL,NULL,NULL,NULL,NULL,'0001-01-01 00:00:00',NULL,1,'2017-09-05 00:30:34',1),(192,3,NULL,'broker_Bines','Troy',NULL,NULL,NULL,NULL,NULL,NULL,NULL,NULL,NULL,NULL,NULL,NULL,'0001-01-01 00:00:00',NULL,1,'2017-09-05 00:30:34',1),(193,3,NULL,'broker_Fillerup','Austin',NULL,NULL,NULL,NULL,NULL,NULL,NULL,NULL,NULL,NULL,NULL,NULL,'0001-01-01 00:00:00',NULL,1,'2017-09-05 00:30:34',1),(194,3,NULL,'broker_Boid','Wilbert',NULL,NULL,NULL,NULL,NULL,NULL,NULL,NULL,NULL,NULL,NULL,NULL,'0001-01-01 00:00:00',NULL,1,'2017-09-05 00:30:34',1),(195,3,NULL,'broker_Lousteau','Jenna',NULL,NULL,NULL,NULL,NULL,NULL,NULL,NULL,NULL,NULL,NULL,NULL,'0001-01-01 00:00:00',NULL,1,'2017-09-05 00:30:34',1),(196,3,NULL,'broker_Mccree','Towanda',NULL,NULL,NULL,NULL,NULL,NULL,NULL,NULL,NULL,NULL,NULL,NULL,'0001-01-01 00:00:00',NULL,1,'2017-09-05 00:30:34',1),(197,3,NULL,'broker_Runge','Alfred',NULL,NULL,NULL,NULL,NULL,NULL,NULL,NULL,NULL,NULL,NULL,NULL,'0001-01-01 00:00:00',NULL,1,'2017-09-05 01:58:43',1),(198,3,NULL,'broker_Dedic','Yen',NULL,NULL,NULL,NULL,NULL,NULL,NULL,NULL,NULL,NULL,NULL,NULL,'0001-01-01 00:00:00',NULL,1,'2017-09-05 01:58:43',1),(199,3,NULL,'broker_Inkavesvanitc','Erik',NULL,NULL,NULL,NULL,NULL,NULL,NULL,NULL,NULL,NULL,NULL,NULL,'0001-01-01 00:00:00',NULL,1,'2017-09-05 01:58:43',1),(200,3,NULL,'broker_Todisco','Darcey',NULL,NULL,NULL,NULL,NULL,NULL,NULL,NULL,NULL,NULL,NULL,NULL,'0001-01-01 00:00:00',NULL,1,'2017-09-05 01:58:43',1),(201,3,NULL,'broker_Shilleh','Man',NULL,NULL,NULL,NULL,NULL,NULL,NULL,NULL,NULL,NULL,NULL,NULL,'0001-01-01 00:00:00',NULL,1,'2017-09-05 01:58:43',1),(202,3,NULL,'broker_Agre','Terence',NULL,NULL,NULL,NULL,NULL,NULL,NULL,NULL,NULL,NULL,NULL,NULL,'0001-01-01 00:00:00',NULL,1,'2017-09-05 01:58:43',1),(203,3,NULL,'broker_Stuck','Winfred',NULL,NULL,NULL,NULL,NULL,NULL,NULL,NULL,NULL,NULL,NULL,NULL,'0001-01-01 00:00:00',NULL,1,'2017-09-05 01:58:43',1),(204,3,NULL,'broker_Leagjeld','Jefferson',NULL,NULL,NULL,NULL,NULL,NULL,NULL,NULL,NULL,NULL,NULL,NULL,'0001-01-01 00:00:00',NULL,1,'2017-09-05 01:58:43',1),(205,3,NULL,'broker_Heibel','Elina',NULL,NULL,NULL,NULL,NULL,NULL,NULL,NULL,NULL,NULL,NULL,NULL,'0001-01-01 00:00:00',NULL,1,'2017-09-05 01:58:43',1),(206,3,NULL,'broker_Daulerio','Devin',NULL,NULL,NULL,NULL,NULL,NULL,NULL,NULL,NULL,NULL,NULL,NULL,'0001-01-01 00:00:00',NULL,1,'2017-09-05 01:58:43',1),(207,3,NULL,'broker_Gust','Hong',NULL,NULL,NULL,NULL,NULL,NULL,NULL,NULL,NULL,NULL,NULL,NULL,'0001-01-01 00:00:00',NULL,1,'2017-09-05 03:31:55',1),(208,3,NULL,'broker_Mobilia','Benedict',NULL,NULL,NULL,NULL,NULL,NULL,NULL,NULL,NULL,NULL,NULL,NULL,'0001-01-01 00:00:00',NULL,1,'2017-09-05 03:31:55',1),(209,3,NULL,'broker_Baras','Hector',NULL,NULL,NULL,NULL,NULL,NULL,NULL,NULL,NULL,NULL,NULL,NULL,'0001-01-01 00:00:00',NULL,1,'2017-09-05 03:31:55',1),(210,3,NULL,'broker_Eddinger','Penelope',NULL,NULL,NULL,NULL,NULL,NULL,NULL,NULL,NULL,NULL,NULL,NULL,'0001-01-01 00:00:00',NULL,1,'2017-09-05 03:31:55',1),(211,3,NULL,'broker_Spicknall','Tommie',NULL,NULL,NULL,NULL,NULL,NULL,NULL,NULL,NULL,NULL,NULL,NULL,'0001-01-01 00:00:00',NULL,1,'2017-09-05 03:31:55',1),(212,3,NULL,'broker_Boatman','Earlie',NULL,NULL,NULL,NULL,NULL,NULL,NULL,NULL,NULL,NULL,NULL,NULL,'0001-01-01 00:00:00',NULL,1,'2017-09-05 03:31:55',1),(213,3,NULL,'broker_Klemenc','Dessie',NULL,NULL,NULL,NULL,NULL,NULL,NULL,NULL,NULL,NULL,NULL,NULL,'0001-01-01 00:00:00',NULL,1,'2017-09-05 03:31:55',1),(214,3,NULL,'broker_Zerby','Elvin',NULL,NULL,NULL,NULL,NULL,NULL,NULL,NULL,NULL,NULL,NULL,NULL,'0001-01-01 00:00:00',NULL,1,'2017-09-05 03:31:55',1),(215,3,NULL,'broker_Matacale','Annabelle',NULL,NULL,NULL,NULL,NULL,NULL,NULL,NULL,NULL,NULL,NULL,NULL,'0001-01-01 00:00:00',NULL,1,'2017-09-05 03:31:55',1),(216,3,NULL,'broker_Bayardo','Alice',NULL,NULL,NULL,NULL,NULL,NULL,NULL,NULL,NULL,NULL,NULL,NULL,'0001-01-01 00:00:00',NULL,1,'2017-09-05 03:31:55',1);
/*!40000 ALTER TABLE `client` ENABLE KEYS */;
UNLOCK TABLES;

--
-- Table structure for table `client_app`
--

DROP TABLE IF EXISTS `client_app`;
/*!40101 SET @saved_cs_client     = @@character_set_client */;
/*!40101 SET character_set_client = utf8 */;
CREATE TABLE `client_app` (
  `Id` varchar(255) NOT NULL,
  `Secret` varchar(255) NOT NULL,
  `Name` varchar(255) NOT NULL,
  `ApplicationType` int(11) NOT NULL,
  `Active` tinyint(1) NOT NULL,
  `RefreshTokenLifetime` int(11) NOT NULL,
  `AllowedOrigin` varchar(45) NOT NULL,
  PRIMARY KEY (`Id`)
) ENGINE=InnoDB DEFAULT CHARSET=utf8;
/*!40101 SET character_set_client = @saved_cs_client */;

--
-- Dumping data for table `client_app`
--

LOCK TABLES `client_app` WRITE;
/*!40000 ALTER TABLE `client_app` DISABLE KEYS */;
INSERT INTO `client_app` VALUES ('dpAuthApp','6hsyNv9oJ7xBtBeZwCU4ISmqqsX1KqxTuROaafzucEw=','Dispatch Pal Application',0,1,7200,'*');
/*!40000 ALTER TABLE `client_app` ENABLE KEYS */;
UNLOCK TABLES;

--
-- Table structure for table `client_type`
--

DROP TABLE IF EXISTS `client_type`;
/*!40101 SET @saved_cs_client     = @@character_set_client */;
/*!40101 SET character_set_client = utf8 */;
CREATE TABLE `client_type` (
  `Id` int(11) NOT NULL AUTO_INCREMENT,
  `Name` varchar(145) DEFAULT NULL,
  PRIMARY KEY (`Id`)
) ENGINE=InnoDB AUTO_INCREMENT=24 DEFAULT CHARSET=utf8;
/*!40101 SET character_set_client = @saved_cs_client */;

--
-- Dumping data for table `client_type`
--

LOCK TABLES `client_type` WRITE;
/*!40000 ALTER TABLE `client_type` DISABLE KEYS */;
INSERT INTO `client_type` VALUES (1,'Accountant'),(2,'Bank'),(3,'Broker'),(4,'Client'),(5,'DMV'),(6,'Drug Test Laboratory'),(7,'Factoring'),(8,'Faxing'),(9,'Federal Tax'),(10,'Government'),(11,'Insurance Agency'),(12,'Lawyer'),(13,'Lessor'),(14,'Mechanic'),(15,'Miscellaneous'),(16,'Owner'),(17,'Owner-Operator'),(18,'Parking'),(19,'Parts/Supplies Company'),(20,'State Tax'),(21,'Tire Company'),(22,'Towing Company'),(23,'Truck Wash');
/*!40000 ALTER TABLE `client_type` ENABLE KEYS */;
UNLOCK TABLES;

--
-- Table structure for table `company`
--

DROP TABLE IF EXISTS `company`;
/*!40101 SET @saved_cs_client     = @@character_set_client */;
/*!40101 SET character_set_client = utf8 */;
CREATE TABLE `company` (
  `Id` int(11) NOT NULL AUTO_INCREMENT,
  `UserId` int(11) NOT NULL,
  `Name` varchar(255) DEFAULT NULL,
  `Address` varchar(255) DEFAULT NULL,
  `Address1` varchar(255) DEFAULT NULL,
  `City` varchar(255) DEFAULT NULL,
  `StateId` int(11) DEFAULT NULL,
  `ZipCode` varchar(10) DEFAULT NULL,
  `Country` varchar(45) DEFAULT NULL,
  `PhoneNumber` varchar(45) DEFAULT NULL,
  `AlternatePhoneNumber` varchar(45) DEFAULT NULL,
  `Fax` varchar(45) DEFAULT NULL,
  `Email` varchar(255) DEFAULT NULL,
  `Contact` varchar(255) DEFAULT NULL,
  `Notes` text,
  `MotorCarrierNumber` varchar(45) DEFAULT NULL,
  `Picture` longblob,
  `NextInvoiceNumber` int(11) NOT NULL DEFAULT '1',
  `BusinessNumber` varchar(45) DEFAULT NULL,
  `EIN` varchar(255) DEFAULT NULL,
  `Domain` varchar(45) DEFAULT NULL,
  `Logo` varchar(255) DEFAULT NULL,
  `ModifiedBy` int(11) NOT NULL,
  `ModifiedDate` datetime NOT NULL,
  `IsActive` tinyint(1) NOT NULL,
  PRIMARY KEY (`Id`),
  KEY `FK_company_w_state_idx` (`StateId`),
  CONSTRAINT `FK_company_w_state` FOREIGN KEY (`StateId`) REFERENCES `w_state` (`Id`) ON DELETE NO ACTION ON UPDATE NO ACTION
) ENGINE=InnoDB AUTO_INCREMENT=23 DEFAULT CHARSET=utf8;
/*!40101 SET character_set_client = @saved_cs_client */;

--
-- Dumping data for table `company`
--

LOCK TABLES `company` WRITE;
/*!40000 ALTER TABLE `company` DISABLE KEYS */;
INSERT INTO `company` VALUES (1,0,'Esssoho12',' bulevar11','nis','Nis',1,'18000',NULL,'0638125369',NULL,'1 ','boban@yopmail.com',NULL,'test','324','�PNG\r\n\Z\n\0\0\0\rIHDR\0\0\0�\0\0\0�\0\0\0T��\�\0\0\0sRGB\0�\�\�\0\0\0gAMA\0\0���a\0\0\0	pHYs\0\0\�\0\0\�\�o�d\0\0�<IDATx^Ľ\�O\���\�?\�W^y\�^���cb�1\��1F�\�hԨ��d�gh\�fnƆf��AA�\�*�\�\�\�\�>\������j5��\�\�|?�\�\�UU]]t�z\��y��U\�K2\�!\�t$!ˑ�\�83\�\�\�v 7\�gV�z=>&�\�\r�\�倳�x\Z~�\'p��?w�\�O\�\�\�c�p�(�O!$�Q��\Z�G\n�\�()p��8\�TIa�R1���(\�KU\�\nsSPT�W�%\�J��L�;P�+W�ԥ\�\�9]^�\�}�ܕ����uQIQ?���\�iY���\�)3-myI\�K��(խ���P\�]^���*\\��,a[\�\���5U.J\�2Η�\�S�:Oj�u[_Si�n4\�j5։*T�%�^_S\�m���mCm�Z\�\�P��z�����Q����*PW\��k�\�]�TS\�\�%�\�\�BmU!j\��.\�Eei���\�	wٜ�\�K��z\�R�%_��5OI�]\�z��wZ����\�z\�\��\��@�Ie�\'+0s	f�3yY�$�;Mv���ș����h$Ņ!*���\�\��%�_<�@�S�\�s~g�\��\�#�=y\�\�ƥ�NPS\�C��x��`\�)\�*(\�|�4���\�E8]�9J��<@=�\���\�%Z�\�g\�عŜ.ⴆI\0\�ix�d�n�\Zى�\�H�E�4P��C(�<0/(\r\�hi�A[sښj�\�[\�\�|�\�k����M�yj�\�,ko�m\��}��\r�\�\�f���Z�\��\�h\�\�5�@@5��\�;̓\�SJ�)R�zЊ\\��\�6O�_%�� P\";�\ZLk}�VE\�D\n>��\�:5\\W$`\n�f=���L唄Q�\�2�.)PfxU��Mg(�pe+w�(\�U\0\n2���Gjb�v��\�\�\�C�%��	\�	:\�q�\'�ϟ@]7).XA(_��\�P\�R��2\��\�+�\�+xĩiq+:��@U�s=J���\�T�q�RB�\�DOW! �\�\�wAi&H-�ܹ��VKC�z]�V\'\�y\�zs\�\�d�\�H��n���\�rY����4( E�m�J�\r^uZ�^G\�E�\�\n�f\�|\��\�\�����.��\�-ɴT\�R�\�T)�]h$�\rUE�s����}�GG-@ME><\�g��<K�\�e\n<\�\"�N�\�\�lp\�A�\�bt\\b�\��tʼ�t\�YP\�e*(���\�fPB*&-���LB\\�r(Wa�s \'=�	��Dt�ED�\\@X��R��\��ОQ\�c������F�jK��@UGc)[�T7ݯ�!Z\���V�jPN6��	(%!�V��y*aS\0m�� ��\'�i5\���j\�\�2\�\�\�l�d��\".k#�2\�\�*@j\0��7z\�\�\�e\"y�\�p\�\�t�\�k8-0;Z\�\�`�\�9�\�\�y\�\'0)~\�f9\�j*ؿ�qL�&����\�B�����s* �Pi�\�\'�\0%���I��\�ri��\�\�Wt3�s[i�,�\�*�X�`Tb��S\�.@f�P\�x���B��˰)9Z����U[Rh\�f\�j�\�j̻�8�� S��\�CR|8ê8\���\� �\\�@�dZ`NO�R\�\\>�\"4�\����X�\�\�\"�ζ·\�;\�K�\�%lڊ\"TZ\��̧�۩P\��B��[\�8RKv&�T\0\�y�\��骲�\�r�9�v\�\�u��5\�eܕ�&tuXⴆ\�,kVӝmM\�A	�L�P�h�Q��@�K̶f�[�\�M\�\0��HsSQ�Y\�)Q���.YO\�(ik	e\r�\�\���\"�U%���r1�[Py�\�D���\�RQ:*��DL\�\�\�bjX\�4NTƴ���\\In�83�3R��2�@\�d�\�I s��	a>�V`�TZ�\� J�`W�U0�\���\\��\�\�\�\�]�-�\�ۉv��:\�`���(`J\�p\�\"�y��hp SQ\�\�\�T\�\�rD��\�\�⨬�PJ�D\�`ʣ���X\�\�\n\�\n�W\�Y�?�+\�bR�u\�4���@Z%;W9�e��	��U@kmDA3��](/�67\�\�l��\�Z\�\�i�l�ޣ�k�ĥu\�Va���`Rb\�!g\�a�\�1\�(1I�\�P\�\�I\�\�0��������\�WZ���Z�[�\�Q��]\�e����P\�%�4/Y�,W���\�\�,+q&��@�(ʌCaF,�8\�ɴ�y׹t\�<���F:���H\\QK 4\�0z5`\�2�\n��/�j\�q*\�7�;h���Z_\�aG��g(GM�\�Ƅ ��y^:�����\�A,\�\"�2\�\"�_L�Z\�}�3^M\�\�\�YZ�\�\�\�\\\�#�����G�\nE\"\�	tX���\�L�	pS��R\�-\"��406�ʙ\�yi\�|+f�\ZT�S	����\��/eH�JH\�L\�Ƃ\�*fT�\�u\�}\��T\�\�I�_\�\�\'iL���l�_I�\�;\n��P��lI��r\�.�Ī��*\�n�tE�9\�K��\�\";��]�\rfqV�Wf^\�\\�\�P$ Z\0\�A,+$t\�H��+0	�W�6ʹ�Ҁi��s3ᔪ�)B	�QI7�ae\�(!�pv2��[4\�jk\�P^���\�Ldg%!!>\�t\�H*�\�\Z\�b+.&	��H��G2��؊�c.#��kZ\\	aJI\�J�Dvj4�t\�\��8\�g$�0�PSE9)p1\�p\�\�<�2UF�\�\�\�\��\�Α�UN�+\�r�\�L�\�\�\�\�YSA\�ТZ���C) jXHԲ¯#8�H��!\��V�t�6\�.yv=ݮ��PR�\'JJ\nY_-�Te]�O\�\��O\�@)�\��\�Ϩ\�Ϭ\n\�Ze@�T´\rFS5σ�� @�1�2��v0K��Rd�\�;����ĸ�q\�\nW!���WT\���\�t�KK^�+\�J÷�*\�\�ø��](.\�e�%�9�\�HbO@ZJ<i�p\�8!�^�wX�8ݢ���A���\�b�>th/N�<��N\�2\�}X\�y�_�Ah�i��\��Y�1e:\�i�\��52\�\��\�C�\�#.\�\0$\�^Fj|0ғÐ�gj\n\�\�\�MBqv2�\�.\�	�\�ɣ$�\�N�\�_\\W~U�3Q�X\��*\�j\�m,*\�}�\�h&p&\�\�\�C\�V���^~��ח+@�tWy��\��:O\�~qK)y0�<E�\�n\�\�h\���\��NE�\�\�s��ױ�\�\�9\�9&%\�h�F\r\��\��-+|\�\��\�od���Y^,�b,(- �\�ETU\�\�\�e�L\n��\�1�s�,�*X�90�1��V!�))4+#i�	HJ�F\\\\bb\�\�F\"%9\�\�)t\�L�q;�����ʰt\�,�V�^�͛7bߞ8yt.�EХ\�	 �\�����g\�6�І^:����\�ע�|ꋸ���R	i6;)\�\�\�E#?��B!er\�bjP\"I;w�8�\�$فr\n\�S�\�m�(aԂ���\\��!\�nM	7�\�_��Ea��\�XA�\�(y]\�\��eJ�L\�\�H(\�\�܆ގ\0o\�\"�_R\�Pu]N�4USUZ\nR~�~\�Z/�\�9�L\�\ZNqM\�IQ���H%�ȶ\��ZF7��0O\�̱S�f&�!t�\�S^.�A�n	V[Ng�/Oe�w\�jn\�lS�V\�\�.^ę3\'\�{\���\�X������\�XDǆ#,�2�B�|	�!HL�AjZV�Z�e˗a9�l\�R,Y�D�kV�Ė\��o\�N�<v\0}�#�\�iD0?��{�\�H\�K��#��6<\�\"/�Al\�9$F\\D�4�)A]4\'��:��ˤ��W\"� O0\�5\�.:H)s1	�\'w��\�Z9h�!X\���� ����A+%\�6�&�k޻p[�!0R%T\�h��I�\�`:Ձf\�_�ѕ��n\�\�O\�teA**Q쪠��\�i�8��2��=7�.K�-am�D�4\�[\0�;�@UCȼ\0Z�WU�hW��:.\�\�\�}Zֶ�K��\�)���d\�\�F\�r�E��9�S\'�\�,��t\�<BB�X�gtL\"�B\��pծ\\�+V,\�\�U+\��J���\��\�˱T@]�K�.U\0oڸ{wo\�q:\�Eqԋ\'\�\��q�1�>��ED1\��\�qAt\�0\�:\"�\�0��e�\�|3I�1\�\�&��#\�*�T��\�\�H#�\�f3�\��\�J�ښ*\�I�\�ה�z��i\�\�_J\�I\�z�8��\�_�I\�ה\�*�\�U\Z\�\�\�\�-�@\r�vU�\�U�ikY9#��S��\�\�p�Se�\Z\�%�8�	\�\�\�J�2\0\Z��ٴHQ�G�q�����sgzZ.\�\�2q��+\'�	�\0*m.�!	�Q���p�\�O�\�#p\��=v�{/�*X��Bp\nL¸j\�J5\�T����\�,Q�\�\�/\�ٰ~\r�oۄCv\�ܩ\��;�`�\��p���1��(r�\�\�@NZ\�bQd����-\�y\��:\��;]�z\�(H)f\ZE\rAk��7H�f�\0*@�\n�J��P�c\����+P\�\��\����ɴÀY�L\�)��\��E��\�\�<\�r��\�3-��*\�\�\nqڂd�Ziy>sLoNI +)w����<\�\�\n\�C�j,�\��\�j�G�����b\�T�\�:V�r���ō\��3;�EP\Z2�c\n��,�$\\\�\�G*��D7�=�\'�\�\��\n\�#Gj0J��%˴��$�vXE��\0\�����kWֵXO�Б3\��f4:\�\�C#���\�\�0dƣ�!K\�4`z\�u�Y[�\"�\�\�Pm\�t�M�B4\���@�Ԗ��M�l�����qS\�\�r\�\0j ]\0�L\�Jt\�F�?\ZHe=��zV\���QZ��p#/�\�6\�4R\�)�H�nK\�tHQ�IJڊ\":�ATJ!�\\n����\��Hw%sB��VZ=M 	Z��qBq@^M�V-TR\�z��@\�\�iɼ�RY0唑H�ʬ\�TU�$\�G)W��V![�ʠ \�/�\�thX�rN\�+\�U\nH�\���\�\�5�s�	�f�\�Y\�U	\�\�eː$M�S椄#+%\�!Ha�v�9\�K~H �IQHOA�#�!>I�Hmy6�G�[\'�\nʝG8\n\�RS�6�\�F`\�锝�R$�i`�K��7�U+R\�R�q�c�\0&�\�:�\�\�Uy#\�qL\��� \���29�(��R�s����H喔J�vA�bG���B#:����\�R��\�uL	\�\�X����R�Y�*qI�(�C�@�\�X#\�д\�	\�,�5\0\��z\�P\�YTM����u(9s\�1\�1\�DV\��@)�)�.�Sm0� Y��E��Q\04��\0L�����2�\�5��ي�.c~\Z�V\��\�y	�T\�]�1�\�\�N�#)�\�{ X$ņ\�QC�\�\�/ 9:\0Y\�a\�O�f����Z\�\�%��\�u.�Օ��pu\nxt\�\�35�^�\�P3��\�ځ�J@�L��rZ����.\�׿���3꼦8��h���vE\�*\�\��J2O\�Y	)\0����{ҕ\�.k\�,�WnQ�LS\�j0J\�\�\ZH�[.\0��\�5\�Y��\��k�\�F�\�\�ҞK��	\�\�\�)	���Rn)PJp�|�\�_8K(/(H5��j�|0�\�\��s>�Z\�\�t\�\��dR8�c�\�\� 5�Q|ȕF�*9U��V\�iHIBRL\0]ԏnJH\�.\�MY\�\�\"�U}QVAM�C墕\�$\�n�s\r��t\�2o�I\r���n\�PJ8�\�P5-\���\�\��l���,r��\�9\�j\��\�r}\\\\\�{��RUd\�\�5qZI,	\�\nxWFrH��mj����%�N�s\�\��\��0���\�H_b�\Z�KFqH	\�\�)M�&�\�)54�j\�t����0-ɉp�j	\�� mj\�C�\n�uE..��Ne�\"ݑ�\�Y\�D�\�RP\�)\"qI\��g\�\�{F\��\0*@0\�<�خ�d�\�\�i�\�%�L%�驑H��k\�SØ�\��@��.zp�� \�\�\�M\�$ק�{���J2Q\�LT�@Z<a��WΪ\�>\�T�es\�.V�Rŷ�\��Z�vhu�נ�݃ζZt��m�F{�JU��$�yU�t�ͣ\�].Ӳ-��\��\�\�&����Z<ܮ�\�U��p\���_u�J\��Z澵L%D5L+u��<\�,\n��7�y5<p�Ϗj\�A�d�P2\�ԩ,I3\n���\��Z�ښj\�֫y��\�\�\\��\�\�2�\�F\�\�!�5\nBiE�ZƝ\�\�R�\�1%>�a1�\�X*\Z)����	ATX\0B�O^f^)\�(Ny\�\�$Ξ=�3gO(H\���R`	�sn)@��\��s�*�\�򚞞&\�H��F!16��粺_Eǔ\�~�\Zy$\�\��]ڬ\�B2T튒\0%.d�\�.�0�\�V\�/���y�3Y�8d�A)ɐ�G�3;�\�\�\�$�]�TAm ��\Z8B*pj@	\�BmmG\�C��V)up��� + yP�5z�\Z5FS\r�\�l\�NB\�n@�|.���e.4�^3ݴY\n@ʜP�\��L1\Z�\�\r\ru��\�\�+\��Z%\r�\05\'�c�fq?qA�{\�L/�,W�I�)\�ρ��d\Z�L�g\���\�`D�^DP�/�\�{����\�\"?q�\�\�\�\�q\�\�1\�J\Z\�IC�5\0j-���FK\�R�LO�ANF,\�s��3��z\�ifp�8�S\��I@\�( $C\�d�gkoe�\�y���\�\�\�\0������۩Vn\\�/C\�C\�Me�I-wV��{\�M8�\���zU�ח��0\rhb藢\�*�\�a\�	���ӭL�:��lK�~O;�v��6J]\�4E�\�eN�\�\�\�RI��J43m�\�����`�l��R�͓,\�Ò�\�3_\�ͺmjn�A\�M2���_��\�z۟ɀ٤`\�`67իK�R�dg�3��1�\�\�\'!>R���\�9�\�ܥ�\�<r\�:M$�s�\�tS��f�\�s\�-\�D�w\�r\���u�G\ZCxr|�r�\Z�D�s�S\�\�=4N»\0j\�I\n�2\��\�(��+-\�\�\�č\�\�\��\�U\\�ց��Ix	\\%C�+7M}�,�|�X�R�d�\\ϝ\�\�\\�.�`w�8%!$h�\�u�Z\�iC�\0�s�\�\�:�8��-\�S[ꩆ�\��\�\���\�:�4���t1EW�qT�\0i�-�y��d�gȖր�]S@̣rQW\�T�\�l�%\�m�ho�q�\�^��8}m�ok\�\�穥�U�����%��-M��\\��Wl�1��;ˌa)@elc��Bdd:\�p� 99It΄�$2�\�\�p?a\�3��9\�4N�\"�G	\�a}����\ZL�B�\�S�iA9L\�\�iz�#Y��0d��\�XL~\'\�e\�+7)yk��\�\'	gG�k)\�.�p�\�=d������\�l�A\�&�w�Z\�j�\�%�\�%\�\Z�H)+ڂ\�8�c�\�\�$\�\�VV����pv5�\�D�6�\�,�~\�ĸ\\\�\�V\�r����>�U��X�:\��\�B���.\'pb5__D�	�n!���>KP�h�GB��h\�\"����*���2�<\����X\�\�ٍ�\�JZKWzѡԭ\�\�e\�\nթ\�I�;\�	r:\�[ٶ\�f\ri��Jwmg\�+`*�s63eh\���t��\�\�R�\�E�#2,���\�,|$\��Ȱ\���gq\�\�4N3\�\�\\��H\r�q�x\�%5�\�\�Ȁ��O0�\�\rw\�9�x\�r\�~2~T\r�\�\0`�Ҵ� \��<\�HTWg=�L�Dv�\\��{�\\j���\\��կ�@jg\�\�\�#�M\�\�|�\�,^�\�\�\�\�r\\�S�Ƞ�\��_���\��\�@N��\�䵜\�\�\'�Չ\�<��\"\'��~����\�ҡ\�\�T�\�.\�@UY�\�z\�2QSN��N5��\�rO�\0$���\�v�I\�\�\�\��eN	\�i��B�ң?��|9�i�Y�B\�\�\�E{�\�y\�\�\�Cgo?:��橓�u�t+uvk`;	k\'A\�\�\�趝��\�JGmkmc\�a��-@\��-�\r(,\�G��ywf!\�$\����\�\�l\�%D�\�~�ΩB\�\�9\�\��^�\�\��\0���\�*	\�+\�i\nm�Zn�,��\�\�k\�\n�r\�Hn\�+Ȧ�Ka�K0��\�V�\�\�\��\�joӒ[\"D\�V��f�ޮ6uOUtD0��0�%���2�d(X��\��5n\��rW�\Z�_)\'�e\�A�B���\��n;�\�V拒\�\�}92���؁89\�\�\�\�0\�9\"P��GrSB��gr0�8��\Z��4*=\�t`BQ;cP��bQ�nel@In�z]֓\�\�\"~\�b�\�e��\�b\�ɄP.\�r{�	�TV`���\�I\�ҮQi~�j\�D��\�\�k�P\�\na�rUK�\�4m�~���ݽ}J]ݽ^]\�\�lw:鰝��C\���\�JWm�@r\�\�f.\�\�����׮W�\\����\�r�%�������\�G[��50�+��f9\����˸x	gX��$P�\�Vy��햬�eM�\�v W�i&sٲe\�\�d�{2R\�	�����\�[�\�\�N3ھWX���d4�Jn!QE�bG½�p��0��#5�V�\��}��\�LAE	�@V\�\�\�ґ\��\"9\�2�\"��r\�\\�XDG�\�\���V\�2�E�tÆ�طw.�9�\�\�OO$�ia\�OAVr\0\�b/ %\�R\�\�#5\�N�^������B�\Z�����g���\�.$�%[s	QI`X��Js\�\�u\�2���H�ɥI\�j�\�2WDK��,���oL%�\�dy7\���ju�p�\�G7�\�u�PL�l%%�4A�\n�Srؖ��b�k���W|��}��\�n\�\�\�t\�>rKW���n�r=�\�\�\�Y)(.+@�a^Vİ\'�\�U喒gr~��0\�R\\O��+8)�S\�\�Ҥ�Jʢc\�e!3-\�L/r3\�\�)�n:��\�u�u�d��J^\'�\�|_osr\�\�6\n\�)�H�\�I{r7�\�t\'OBL�dt~\�Eu�Jr\�lG�:���^dQtF\�-\�A��\"\'Ο�Q}\'\�\�\Z \�i��5ػ{Ν>�\�\�N(�ILU\�i��j���\��\'��\n̢�(\�.:�GsТ,D�|��@Y)\n��\�t\��r\�\\WCJɰ6\�\r\�B�\��L+���ނ~I\�\�t�\nlO@U�\�\�\�7�\�k��zm�}C\�:H\�\�딼�J�5\�G �\ZPmT��\�FIQ\�\�\�ł�nO�\�ǽw�����w\���_}\��\'�\�q\�\�]��VڂQ\�q���\�\�v\�Mسw/!3�[\�4;�\�W\� 4\� \�9&�\\1�+?[����D\�g��E�;t\ZRBg[\�c��\�\Z]��z:p�ո\�mY�\�\�4�\�*(\�095r�9�\\�q3w\�ˎg\����q\��8�.� �g|��/�8�e�\�C�<��\�K�(4C��)E\����V�\�\�۶m��c�z��̤`\�\�\�\�♛&2O�{1캲\�D\�p5x%;%��\Z�l��\�j>��[��2AH-�\�5q	\�E\��\�\�\�\�V\�\\�)��\�Y\�\�\�\\&Z\"Pu�h��6	�vu��jHմ���\�\�\�|��P\�5�=�\�p\n�=h\�\�B\�ojE��=�^c��/�z}�>�\�\�Gt\���돿\�\�\�\�pk��\�(�o�c���7�ޱ��u8�i\�5*H�\�pYh�\��V8��W\�c2�\�\�\�0��<�$y,̚Y�	�F�sz�\0�;,ɴ\'_�\��>FV\�r��)��\rB\���r��Y5�\�f\�k\�)�l5z^\�2.:�\�!}\�É��q\�\�>=~\0\'OF`\�9��G��9-���\���\\���ŀ*��ׯ[�\��\�\�&L)(!�EN:av8r\�	û#!)1�MEY-�\ZC�\�贗��B�e^����H���\�*\�e�/�{����8\�˲عur�\�RK�*���\'�\�|T�cS\\sR&\�R�\�g�\�cS7]S�\�ĜS�,w\�⧧��\�\�/��\�+��Ϣ�\�gL|&�Z����\��\�AN�<���\�?��+P\�~GN�QjӻlЩ\�\�2=��\�SZ[(wf\����\�\�DBA\�l�!x\ZF\�E&R\�@\�Ӊ�>�,�ԝ��s�U�.F���RS\�h�L�\�\�:\�\�\�\�)\�H���tQy���\�I�Gp\�\��:s;vnS�\��~\nL#X3m���\�]�s\�\�\r\�\�kS�\�!\�!�\�\"�\0�\'1\�t\�%M����E_@r��>��ćɰ@\�5-��sU�Yޓ�NHr=غ��0wp�3#��\�\� ��\��\�Es�WM.��SU\��\�y\�(�	�\�\Z\�e\�)���\�L	݄����@\�\�L0�g\�*0��\����\n<����ǳx�\�w���+����t\�\�g\�0�\�}E\�O\�Oh���w�@Es?m�i@05pf\�\0��rJ�m���L(wf���\�I\�LRyf>+i9o\�\�P\�\�<\�^\�h@5�=]:l�\�m$!\\\�\�\�bP9�S=\�F��\�Rn`�g�\�iV\��9�ܾ\�\�I\�g�AJR�\Z�B(�Ȑ.��\��\�8O@�B|�_�\�罐\���\���N[�{].\�.#�\�j�\"�(\�r\�\�\�Iwm߂c����\�T0�ol\�9b3�%!\�ZMHc��_$G�1oe���`e\']FN2!�\�\�N�\�6�\�\�,�-�s�%^s��\�6%�JuM\�hh\�D3Coò�*�*�K\���Uy+��6B����\�TA��\�(��ÓWo���\��;:\��Y<���w�\�\�\�,n��#\�	\�\�/�3��0?����\�op�v\�ܥ\�6\�\\\�ktJ��Z�.��\\��ﵦ�c\�f��q*田.�\�\�ֈ��ng7�3��@i \�&��E^@m�+>2���9��e�<\�K�P!\�\�	��\�)L�eC�,��LU`�\�P显�H(Ϟ�<\�P~��߽g�\�\�\�\�\04\��L��\Zٿa\�\�\�R�S\�4�����֯[�m[6��\�\�=�9y\0�\� \�\�q�Gd �VV�iQ~\�`1%\�f\Z\�L$��\�(�˲Yt�3=H#\�I:�.�d\�\�g�y�ϞO\��\�ܺs�7Fq���S`#�\�-��	oK;!\�P-\�E�j\�rQCw\�.���if�\�v��\���ɪ��\�`�\�ox�\����\�����/t\�/�_�\�\�B���~\� ݳ\���������i\�\ZL/�Zs�iY\�\�\�Jf^��u\�\�x9�\�.)�3;�c\�d��\�\r�\��y�\nՉ^�\�n�d�\0J(uH�\�Z\Zb\�5%��7\�\��U����BjK\�΅<�BF�\�(q\�3Q��\�\�+YiQHNAb\\bb$\��Ņ���\�8�8{\�(v�\nL~\'�L�;\�\�9\'5��\�\�;ױz�|\�.�\�djrR�Ls�\�\Z\�eXI\�߻Cݪ\�w\�R\"$\�k83���\\4�\�VF\�%�F�!Q\���TC\�)%�=\n\��3�0#\��\�!z?3��\�f�\��^�|�\�O�\�\�	�ܾ\�\�\�=\�Q\�Y\�:੕\�@t\�\�vԵv��07�uQ��G\�\�1=\�Ū|��$F�\�\�\�\�Ox��;O\�\r��\�\�ox�\�gL��|�\�7L}��o?\�ֳ/�\�~�-L���^0�t>q?/�6\�Tk �\�sg�\�)y�˪����`\�ڵ�t\��}�]\nΞnBJI��{.��2�k\�^�⶝Mhnv�����\\�)Ɂ<�BeC��te*�\�#W�\��y�B�3)!�\�O\0\"��^��\�\�\�+\�\�	@\�\�3G�s\�V̕�9����}|O\�Б�\n>Q^3��i�dd\�\n�H�\�:��\�q�� (E)�\�	 \�0�\�?\����*�y��p��pJa�\�e\")�����!�\�\��sZM˲�\�J\�\�\�|����_�\�\�Ox�\�\�NM\�\�\�x��\r\��\�?�\��m�\�P\�_������\�\�&Tz\ZQ\�\�\�Y\��\��W��\�3�ڞ|�O\�\�\�����\�o�\��|=�o��ļ�C<+�7?\�k��\�\�VaPé�\�\�\�\�\'\�\�\�u\�r\�\��\�4`vv`ph}��t˫\�\�\�%h]\�&�\�=]\�IA\�gԥtՒ��:--�P\�!�j\�^WyX�>� �R\�+�\�\�\n���˙\�\"Z=�!�nᇋO\�\�\�\�8v|ۋ#\�����C�)\�\�xj�\�I�䞧K\�p�\�Q\��T\�6\��ԭ\��t\�\�ۿ\�}O�\�3���H\\S\�\�st\�KȌ\r`h�\�*>\0�tO\r\'%���]��\�4^O�%�\�\�\�\�\�)B*�N\���~����>\�\�#�\�\�{��\\6�\�+>\�Z\�\�\�W\��\�\��\�\�ɳW��n{�\�\\T\�@\�-���g<x��c> x���\�?\�-\�\��4ƞN3�\�5\'Ɲ,~����\�W|f�\�\�\�:\�T���9�>ޜd^B��7-\�+;F��b��$�`�*0�ҙK\�\��: g$��K�٣\�E������\�޾B|W��%�=�F\�5\�!͑�ˁ�����\�\�\�L�VO�\�+H�<���!]YȠ�e�0\'Y��H��[��1��ùs\�p�;�\�ѽ8xd7\�CH�c��-\n���VM����\\YfB�:�\��\���\�����s\n��	�\�\�\��y`��kF�\�=}UXώc!�\�\�\�:��FPE��\\���i\0���Qp��4\��)V��iK�~?#\0\�\�\�\�O���\�\�Y.�H�g\�����\�\�\�~��#\�\�+�gh�KǞ�\���O\�k�>b��\�o>!�oEc�0��s5�\�0�@I�4�B��\��^p\�603\�4�9�\�	\�A�W:\�	\�\�u\��l��? p\�A�\�{�\�\�\�^.�\�\��\�1\��]]�6d2�LBD\�yd�\�s9щ	j����<�\n��\�@�$\�R�\�d\�\"9%�\�\�Ξ=���vaמ�\�I\�?�[�n�k0U�h(�)��̓���P.\'\�[\�\�?����`�?��&�WR�s*�\\\�y^�\�xV\�I!�ʃ���΁�Ni�h�\� �\�\�L#Y&\�Hk\�Դ^W\��\�4\�\��G�{����141�\���\�c\�\�;>�����\nʾ�>�\�\�4����\�;\�_\�1�F����4�h�o>��N\�Zǀ(*Ǵ$\�e^.o�PN0�\��\�\�	�\�Ld\��\�*Mѧ\��\\���\�p��W�����\ZSqW�^���	YEH\�\nAw��\�\�8}r�KJX�}×\0�߼E��(��و�\�`47�#)�2]V\�[���IV\�\�\�(.�`�r��E@�E\�ۻ\�WX9��\�\�i\r���\�.*`ʥ\���\�\�\�}\�@\�`R �QV(ߧS�L��b��\r� qB9�\��c~��8+t9m����D8\�E\�\�I���L���&��P˼_$ۓ�A$`���-�ݟ\�\r9�\�#�j8�\�{���3Z\�3\����;\�\�y{\�\�~\�( O��c*�����Հ<3M�0Z \ZH5�k\���C\n��*�\' +#\rmm\�st�Zr>\�.5��\0=\�G{lpvt�`l�n�ހ<�-;5Q�\�p\�\�F�³�O�Q\�\�\�oh�ҋu[w#�����ϝ�@/�u\n�\�n\��5\��Mp\�g\�A�Y��8;~g��*Y\��ȿs?�!	\�\Z\�\�a��ŏ\��~�U�L5\��CwN\�e%;�93#.\�L\�b`\Z\0�L�2ن�\�[Zw�M���4����A8�\�͠kl\Z\�tɞ\�\�\�\"�c�h��\�?\�\�;��\��9\�\�,08��z�\0k$\�\�\�5\�^X�y\�`fu)�\�bU�&`��Xi\��\��RP\��TWʌ\�ص��=�\"Y�-�]�a1�\�o\�ſ|\�:�صs.�߉>���x\�z\�\�\�\n�sذ}R\�\�rB\��\�QV�x�\���\��\�_�\�\��|��;�}����3�\��?�璱�&l�\�\���B9\�\�G`�A�r[�3\�%��\��8xp�|p\�3�\�\\$\�v�\�\�r\�H�\�Ԏ\�LdH0)�2���m0.䟁�\�$ۜ�|��lǟLa��[��+?7\�\�:Cx�l�5�NqI��8O([\�W\�f0\�<\�\�w)���ʸ\��\r�fޫu\�\�Fy�vN�n��\�B?��`��\�3\�LAcS]j\�\��\n�\�suL.\�\�\�\�b�٥�PiA* \��G\�_\��۷x\���>ԍ\��S\�\��\�l�� �;ʏ�\�v���_x$ҝ\�1�Kp�\�^{���f���w��\�%�\�\�\�\��\�o��/\�>�ڝ�Q\�u\�g\�\�\�����(O͋O�f�pV_A�ޣ�ײ�\�\�`\�\�I9\')���dW���hO��\\�\�#`2\�\�t&� ���`\�\�~��	�lC�)���\�c��p�P2�\�gNy���!�F˭�h�S��m�5\�e�]\�,��|E͵[H+,Ta��G�Sz\�2qIY\�uL\��`\�wL;��tL�׽���\��G<y1�{\�\�\�]�\�f\�M\�уX\�lCs��\\\\h\�A\�2|�::{\�\�\�?=z�gS1��;\n�Sp��=E8�\r\ZJb\�;��@8Ú���@w���>Gw���o?~\�\�\�\�x�\�w\�{�o>~\�/\�����]\rGB�\����`._�[�nFK{=S�L\�7�{�<�!A\�\�{� �#/�0v�\�f�䗄/� \Z0�ɡlC-0���\�\�\�\n�H�a�/\�IGL14O�\�\�\�|�\�\'���h�3�f\�\�L0�o�G\�l�C8Y��N\�!`:��UGH\�Ȕ3\n���:&\�k\n�\ZRS֓�\�פ\�6$����l>��HMN`�ӆ�?\��\��W\�L\�\'u�\�w{��\r�<{���b�y\�\�\�;\�QN)���:�\�il\���\��|r\Z����ࣸw�.�o4!��v䧜c�\�={V\�\�\�=\�v�`\�:���Z�ى\�*�x�3_�\�\�gL���?G�ǉʊ�{��\��R\�\Z\��T\��4p\��܏O?�\�\�\�T�\0��Sdq1\���X4�\\P\�>\�iy	a~\�P)Q�w�\���2y)a\nFy��<\�1+�`&\�@\�\��`\�A\\��M0�޳¾;	\��K4�N�\��8M\�)	�-t\�f��&�|ZM�0��?�\�\�F�ZP�:¸������\�F�6�W\���Z��\�\�0�\�t�\�\�\'#5)Iqhmoŧ/r���>]F\�i1\�̇Y�����3_W��)���\�G�`Dz�\�5&�<\�\�0�Ծ=�\�\�s�ˣ{�ȍ<�԰c�\�\rš�0\�\\����ET��\�\�\���\�ĳW\�0|�����\��ISp�\�f�U\�\�\��(\�F�O�ܳg7���/�1\"�7`=vQс\�\�LiS�,-�wl�r\�<���*\��L�s!�v�ƅ�\�ȼ�\��Ŷ�\�=C�\�k�z��r�<C��~���)4�NV� 6\������\��+�\�P\�;�+�K\�\�ڂ\�@j$�e6n\\���\�cӦ\r��\\�וΕk�fUi.�LV`�&ǡ����\�r�v\�ž���a+\�j?\�3x��\0S3ԗ/��\n�FuM>\�X�^S?���}	�\�\�q�\rT�5���\\\�m\�[;\�\�ވ��w�\�� �z��w\��[\�\�\��\�v�C|�agp\�W߲���pn\�L��\�Z`.c\�޾m\�\�=F{{�s\�\�9Q\��\�]���O�>���(~�\�\n\�$y��#&�T.��\�\�05\�I8J�\0*pJ��`z;����w�4\�f\�曩i\�L�G��Wpv=���\�\'\�z��\�)x��Q7�����zV\�-\�\�\�\�P^\�=����90\�\�H S�2ϔ{^�S\�k�H\��Z\�ys�\�9\�tQi>�\�U�ܽ\�,`Z\�[\\rѾ\�7M(E\�?HN>�4%\�n\'?|ƽǏ�o\�\Z�\�ĵџXT���2G��E{C\nN߈��\�(�cv\�I�+�8}l�>�=z�[O_�\�\�ܺ��\�K�m*\�\����\�\��.=\��O�@��Ԏw��AS�� \��_��$xv0\�(�V\�?w\�\n�2\�\�a<�pF���3��G�\��\�P䦅#?#�-�-g\"\�;\�\�\"Y\��\\�\�\�3\�R`\�0�{�\�\�(�sR\�\�\�\�)T+8	\�M\rgݳ��\\\�\��g\�3\�\�R�\�R�s�Q:V+P�c\Z(e\�8\�\rH���s5�\�*)�3;\r\�)�HN�CKksK	\�2N`���\��A�nFS\�ٷ\�\�?��\�wSx��O�G�\�`�Dܼ���F�\��9�qAq��zt\r�\�֍v�\�\�\�ª|?\Z�Z\�\�.n\���3+.���ǯ��n\�\�U��\�%Y��Jִ�рi�i�<\��w\0��\�\��J��#\�\�:�`\\D�����(�r!\"\��~H����pJ��@g\�#�`\�:\"P��<qM3U\�$��R\��s1����0�}w^\"��1\\\�^j׼��!�-�\�|�ڑw*�5�\�j]n�(\��\�Ӝ�TR��5�W\��B9���1�.s\�%($�\�3�E�<.F��\�.������|;3;\��<t�z\�\�\�\�/`>~5�\�o>\"1\�5t\�\'S?\��$��m_���\��?�\�mMt\��ww\�Zw�Of:ф\�\�}5K@o#2\�\�\��p\��L�x��\�X�J\�]�\�\�1	��\ZB���)\�60�\�ߏ/���7o�yU�[`�J�\��ԡ<$,�͵��G�3�EO<��\�S*0\�	fv4�2\�\�L©n��B�L�;0\�5#\�\�A�wds�!\�\�\�p�O��\�J��1��D5sͪ�7J�w֎�A=�S$p*0\�1	f�U��\�\�\0i�@qN�\�5鞲\�\n\�^0%\�\�\Z̥(ʖ����g�\�HI��K��$ո�\�\�\0SZ/�\�׌�&�\�\��/,|b�W\�\��\�Y\�}=����ڂ�\��؃��\Z�f[w;�gF\\:g^��{q\��o\�ڋ�h?�=xJP?\��\�{t�\�رk�r}\r�>]d�F�[JZ\�+q��U=z_~�]]L\�`\�9\�\�3\":-t���h�)�\"��\�\�49�\��2�a\\n�(\�$�\�s\�%���S\r\��3(\�\�\�\�$�6\�zK\���\�\�^���1*�\�-����E��0�ohU��\�\�3�T��_Q\�5�\�ʏt\�<0m;AAh��90	���B�\rP����P�\�P`\�gg2ǌ�#5�\�@7��TR�\�\�~�c87�\\�\�򻿙�@(\�c�}��\�x�\�|N\�CqU-ƞMc�\���~�\�\�HD�n��\�-(�Q\�\�ŝ܁�kH��\�p���\�\��/\�ɈF\�kpV\�`���̉�|1�	�_�c\Z0\�c���}ͼ>P5�+V,Þݻ0�\�]�tt�\�\��\�|�K�`Ү�@U�\Z@5�1	\�h\�jE\ZS�\�p_$\�\\T�ϔ\�B\�,n\�ĺ����{\n�c9-�\�V�I�?s�`��b������<�\��\���g��\�\�TqY[\�\r�v\�\Z�_�\��{�:�\�4��\�1u\'ۡ4\�v\�\�\�V\�v�H\�k*0\�\�\�t��YJ\�\�\�D�#\�?�)\���`NF\�;V\�\�\�\�☓\�S\�5?�����OP\�J�#/\�&q\���=aTp\�!\�\�N�:�)y\�5�����`�\"\�\�NW	#\�}4wx���bw�ފ\�\�zxj��\�t��\�cS���=���@6`J?.\�w߷/\�&^���W�)���M�ϭVK���\��T\�ѓG\�I~��\�\�\'SN	��\��	^�ܐ\�4`\�2��Sp\Z\�$�\�\�@\�t��\�6�o��~���.\��\\�\�U�q�|Ġ\\;�7Oc��;�>~�;�\�\�6w�}�\�\�7Tt\"6\�8�t�\�x퀺�\�	�0U�qG\�r\�I�S�yq)\n�R� �,3Q=PV���#+sq\�i9d\�\�@9L�\��)\�9\�v^�G/���0�9S0x{��\�SML\�\�`\�|7\��\�\r����Z�b�� �\�)4u�\��\�\�ĝCLL�\�\��\�$�r�Ɠ�ʦ\Z�{�T����)0\��\�\�\�\�Vk�\�z�<y�\���\�~\�ت�\�C8\���~s[3K\'\��\�0��N\"1B\�Z!�y��\�G�\ZpR�#O �FtL�R�s\�\��0\�x=��]Ծ-��Ã�\�G�<�ň�Ng�����1�\��M}\�+,E\��n\�]\�>�����H\��%�H\�\��d��UO\�etL:�\�6 �S�e�<<A�3�-\�j5�À�b���>�N�\�\�&\�\�\�&%\������,\�>�\�\��t���K�A�\�}}�\��wwI��q��z\\�>���B\\\�\�\��`7\"C�\�\�T	WE\Z�K�\�ul������7\����t�\�.�\��5��o�\�i�u\�\�	|�`h�\���R��H������/_<A�\�1$F\��J��19�T�L\'��Y	4�9}<\�9ǔ�0�\��},�\�.�lǴ\�mN�\��S|4C0\�f�O���+\�^��;/���Bg��ofY�\�\�	�\�\�S�1��>}������\�3�t�\�l�4�S^���y\�W�⧘!���y�\�1	\�Q�s`�cΨ�\�ʏ\�90?��-��aȟd�9M�Ӳ2Pe�������\r\�����\�Q\�8���=p8�3f;\�\�݉\�.8�\�x�me(�NCNC��!��\�?z>\'7�w\��\�u�L�\�p\���#\��\�G�fv\Z�\r�qL/�\\\�\�ۡ\��M-�\n\�gO\'@0\�W=�!�R�oV\�v0\�GMs\�\�?�sZy\�Sd\0\�w�Yf\���/\�,�2Ss\�\��)E0G\r���(�αI.�������o?\�\��|��;\Z��\�{V�isѼW�\�\�-0Eҹ�L�UU\��q83P[Q��\�,�\�3=mV(���\\\�YP.&ݞ@j(g��\�?}Dx\�E�\�6�����A\�q\�\�(�\��\�\0۝8�	a\�J\�nc�{s�O\�VQ\�DqM�]<���3\�g�\�8��&\\�;�v��Y:��Ӝ���5s`*q^�P\�\�`7������kW�5\��v.\�����`�?�\�h�\�\�\�i�\�V��\��\�L�\�\�D\Zᴹf��,�Bh\�P�|�\��0\�:�\���AM���PN(�}`(�H0g1��r�2�	\�_�d\�+\���j��n�\���n\�\\H��\0q\�h�ҩj=\�9&\�d�O��yO�z\ZGV�vL)~�	��4�S0�_ʩ&�[A\�B�\r\�@xrz\�<��\�:\�p?\Zz� ?\'�G6\�b�ID:�\�ܮ�t$0�*\�ĮC\�ҋ+�g\�z���h�˃�?ƧC�\����L�_��$}%9\�\�\�\��\�\�\�00�\�cz\�+ \�\��4�\�4\�(�)Ws\�\�t��H�\�#�T��K0\r�\��P�\�!2Z��\�\�\��x3��`�\��i:\�ʯn���\����U�w����co~\�c�9M0\�\�\���K\�x;�\�IG��V;�\�xy�\�h-_�:[\�j=�G^�\�\'\�\n��y\�t*��>}#��\��0n�L\r��r\�,>\�m�\"/\"�܍v\�\�~�O��\�Sյ�}����\�q!\�\�6E� \�\�T�\�o�r�\�#\�\�~$3\�\�\�9>���/b��\�`>���\�J�B�I�W\'\�%�[\�_\�\�+Kf^Zy�<b\\��\�ݮ\nLnC\��i� �eL\�0/W���4$/=N�I\�TnI \�r��\�*����N(��:\�\0\���\r\�\��\�32\���y$\�I>,~~�ͯ>j\�E\�\�eZN@ߝ����F0\�a�\�P��Z\�f\'(��v��gv�\�Lb�7\�M\�/�aoNy\�n	\�+��I0\�\�\�\�q�PJ�)��L�\�PNSS\�T�>ϩ�$�o��N*ǜ՗\�ݸ�\�\�\�!������\�4+\�O�x��;˟\�Cla>\ZZ\�q\�FR\���\\���X�~@�\�z\�ǝw\�\�ݷqg\�_,�L(0Wz���\���T�^��\�O\��\�\�\���\��\�-\r�v\�T۵\�\�l�|�\0��r�\�!�0\�3Dg\�!\��b:��q��S�\��F�S9\��,\��&�rL��y\�\�vr\�^\�|U�8/\��\�w��˟��\�4��\�\�ۏ\�/?\�\�{��_~G���\�2�o�^o�fǛ׼��\�w\�\�\�0\�\�\\�t	\ns�P\�.S\�\�d�\�@{����\�1g>J\�\�\�B\��rL\�t̏�阗�\�n�\�ܬ`�7\�\�\�y\r�ߡWNߝ@yQ\0��N\"���Mu�=r	��(n���\�\�\�pk\rwf\�w�<\�(����a�6��Hp\��-\nLJ\0���%\�b`^��ï��L��hi�c\�vٯ�~K�>]�`_:���`��|:f!�pS��\�Wz%�Kh7P��z�\\\�5Ͳ?s\�\�$\�\�UW��k2GGy�\Z�\�3B��\�\�C\��\�\�7��SF\�\�x��g\���\Z�����r\"\�x/�xҪ+=�\�\�r\��\�\�\�N��� 6�\\Gv�\�/#@\�T��0\'�`\�1	fGg/��j�\�ﶠ*\�wL\�5�:ל��E])���ѧ\�au���\�0�W\�M���O<D�;GNnBPf\Z\�\Zpk\�:R�\�Uעm\�ZF\�\�\�Yݗ\�Ⱦ%H+�vd\�\�\���a�9��)\�\�����]\�j-W`^�W�i\�1�C�(��im[ַ;fȥSH�EN�<\�M�G\r�T\�\���L㘢R�-I;4�ɀ�t��\�v\��{�n\n�\����h�!�\�*�2�\�)�gtI9����\Z=�&�\�C}\�5\\v�)w3�\��g:^]\�Q���T��esN\�m\����Lq\�\"㘙L:\�GS�\�}7;�s9\�&�ʧ?𽟑\�\�\�^uF\�U�Ȕ8�=�\r\�\�~\�5�\�e��8uf;B�9�nl�c\�\�w-j&\�{\��\�o#*f�;ȐN���n>��\�Y�<9U�C�=Ց֤5�Ϭܛ\�\�}��O��L\�\'�[r�����0`��F�>i�\�A:\"ᓊ܄q��\�V8W�f�.�J�촅0\�e�K�\��T�HnQ}Aw��\�1zo?\�mV緟\�`�\�{5}\�\�{�:��}4I`�G\�\�~��\�C@�c\�\�oT$�f\0�\�H�|\�1\�a\�BYWI0\�1\�	fv�\rLyƓ��\�E��H���\�[F�\���f<�Ԋ�!\�~�M��ŹK\�間h~�Α\���\n�ea8yj\���`�̬\�KpU5�\�\�/�Ã��։�[Xl�\�\�\�?p�+��b?}X�\�\ZqLh\��<\�;�>���\�X���\���\�\�_��~6pʴ�\�5�\�+0�+?fx�d�𑊼0[N\r%�����Z��_\�\�,\'�\"U\�2�Yh{Un\�\�\����\�{��\�c�NGqu\�	n�2a�y\���\�S�R\�\�w>\�B\�*�����_�@�����v�t�t���@d\ryS�[���\�\�Ҋ;�E,~j\�K�cf$*0\�;zT(�\�\�f�̽��\�eȗk\��\'�?\�\�ǯ�����N\�x���W~W\�<F�\�I�\�z�kw\'\�\�Y\0��;��\rwC=�Bzt\0\�-}�3+o�l_�bO\'n�z&^#�\�\�W�\�t�k\��r�\�A\�,���x\�����&ǜsL�SڀԚ{Kۜc��A��j�PN�\�� �\�\r\�w\�m`�\��L\�B-\�#;�\�t�\'/ߢ�_��ڈz>ѽןp��n?}O(�\�F�L\�_�\�J�\�\����\�b�\�r\�g�íVu�\�4��$���\�ԮjZ\r�8�7\�dU.\�\�\�1����ю)\�1?�tĿs�`����ˑ\�,�L�D*�+yxXk\�\r>��]hy�\���h\�@�RRO ��m��;��\�\�B\�i\�\�\�G�p\�\�F��\�\��_q��ˀ�m\�5ݽWp)4F�\ZL����Q�\�ָ�T/�>Q`��\�3�̾+�0)嚪\���پ\�\n\�O?@\�\�\�Rd.+ry�R�\rL�Z~B��\�-�\�K\�\�w��4ǔ\�\��\����\��>~�\�\�zYť\nα��q�G�س)\�Gwd�z�j�����<��\\�|=�ן�\�k��O�2v�\�KV\�K\�cR�L�����d簕ץ\�\���Lx*	�\n\�\��rq̏*�\�\�g�́\�|X¸\��?,\�b�X�bp�\�Z\�E�3\r�\�AV\�#hz���\"�E\�ChN:sL\�\�DfbZ[\�X�;�\��Ft�>\"�����\'ήC�<�y\�9�c�S�)����]\�\�5����\�?�`.\�\�uMmǀm ��fZ�R��N�\�/\�\�\�C@a�>\�N�BnF���LOFaf�rGrQ0)�T��)2n�쿑ٮ���o�\��\�\�\"f\�\�n�=\�\�\�j\�\�\�\�Tn9�������\�$]V��󯨹֏I�\�1Vg\��w��@\�v��j�T�9���\\�n�\�\�fe\\\�|\�\n\��Da�c\�\�EL�\�5�2\0\�sQ��\�\�EYA\\��pdf*\���]w^ad�\�E����D\��`ll\��, b�w��\Z\�qg���	sԝ(h\���\�\�x�\�((\�Ng��e�\��]մ�t̍\"�\�����Ӊ>�\�%��\�wJ�i9\�\�û\r�A���̊Sa�47E]��\���\��;���2`�\�sg\�)�|�W>����c��$���S\n��gp��Jt�p\�\'���ڻ����`^LI\�ŏ-�R;��)\0R\�1�\�87\�\�Q\�\�\�N�m\�\�2��*w1\�\�\�LB&CygW�5\�\�\�9w��#��\�Y�r�(/+��\�p}d�\�R��� �?�\��~�\�E\��-<x8�+���\nq���ৱ(\�\�E��I\\;��Sߙ�\�  �4�*ܸ��\���@z�u\�\�*}�H���\�\�\�w���\� �i&\�	\�\���n�\�\�\�B�\�):��]Y�\�*~\��0_d;��/Wv�X�\�\��\�Pa\��\�3%\�j\\\�\�]��xU\�h��[\����ʟ�~�s\�+:\�K\�9��-�����o\�o?\�۟^\�\�g��\n��g����~\�	\ZL[�2��@;�\n\�l̍�\�-�L��<g�r̒\���\'����\Z>1W~��r�RB��)\�\�?}���\�d\�ٱ\n\�w�3ϜF[C..�^gY>z9��\�\�\�P�\�!�cTp\�V\�1GP�\�@8Ccߝ�����4$1\�\�f0�h�\�f�ylR�=�ۊ�\�\���\�\�s`FDE\��?�^\�t�>\�4��\rL�>�O)Yߜ`�xx\�瑓3LS��W&�	f�f9��\�\"\�ծ�\�s�\�?�w[\�r�=�|�чO�;\�0��\�˩Y� ��ל}�\�#s\�i�Q\�Խ3x>�\�\�}��\�\�1��ls��Q��Րڮ�P�>qYO���J�)��\��(Q�y�9\�\'\�r��ì�Ǵ=\����{\���\��\���|Kǔ���*\�\�,A\��8�\�n���sؿ�	\�\�\�	b7S�\�8\�\�(`�\�V�\�\Zk��\��+va���(�\�Ȭit25p5\�G\�\�G\���O\�\�\�?栔��;fdt�̞�a5?/��dk\n��`6[��&\�Et������,��圥vL/�\�S~�\��<\�[��PV\��\�`�f��F\�O����\�w\�O�c�.��& w�={�	�\�\� 0\�\��w�\�M?\n�\�p�an�s\�1\�\�\��U�\n��C�2��x��$\�\�]\0f\�\\��`�\�ɾ}ϐ.W�\�}P\�OCu֯b\�ގO\��\�|��\��\r\�\��\�\�\�I:f�\��Y\�ʯ~�<Ħ}k\�\�\�\����\��\��d �)\��\�\�t���/�4Ҁ�g?\��\"�\"�]B�\��z\�\�&��d��\�90\�B/\"?]\�Z&�\�\�X\�1E�19p@\�W�\�v��\�?�w[\�\�\��s\�\Z�����]÷\�˼��\Z\"����!�\�1�Z��\��\�*-���d\�H\��V]� ٙ�~MC�:\�\�P%N�/\�̅�)`vu�k0\�t�\\ʅ�)�e$ϱ\�}+U�W$a�L\�\�\�\�\�w\����C�]��� \�}�	7�\�Q�s�`&*0�+P\�W��_^���$LL����a$d�+a\�/>\�\�\�� 3_\��{3�\�{�Z\�^�e�\�򾐰P|����S\�rG\�9L3m\�\�5�V��\�\'\�\��Y�\�ܑnYQ��.?J�\�qeYr�����`\"\n�럒^$�/\�b��7��.\��y�\�5\�\'\�I�\�\�t޸��\�{�\�p&G�#���\�>3\�����~=�W_~�[h\�d\�\��́h`��&b+��C�\�9��z\�rJo\�I\�\rY��c̿�cʕ/�r+\n\�yF}JZ8\�,#�owX\�U\\{���k�݇t\�\�������x��̹<n\�g�Y����F\��}pw3�s��	V\�,�\���\rY�VUΊ\\.��\�|?�ݭ�\���V�Y`�G�b��w�[N2�\�\�\�\r�\�\��ަl[��s\��\�4�r��̗\\2]]z��\�C���o�\�\�-�\�B;&�\\4�/\�b��7�S�Ǽ��Z�ǌ\�{L����\�Tv���X:\�ݷ\�&C\�]B�r\�<�O�Yy��EQK\'������ζ ӧ�\�!�\�`{\���8-��ɀ)U�\\+W`�\�G9\�\�q\�w��Ohk/\���+q��xc\�m\�w?Fa� N�\�C��At�6�0=���#�`�c\n�\��\�/���\��u���)�ԣ�\�-\\C?�\��gHɲ��l�q/��(����L\�)y_Xx0�>@\�\r�o����%�\�\�\�\�]5(� ���S~\�?�yd�:U\�a�)\�Ak]1�\��w\�J\Z@\Z*	)_��tL\�\"7Μ\�\�\�6g��\��yǎ\�CQ�Z8\�\�J;,1��I\n�@r^!�=\r�lhG\�\�\��Q\�ދ\�27B\��\�\�\ZWP��yT\�C\r\�f\'0�-׎)`�H(g\�Pμv\�\�\�$P\�U�)�\'��Q����\"��\'\r֡ �(�^�s~�(m��\�\�\�{\�\�\�GwG2\�\�\��\�fnVW��\�p�!>>\�)gP]�3\�\��m�Fc{���`xt\0�	q60�䒤|_\�;\�r\rfS�)\�\�LqL\r�H#շ���P~��8b�.�§����0Uӝ��\Z�\�O	\Zj�صg5Ξ؎NW�ȥ\�\�%�?\0sf\��<���\�q8\�#\�)OC1ۨ?ą =*yi1HNCh�?._:�|g\Zs�8��G�a\�\'`\�,G��K\�O���\�	��C\�$\�/\��\�\�1�O����\�\�\�s��\�͡6�;/\��8�3\\�y\�\�F^Bv\�Xŝ���\�0��A�\�Z��#�*v\�����	E|\�!�8PYQ��\�7��\�\�\�\�-$���2dU�\'`��x\�ry_td(\�M>g\�\�\�S�h1(E\�ݻw#`f\��d^��\�Ϝ���r�Ē\�K�zZk\�X����P�\��ha�Z�\'�-)|\�1�~�##C8r`+._8�ؠ�ꙉI1�p�\0���߰\�v�!+=F�*X�ˁ�j\�d�#8\'G�1�)\�:ٻ\�\�&�˼�l\�\'��P\�y���$�	�B0�{~\�\�-~\�e�<�h����r���չt\�\�\�θ�StE��\�Q��\��\�ٽ\Z��sxy�.wB3\�\�r\��O�Q���\�\�,\���PHQ�Y?��E`L\\$r�2PYV�t\�DN��\�\�\�yp\�\�۴,��EF�`�\�St��\��$�\�\\S\�c�Ӻ$i�,̡\�\�j0�\�\�![\�\�PV����\�\���h�+@s�%\���=�\�\��\�`�\����\�`hx��\�FD�?J��AR�\�d�T$\nx\� 3=�;0^]�.\�O��*W;\�P\�R��t�S:H9���d�N�\�D:O\�\�\�5\� \�=\�ԭ��ɂKN�\�\��(\�4`��\���!5-\Z\�,Env\nsCp\�\�F�퇧\";w��#\��X8�.#&ہR7��\�P\�\�\�KFB\�1x�SYɦ�3f\�ሡ\�PQ�g~\"N�\�\�޼U����e\�gVhh\0>��\����S�\�kmG�i]����,\�IF��|*\�V?\�*?w\�\�P�\�g�b\�\�%H����#�\�NlB~F\Z<��`2\���;��c\�ƕ8w����{A�H|fJ(r�pf�0\�B\\\�E������E\�Jc&�܅\�t�P�\�\�Iǰ�M�wT;�\'�\�L�7,��j�N�\'q\�ĺ�C0\�1\�0:\�Ԏ����˕Kw`����9�\�\�ȯ<@X\�9�\'O\�ĥ{|\Z	\�\\�U�\���a\�yHK�FZ��Š�!]�2<�r�%��N\�\\�U���\nF������iy_|\\��\�@��V��`\�\�\�\�����:�����*�4\��Epf)�\\O՗\�\�j{5N�\�M�>\�*=��]��F\"�����+�=y\�\�\�?�\�\�r\'�nAt\�	DQ1t\�\Z\���D����΅��R\�\\�pW\�-���&�n��Ũ�,\�%I�u`�\�t<[O�I\�V\0\�:|���,˗J�I\�\�\�(\�s�A2���\�u�c\�~��P.(U�i\�!��\�֊/_�\"35�\'�����=�u�Z��\�FA�/�\�Z�`V\�mMI̥��������|LU�\�L\�\�a�\� �\����ݕ�V�ӝ��]%H	�S�\�C��OA9\�\'��1\��>\�1�̾\�0�c�`42�\�\�V\r\��b�\�\�D\�O[\�\����\�\�)��c��z��8�7�\ZɈy\��&4\�2r\�U˳�߀��\�wZ��\na�agqh�&���e؎�s�b��ں|�\�D�;\�u�(aNU\�/\�\�\�\�S��t3P\�$�\Z2�t�qs\�\\v�\�&\�k��;\�\Z��k�(#\�\�Z��\n��\�r3ڗ/?#16L\���K�q��w\�\�\���s\�\n���\�p\��\0S�9qw\\\�h\�,\�\n\�0\�IAwE\"��sv�g���PWu�\�]��?��\�T\�1\��B\�>m�348o_=FOW���.���E���g��\�9\�\�;7\�~9��(\r\�y\�m�B\�u�`ø3;�5�X��P^4\�ԅ�2�|JU\�\Z�Ł���i��\�|������	DJbN܎c��`\�\�\�\�.(@U[9J<yhj�ECk-j;\�\�\�ь�&�\�\�T 83];\�\"U�t�r\��\nL\r�@h:W�{sMk��)l��\�\\ְ���\�PN\0��X%.�\�R?�T.G��j\�G���߁�{\�a�\�eؾu�\�5�\�]�\����\�7��1\�\�\�\�\�\�0:3\�7\������E�Jg:\\\�h)�G��;���f�\r�xp���֯V,Ӓ��,�U�\��\"�`�77X`�LnG\\i��JY�\�\�j0\�\�hw\� .\�Sk43\�u6�\�\�\�-\�@0�nY�::�~Ο�ف��R4V��P֖eaɢ�X�\�e:߾\�\�j\�v9��미;>�\��\�^�%\�\�\�w��g%\n�q�\�Y��Ġ�҉\�B\���Gkm)�\�\n�i�r[�i 4�\�\���rO��~\�Ҝ.R�\�i)~��$�b`\�s��\�)\"�����\�E\�3_O}�\'.�.ʄ#\����\��\�\�X�z	Ξ\�\�\�w;�/G\�\�]\�q\�\�\�̊\Z7\�\�B�4\�\�J��\�IFgE\n\�ʒQ%g0�㘃\�\�Ƶ\Z$�(@\�#b�\�t�\�*5\�V\����]?\"Ƅr�\\u�m�^\�\�t�k0�Z\Z,0o�P\�H\nSg�4�	#��y\�:\�\��\�H�=�U\���.}�u�vg0�\�\�l	\�sa|�t1\�{ݮy\�Nk0\�n� \�\�~8#�s;�mFll02QH�\r�����9�\�y����\�OBuq4z\Z\�\�s\�G\�\�α:��t�\�hi\�Iu\�\�.)��\�`\r��\�`2�\�\�\�G_+O\"�Y����$\�1\�Z��9?�,Դ\�R\0M�/_\�1?|��\�\�\��=�FO �Z��HH�\�(0�mY��\�#�8��|�1�J�9����\�<\�\��Pc\Z\�\�I\�\�@SU*j\\q�)�Ags>Ϋ~��P�\�\�..�\�.\�KL×��\�\�٢��\\QC(\�Z��9놕��:\�\�\�o��\r�\� ��\�#H�@X�\Z+�\�\�\�\�鳻�n3���Kq\�w+�X�\�\�X�\�F\�\�\�\��t�\�hxJ阋i�W\�\�a��\����䇜n��##\�4\Z�\"\�.�\�\��x��\nGEyJ�\�(Q]ɐ\�Ί�*�GS�����H��c�#\�۹\�,i)�xt�� .\�$\�V�l����;F¹�r��9�+\�I0S\�t标`\��_\�\�h�i�Ci$\�U��\�\"ȓ8>|�B7�c(_���SH�=��4�!��iǰm\�2¹\ZGm�\�\��С�\��\�*�\�\�hd8�+���D��$\n�l��2�\�G�,0$}`\�\�\0Ty�2�������n5�C�S	��ʱn֮_\�\�#6���!\�W�]\Z\�\��̢\��3,x\�Q\�\��ƭK�6m]�\�\�\�b\�~~\�=+��Q#%��\�\\?L_X��\0\�0�\r\��\�:z����\�W�!\�o7\\\�	�%D]>Fۿ�l���P��hFQ\'ǝ�p��\�r\�\�`�e�`��\�\�i.�\�\�4!\�䘲�\�tLY\�m-_>f1��3=	��Nu�}�`\�!喋<�`�J\r�5P�U�3#�X\�\\>��\'��2?]\�HM؏];VRkXQ�b=\�\�0ω2O\�S9f�<1/�Ux�X53�\��\�AMA8�Ԧ �\��`$��F5m��^;�q�Z����gӵLn\��\�j�\�\n�^�TM\���\��W��{�\�^��\�\�;\�ɈAp\�9:y9�\���E\�\�\�˰c�\n\�?���ӑ�oИ�\�*Ԁ\�~-+�?�\�g�����{��\�{|��;�ocwD�\�Q�;�A~���|	\��a\�\'�\�iy�͑#�q��nD�j/\�\n@F\�\�f�\"�;M嘄IA&�g\���w[k�\�F\����%\�U;�\�\�2�a\�|V\�5r_�ө�t��K�rϏ�֏\��=��8cD����\�w��\�s\�cpt\�R$�\�\�\�(v�b�#�\�\�v\�Z��\��W\�\�\�=��S�\�m\���\�ޕ���B�vF��\�8t���Gom\��\"9Ҝ\�$����\�\�\�]C��gn�>�\�}I\�\�x0>�\�B��Y�o,(�\�\�\�\�/SR\�m\�A/?V%\�|�O\�G�3Q��p��>���ræe\�{h%�\�Y�=W��8�]Uh�)A�\�ɔ$S\�͟9�\��]�n=Y�(\�P?1�3�ٻ\Z�\� \�\�q��\�L�g1t��>Ȏ�A��Qu�(\"�(�<��\��(\��GZn\Z���\�\�TGYa\�ہ�Ly\�&����v��sd}.�Pn�,&�\�\�1��\�\�W+�\Z\�iyMI\�\�1�R}\�\�`9\�v\�\�\�OG\�1\�\�DoS�J|p\�g3v1�\�ض�N\�%�N�W�\�ѽ;�,\�+\�\�\�\Z��S�\�+8]���z�Ԍ\�g��c�ey��z��S�\��\�@Zߛ�:�h03�㿟CSm���\��þQR�+�_�Uk���媏e��,����7\�\�\�	�0\'��f.\�d\�f�Dwܼm9�W`\�%p7��\�)\�:\���sg\�-��\�P� ����\�z_3R���Ȑ8��Z\�#\�\�\�ȵ<��\�c�7w��0ܝ���$q��\\\�\�\�cC��;\�\�\�G�h�R��$=�H;���;ZiMkW�\�\r���N\�%G2P\�W`f9�\�\�C�r�\�Hfh\��5\�U�\�\�\�Ԣ`�+?\�r�-�߼�SF���\���\�<����\�k0�U�\�W\�HO9\�Ϻ�\�*:�q�\�(s�\�\��1u\�\�\�ff_�`�i%f�7\��\��}\\�7�0���~\�+/\�\�|\�\�\�\'�[��G��\�(|�<��.}�HҁyPz��k\n�r�S\�@\��p|n:|\Z�� \Z��ش\�6n]�c>�q�����M\�y\�@����ۥ�ϴ�\�:[\�1Е���,\�\�<\�,\�\�>\'��񛥸5��{#E�{�\0c#x�\Z�m�HN\�`\�m�L<�K\�2kZ:u̹q���\�]�F��<���R�;�cҝ;��\�?\�1\r�o���_�`�x�NN�L�\�\��z\�_<�[��Oj\�,\r\�p�#~�;�i\�2lټ\�\�\�At�\�\�J<}p%�9t�\n�{Ӂ\�/\Z��y=��\�~��?(\�ԛ6���\�*~4��\�4\�v�\��g\�\�\�GK{\�`R栖� W1ה|S`߸i�._��\�ס�˃�\�|l���>�5<\�\�3�\�`DX�i	\�sϲ�w\�-\�\�\�@��\�b�p�<�y\�bү�ǇO�\��\�-�EgSZq�F2F�\�	k$n�c�/�3	%\��\�\�O7x7Q��V.���\�\���\�\���V\\tn�;�\��\�Թ\���\�iU�d���̅��l8\�)��4�\�ƅW~�c�U}\"\�j�\�d\�Y\\u1�:��gkK�{Sq�)�y�F=��w�ƾݬ\�O\�b(O׎�\��\�]�hoHE{��x6:ضT%2p��.�\�ň�З$\�o�Ns\0\Z\0B)Rng����gOF\��Tj0�~\�_���\�ԏv�\"_�v�\�+�y\��^�LA9�h�e\�\�P~�\��f\�#\���]K��\�2\���w6z��5�J��F�̿+�������w\�V�`���=Oچ�&`�7�\�1lS06��\�\��\�f�s\��xf\�\nx4�\�B�vL\�\nV�Q2�\�����\�`Z�����\�2\��K]pf�3\�MD^�\�\�<�SN�\���@�_L���{祿\�Y\'\�\'	��K�����<�AGW!�\��xBr\0���ÑCq��Z�:��\�4�\�\��\�*��/\�Ee�?�\�O��z\nh,\n�\'\�<J8�*�}�h0�cj0�ѫ�:\��\�\��\����#⊪\���jo���ۄ\�Wz�b�f	\�:\�<{� Z�돭\�V��\�[w,\��mKp1|��T��ƅ֪�90+��\��%�v-\�#\��gw�W���\�q�\�W�\�\�\��\�\�ں?\�nƻ\��͞T	\�xx#O��\�/�%�>�i�s\r\�\\�ɼ�°���\n$;˛\�SjqǬY�Z\r\�P`\�1��p�&!?\'\�݃\Z̏,~\�Hi$�\Z]D`)yf\�\0�\��\�\�L]\�\�\�\�ʌ�\�LE��\�\\�c�7\�u8\�	�\�	�VA\�U\��D�\��\rPW\n\�-�h��Ds�?n]ICj��y`.�cZŐ�L?\Z\�Ą\�x�p�`\�s�m���0Z�����,�V�ZBH�?nZ�\���m\�\�b--%�\�\�\�;v��\'�y%�\�m�BkM1�\�\\\�*sX�d+״�\�!���`��\�ے�ѣԸO�(\�8�\�\�¹�\�T\�P\�:���`�\�Gy\�	�f�@^\���\�\'\�0�\���\�=�i\0�\�8�=�\�y\�\�90��\�k��\�f÷\�\�0\�^LV\�O��hb捦\�\'T\�;:��f\�\�5��\��p�80<\Z��nx8\�\��\�V;H0\�O�@+�bw�<���\�J\�V ��rk��\�s�]~\�,:��\�\�L�Π�%I\�-0�K��߁\�H\�\�\�\�hk\�9��_���h�^�_[�^F\�/�\n�\�[�n#A]�͵<��S�7/Ŧ�Kp\�\�f�����\�S�F:�@)�w\�h0��`~`��\r�\������\�\��\�\�h)���+)�\�Ǔ[��\�c0\��eQxrÉ�(-\�@p\�ܵr\�Y<\�	�Z.�V�V�թZs\�\�\r��W�K��\'�\�L}\�\�G\��%�l�$\�wte��·@�`\�\�e~�chv�\���\'�b\�\�u8�w-\��$���O\�GWC\�*��\�<���C(k?�\\�/|\��\�\\\�$d�f>\�`�}	\�bR`Zu&\�ŃAu��̹>3�f�\�i�z\��\�\n�\�Ƕa\�A��\�\�,T\�\r����r	�\�f\�\'\�5\�h��6\�\�\�)�\�8�h\�k�m	��\'Fp�;\Z�u!\�\��>��gQ�u\n�9>�\��\�HW\n\�\�Nw2z�.\�խ|L�\�]��\0?\�1\��O�6�y��<J�1�����m�)9�3#��Z�\��4d%Ƴ�!�\�z؛���^>D	\��y��r+�8�h�N[\�C�\�\Z$nD\��9�\n}q�/��cn�\�}�pl�z�9���p1�?}rW[j\�*qb�\�\��	ۍ���p2\� vݍ=\'�\���!D;|\�@~�\�?S�\�\�I�g#h�ѷ\�����m�Up�ҧ\�\�0d/UU��\��O����gd#�\�Y�_ކ�F\'s\�\n�\�L\�UƝ\�\�\�:\�Y+ŏ��\�n\�\��+�;(�X�\�|d�����\�\�Rx9��\�م��x:��ކ��&��\�<�\� �4\����d<`�~���\�h=�U�dv��K�7_\�i\�1E\�\�7\�S����U;r�2���\�t�\0Y�4d&\�1�砻�`Z�\\�TZ\0\�B	�\�\�\�w�\�\�V��2n\��\\܊����\�\�՜�\�\�w\��\rt\�\�8u~?\�f��\�	\����\n�\�|`3�^8�\�>���\�^\�8�G�\�\�>\\?�ӧ�(0�}\�^��PNIk/~�\�1x:ч\�ڒ�\�\�?}p\�m�۰+W/QU��74\�յ�J\�\�j��*\n-\r.V\�he\�\�RK\�T\�0�PW�K��+?�\�_�\��7��3\�۞�9�3^<���4\����\�<�܁x4��\'\�N��\�\�@\"��P�v���xv3�-!\\\�2\n�b��B:GA(d�f\�(;\�^�H\�*y;��ɂA������\�\�t #!V�\�P�Y=\"\�RuS;\�\�4��	Y?\�M4\�\�N��Y��Q\�L\�H9\n�\�P|�\�f\\�?���tu\�\�\��\�ބ\�\�<lc��\�Al?�\�\���q\�\�0vߍA�\��s\�j�%4	�\n>{Ni\�VF��\�:\�\��`��\��dޞ�/�VZq\�M�שBGe�K=����~ȗ\�n�u���\06�\�RS�\�ļ��*_�9Lv\�_=QXd�\�\�\�\�M�/��\�\�D����2_�w�c�7���c�u�9�P�qW<��\"�?�\�<3%�����g�u\�G�\"/��i\�Oٗ\��4\�zZ^�Kx\n\�\��L\�̞\�a�\�\�6�}1 \�R`JgLL��a�\�/\�\��=7�1�`WwJ8 �\�^\\=�xg:*=x�t7��\�]�����q<�v\�G\�t\�I\�=�\�\�\�\�c8Gh\�u\�\nL��y\�y���\�i\��x�n9���\����l\��Z�p�m;\�`�J)��`�\�u(*�Q�ѱ�\�\�J0+钕yhcE\�F��\�<f�<�\�v�H�rv\��]0�1��3�\�F\�C1\�\nO\�a4\�FY\�8��B݋:\�\�h���\�\��u�\�e\�\�Q��\��,\�%I\r�t�\�\��,W�V(��Zw�\��S��Ӳ\�8ffr*��T(O��!�\�^0e��9�nR��@*Y�MMI�)O4���/\���f<�\���H2��\'��\�Ju~0\�ʃ\�C��\��b��.b�PW�7/��Z\�T���ɇp,� �9��\'�\��\�a\�9�;\�DB\�%D�]�s\�ʏ\�T\�v���\n��c$a��Z\Z�3�\��:d(\��\�(�N.!iP�#�\�A\�r�=6\�<V2���\\@oG�I�\�s�`\�\�i-��p\�E+����\Z�F�\�Nb(�\�#��,�\"�[�Ƶ:?:b\"��.a|(Oo9��NwHF�F1\�\nŋ;9�}\\�\�.%\�]+�\�!�\�d^\'\��\�\\&s�\�h{�)\�\�LO�Cy�9��{C�0f����\��ġG�L�.#�f\�Ň�\�x2ъ���ׅ�\�E���\�T%\0��G\�\�B�\�N�\\܍`:f�����S�\�p��\r�\�a�ϗ =�P�;�Pyfbf�>�˥�\���ǴV\�΅s\���\�}#�\��\�=\"F\�\�4}�\�5��~N�o\�>R\'՗.[�3��rr��$\�m\�M�h\'�r�E�ˁ\��2�	g8φ�\�\Z]$+�-\�bp���\��y;���T\�cw����<�8\�\�pݞ�J\�pk&c�d4�\�\�\���cu�Géxq+3�o)bU��.I\Z�\�\��֚��Ӥ՝�!4`�\'U��\�:�V�T�z*at\�\� +%:���\�}u����/&����\��F49��I\���^4�\�\�\�d��c�y\\�\�g�x�����\���u�}H�9��\�{��\�n��klR�\��t�}ݵ\�ʎF�3\��\\�T\�\�Tt�{0q�������wnW\�M~MX��H9X���)Ӧ����D��\�!��[�\��ӦO�\�e���h5P��<Y\�\�a��s\�j4\��4�c�SC]m�,�B\�w�\n�\�\�Z/�$3��\�l,�N5\�,�q\�B\��S\��4�S�_��\�M4T���	\�>�\�cn���\�\�xv;7b	\�Y\�\���h<�\�\\���:P۔��\��B\� \�U+\�\����\�ܼjّ\�Fҹ\�z�J�)a0%6\Z\�9t\�x$\�G!+�9\�\�~��\�<S�%��\�c.�Z|V�(\�\�|Ǘ�÷_���\���\�����?�\��\���3\�c��\�ƇWW��I\'\�\� \���\�\0J\�\�\'�\���\�{��8r\�0\��\�\�ٓ�\�E��p\�g��<_ݳ\�\�IAyN*r⢑���س}�.������\�U\���\��\�ۥ��,S�\�浤Oe��~tL����6-e_�S\�w\�Rt6T�<\\\�+F�+ٙ�\�l�{\���N=&C�_����?{�Y.P�e;3�\r\��0�;�ڂ#ȏ\�W\��\�P\�:���r�\�2F�\�ѝH�\r�\�M.\��\�$���OK>�P.p�j[\00U�\�ʼL\�\�R����RrJLN\�-�\�2ʓ\�\�\��\�̄D�\��\�WF���\�/��\�+���\�I����<�2�\�\�_�\�\��\�/�\�\�]�\r���\r\�n7*\�K���\�N\�\�\�صm3\��3l�s���+��\�ꕫ�z\�j�Z���/\��\n~ϥ*�gw\�\��Z�[6n�έ��w\�V\�۵G�\�\��];�m\�ȃX\�\��\n<\�j�\�8^�ۉ/\��\���`4Z��Wn)��þ��cb#�\�z\�q�\��,�4z\�[\ZJ\�7����P\'\�JK%Z\�.��BԻsY�\��4n(!�\�\�\"9/�5��Ҽ�O\�`�`>xه\�v\�\�`\��\����̇�+\�\���\�A�3��?%\�\�\�eܻ��\�\��n\�Cp�\�\�1-\0E�#��iݚ \�U�����s\�\�\�	�1p\�g#\'9��DTUW\�\��\�\���\�?���g�}��>�͑hijBY�)ɉ�x�.w�	\�\ZB���q%�)\�.�\0�z%?\�\Z\������AR��%\'�\�\"�N�ȴ������+V�QP\�\�\"�^�\\\�]\�m\�:+��\�Hj\"\�[�n\�\�Il\���\�xE%i��<�\�+�j^P�VM[��\�\��]\�`\�\�l���X�b)�c.���d\�U\'ʙO\�\�=�\�Ը\�T]H��s�9��i�g�쐽%���w̝�S!2J[����\���ǢL3ג���+L\�2P�\�\�w<}0��\�9W\�N�_DS\�4ԜG�\�n_�e����Q\�?Ϣ�\�F��\�q�:+��C�t�\�\�\rMg�\�pZw��< �wq\'�\�N�+<˗/W��u�7\�Lf^)?\r\�H�GtD()I�V]T!\"#\�q\�\�Q\�غ�n�+�\�+\�U+��jX>����o�k���\�\\�Oi7\�g�\�\�Ϧ�\�\���\�\',٧W�\"\��\�r\'�|v\�\n\�\��2B�\\K\0�\�\��>O��RW\�\��\�x�qMm��\�\�W}�\�M��\�\�\�e:!WZԭ[��EbL\0�c\�\�☻ǰ\Z/C�laE.��H�\�GF�הei0\�m�j1 �4��LO\�)��`�gu�\�m\�\�\�K?\�\r�9\���\�}���_m\��x�d#-�(?�g\�\�\��\�\�1h����\�\�gNy�?7\�[ܧY�_B_K^>-FCg5BSm\�\'�r\�rUJ(�\�FruH\\J\\Ev��\'��u\�&��#\�+�:\'�g\�\�ضU\�4\�|	���.�/�$ըy��y\"��3�\�C�>}��mZ`�TB��8�����\0J��#�[R��P;�i�)e�JYOֱ^W\�d\�\�F�i\�]n\�\�\�%��V;���ST��\�\�\�h\�\�?\�oN�-<\�\�0\��c\��\�M�$\�\�ѝ��\�\�u:cmͧH\�j\�RC0\�\�|f��\��>Ql�YL\�-\��ﹾ8����i�\�9#ý�\��)uj\�T��⭼N�\�)uyκl�\�W�|�ƺ��?\�%\'0\����i\��Ý�����\���\\�\��q�|��\'c\�{?\��w��X��c\�س\�N\�e\�3Hb�GB$Rc\�YYG�H\�B�[\�-a�`\�V[��⁧�\0��\�U;X@�(�\�\�\�b�}��\��\�Lk\0�4tZfZ�e��/\�L\0\�Z0*W��%+wT\�\ZL\�~pe\�ɺ\�\�X��N�J�niӄ���H<�0����$ELi@*\�\\֏��P`�5x\�s\�/�9�\�\�\0���6_]\�5{�\��0���I\�T����\�\�:T\�5?�\�\�ߙ���\�\���Ͽ��_�~g���:]�U\�G\����~��x���:]\"�_z`�\�\���|���\���\�\�\��\�T\�V�\�\�=\�?�\�\��p��`|<\�Spw$�*\�?܅���47���\�\r�設R��\�+e�\�\"���Ξ@Vr4\�+�P^��,\�*\�Me����\"\���#\�E%�\'\�\�q`\�+w�È#Z\�\0�R���;��ЂP;����/*G4�Y˄o吖\�rEL�N$�\\�6ą��\��۲e#6oޠr`\�J�\�N\\O�\�-�\�\�\�QՐ�\�\�Iz��\�;Z�N0\�v0��\�\�\�\n\��\�~�5Cy\'�o\�\�:�G_�l�-\�<A%�\r\��sL\��B\�ŜS�\�y�_~\�\�\�YܫoDYd4��b�\0ix�\�+T\���^tw �;�\�\�-|�\��\��\��\�o�h�\��\�\��;ۙ\�Ǹ\����T\�U^By���Vs��u�|�\��\�]ػg;�\��n݆훶\�\��SH`ee��C{�`\��\�8}�bCCX�R0	,r5G��gN���Y>��\�\�\�\�;pp�拇��\�\��gO����<�x\�r:َ$�\�	�N2N�\�0[)T�\n4��\�\�@ib��>�\�Ҭc\�\�bZ�8�7\�[\�V���D�I»z\��jS�\�\���w<\�{k\�\�\�B�e��\�QZk\�\�\�1�\�O{\�\����=�ܔK\�n)\'�U*�l%�mu.\�6	��c\��,a�&zҿ(+��J@�K\0�����3�\0	��ùm-\�sz�\�\�]�4:\�P\�ǡ�G\�bC�\�,�}]}�Tנ���\�Z.�g���G\�flZ��;n-;t5V.�#w%\�˼q)\�e�V���\�\�+W��w\�D�%#\�%_ܺu�\�O[��ܮ�c�G�I$0��\��\��\�Mz�\�H߳�p\�\�Q���Z�\�#�\������\��ֱ^\�\��\'Ӷy�9�8����Zn�f\�\�\�F�0�KFsҠ\��\�\�R�<v���$\��0�\�F�d$\�\��s8y� vn\�B�u\�@(9��k���]bb����Mn��FR\�Q\\\��Ew++�F\�u�������Sq\�U8\��jBYSB\���\���]S�QNM�y���&��\�<|���`\�&?�HW\��!\�g-2/m\�>~���4Wxa9�v�r\�\��F~\�\�\�l^�5R8p\�::�,�V1�[\'G#�Z¤�g\��l\�aQ\�R9�\"Ev�t�\�1\�tGK�N�\�N5�S�3\�;\�L�\�d{\�	\���D�-�:��?��?�e\��ږy�i�\�}�5�WRP\ntP@�sZ�rPK�\'Ӻ�V�\�ZU\�bx��ߙ�\���p⤪\���d?\�aE\nKr�\Z\�\�*\�sg��\�#��֡��\nA���q\���g���\�M(K\�\�T��ǔ{\�\��[r\�\��\�hߣ\�Oq\��\�\�{��\�al\�\'ܺ3�;\�w9}W-�w��\�p�=����\��k\re�|�e��YCߋ#\�_V���\�_D���6c#_\�\�\np�\�.�^�l�r�uk�#�\�;���ى^�\�2J\�-\r�2�v��\�Y\�\�\�X���#�A��ͺ���\��۶ܼf�\�|�y\�ּ�=���iI;��R��\�\����~z�+�g\�N�=ه]V,\�ۖSi����\�>��V^�~FJ>�lW�!\�۶r��ڿ{�\"BX�;	f-z:\�\�\�T�V/�y\n\�\Z�q�\��~�D���{\"�탇J�<���p\�	\��\�o\�\�\�\�^�����\\��\�\�n?�)�q\�\�5\��\�\�%K�i�J�\�B�\\�W�]`\\M���1�9�\\O��tļ�c}i-\�k�ye\��\�z|��6;\�+�_ ��\�:r`\�5f�sdǩ\�\�^��e��\��\�w\\�\\\�\�r\�2\���`R�RRZ\��^\"\r\�\����\�5k��52�G�\�\�#�\�1���ܧ��.հ�$_�q����`�\��\�Q���br$\�1�>g\�~�\'O�\�\��#�k��\�Ǐ��\�s8�x�\�z\���\�8>L�³\�⪣���\�4<xr�\��+8��\�	�<��\�ט��\�k\�˖`\�\�UH�	FwG=||�a;BrI\�7mؠB�|A9�弤�D�i$d�ם��4n)����i�d\�<q=\�#�ۨ��\nL\�=*y�ٶ�\��>�\�}\�C�Pjٟ©���i`�VrJ�2��\�3��r�T���Xs\�\����y��o\�/n��\�/k\�\�\�	Ν\�@_3��24\�*0\�4QC����\�\�͛7������wt\��\�\�\�ӧ\��(y\��޼}��G\�t\�1\�6گ�Ч\�\�������FZ�y�\r�\�\��_�z�9RBp\�w.�\�\�pn�������uU\�\�\�	<`Z0>vM\\\�p$�\��=��u\�&V\�U\�w\�N$Ǒ/g�<\�\\��\�1V\')I����[\�\�\�\�]_\�ˎ���\\Lv�,W�Y\�l�\�μ0l��M#�?�\�\�\��e\�r�Y��\�j\�w4\�WZ#���S\��dk.c*8-@\r���f;�\�N�_\���^�^����\����e\Z|ݏL�S\�0\�ۊ\�\�\n4\�\�=��4_g�P\'\�M\�PN΃S�������_~�\�\\s�=t\�{\�\�\�י�\�F�\�\�\�x�\��\�C�\�\�$~�\�5,,.!�s(ف(*I�\�\�\0��������^\�67���SUp��~�\���\�W<}���}()/FdD(N?�\�۷1!_�m\�W�o\\�)\�)�VJ��:\�\�y\��$\�F�����pn\�ì\��v��\�\����\�7\'뽲\�ڤ^�Z��\��D\Z���W��s\�|ǜ׷\�ѯ�\�R+\r*\�ݾ\�\��՟�2\n\�3\�_oL?�S�\�N0+\�5���t*�3oz9\0K�~��~\��\�\�,��H�\�\�/���\�\���\�\'|�6�)�\��n\�;Q\�)g\�S��?=�\�W��\�$�F�\�\�݂��!<z�\�^�@~q�\r\�ً���%.�܌�f�:�y�!�����>\�\��	\�\���\�W|�\�_�A�\'q����\Z\�811�\��18�[C��3܇1B~���\�\�\�p\�\��s*��J^:W�y\�N�:\�\�,�\n�\�i\�t�\�\�i�t�lC��#z\�cAEy�\�Z��sJ\�6�]�e\�,W�\�6o^��>\�\�hn\�|^\�jWԒ\�H\�y�i�����}��e;\��T�\�l\�\��̛\��|\�]��\�s\�}�\�2�\�]��N\�0\�^�tKd��x�\�w�9\�k<���/�\�\\�Ra�\�\�,�\�`\�z7r�p\��><�~~\�\�HBq�u--�7�\�\�\�ޣ���\�jܹ{�\�{�\�<\�8�Ϲ\�_��/�\�Ggw/\�q�@�c��#\��\�:\�p�o]}��x�\Z��?\�͇/J�>��\�\���g����n\�\�\�niDN�<�\�4>��{wc\�m��^\�1^GU���U#�NW`$��.;L`0�\�z>i��0N�v���^�/��`�d�b��i;�2md\�\���\�b\��3��\�1�?���?�c��\��gN`\�j:�$�\�*\rf}�\�p�-)\�σ\�\�F{G\'FFo3�d��@�y�\��\�\�����	U\�\�\�\�ICdt /�\�Y.��\����{	\�	���]]=\�f%��nb`h���\\ֆ�\�|��>AM���_G}C\�\�`\\���*!����?M�ŭ��1|�9�\��\��W�9�\Z�&\�\�\�+*\��\�E�+ΜT$Ć\�r�y�9}\'���=��\�\�\�̉cؿw��$ר���Fҙ\Z\0\�DN��\�N7\�\n�\�3\���\�ݬo\�\�����Mf^}&�6\0Ej�@a��\�p��&\��o�ik\�v��u8/�C�/�\�\�\�1�w�\��}��_mQ�(��_f��8���ss\0�\�d}yi��s�\�,\�\�lqg\�\�֠�j�\�q\�o\�Wo�U�����B�ˉ̬$&E!2*��}p�\�!\�?������\�\�\�G����\�s������dD�E\�\�\�\�\�C�[�m��\�Y��v\�\�8\�x�\�\�>\�\�\�\'�?�\�\�\�\�y﹂�u�p��܇��΢b8�\�\�]�<�*\n\�q�\�./Di�\�%y��*EmY��>����\\�\�Q{\n�	\�1:잝\�!\�\��\�dGX���\�\�fϦ90\�\�Q�xV\�Lo\�~\0�\�j\�\�ǀ7�U\�\�\�\�\�g6\�F2/@�\�8\'3/\��\Z�~�\�u\�.X.��w֒�}�\�O?�lm(U:�*q��0Mu.�u��\�Kj�3V�KPUY��R\��\"\'\n�pf� +;.WZ[�q�\�\n��\�\�\�\�\�\��{\��hi�c\�Y��\�\\�^2�@h�E\\�x\n\�O\�ñ{q\�v�-�\�b\�\�\�عu\�ފ#v\�\��\� .��EDT8N:�ۃ\�撄������C�(�\�(\��F\�)0\�7�2�3���I@ӑ�\�@An:��3QR�ü6eEY(+\�@�+�\�1\�p\�E\"�?|\��\�	\�\��{ph�^�\�{va\'��M7\��\�:\�L�\�\�<@JL�M>�lg!�FH�֐\�i\�NɂOO\�\��\���Ԡ\�wY̹\�aMCi���\�潭w�����ϣ���̓G�2���n)���\�\�P���j�_�K::\Z\�\�ք\�:j܄����\�U�\�\�|\�\�\�JF�#9\�tTT�\�΢��Ƀ�9\r4�k�\�,p�\�\�T�\Z���S����\�T8Rc�����P\�2���WJ�\�6\�$\�%Unx\Z�گ��j?��\�7<��	�I�L�Tn)\Z�{�\r\�Cm\�:fr\�1�s(��\�@�Q�BZ��\�67?\r�F�L��8\�.\�gg\��\0LEA\r�\�\�Ga/(\�!�66oب.�\n�\nv��LKM\�AT\�\�0Z\�X�\�\�Z\r�ڮZf�rB\���y#�~%\�:z}�]��oЅ .��\�1۷��\�\���\�\�\�\�\����\����Y�)Oz�{\�ˊR\�@\�t�DaÚ\�X\�:��\�RK�-M5h \\Օ%�(-G�iW]� G��+7=\�/\�:SQ@�))\�GC�W��\�a�\�\�\�L`�����N\\�0^�\�\n\�Z��rOut\�5h\�\�\��\����%\�>��WӸ\����op\�\�k�>x��r�\�S\�#tϞ�qT7�{�\�\�\�Fnn���	g!$�\�=�iJy����ɔ�4\n?N\�Icz�EW\�EEY!�5���(7C�#	A�p\�\�a\�ڹ+�\�;S\�k\�N�\�:ހ�a5\�,(XzG١�\��ٞ^�\���c��v�\�\�\�5sy�������mn9o=�\�u\�΃\�z�w\�z\�,S���\��l���}\�R�\�N2PW��j\�\"�̔!=%V�\�_�k\�jl߸�N��>�����<4zNk���V2gs�T~��\�KIA>\\y(\�ϦB����L*י\�P�~O��\�/,,`\�ӎ�\�\�\�DǕv��7�\�\ZA�\�^�t�\�s��s\�y<\�\��\r\��ƭ�R\�p��`����r�\�S���\�\�A0]\�\�e\nA sdNv�j��NAH\0������`�ILS���@��$ߣ��[Z\�D+\�I_w+�{�\�\�s\�]�\�\�\�@[[��\�q\��!:\�\�\�~�\�s J�Ӛ�hB\���+j����^[8M(4@s\�\�\��C�\\�\�\�j\�-&2m{M\�W�u�\�\�i�\��i����\���mSP�pݿ\�\�`dȯ*gD�\�奙hmtÑ��<��\�ۊ�{7�X�[\�`\���8s�\"C/!?+�\��\�#k逕e\�(+�\�5t���4/W\n�\�@fz\n\�)\�\�\�jYuU�\��c�\�\�u�}�i\�D]\'S�1\�\�\��C��\�A\�N��P>\��\�\\\'�?=A�\�혅.�;�L5\�	Z�Rv�\0�� \�̊W\�\� �,^)33Z��IJ\Z\��o:ܕ�<(݌ �hki@o�L<z�\�\��{�2\�\Z��>�\�\� ���Q\n�Cb5Ð\��\Z�\�\�T\�s;\�,�ev�w\��>�\r�\rY\�@(��QZ\�\�\�\�&=�\�岯�sTY-�ezl�\�$�\�\�\�\�֑.\Z\�9h���;\�3x?���d��\n\�e8\��\"��F�X�\�\�\�A7,\�!\��\�\"#.\\�;F0���>v@n�ܮ\�#�\�V�\rصm-�lX���\�G���G�Y\�{h�����\�<Uq\�3�\�o0�k9�\�Z�Ñ�Ԕx$%\�3\�3�,-F�Ǎ��VT\�6���Cw_3w�3\�}\�\�\�\�|\�V�p)x�\�\'\��ƞ��a{���[t\�v\��\"C�\��4`f�@\�bN��i1N)##��6�fF�\��YY)Ȕ�\�{V2ݨgQ(�\������7\�\�\��\�Wx73�ٯ_���\���/���\�����w�\�\�*K���J���+*@�es�i\���ާZ��\�_l�K��ah2~T\r\�%Dj�@H\�\�\Z23-w��i.۰^\�ҷ����\�V�G��\ZZS�F(eڌ\nS\����3�;k�	\��8�mr\�\�\��DZ��\�kpf\�R�޾Z��\�&{�\�v(\�\�ձC�:JHw\�؀l0��Tv�e�:����Fز\�fn\�d�/)P��{\�\�\�/?8\��H�lG\"\�b�\Z/�F\Z\�:�\�\�,v��o���9\�[\�{6�1����!U��c:\�c�ƾ;l	\�\0[�����Y���E�\�LF�\�X��\�\��#��6�tQ<\��f*�ǬBKc�J=\�׽{w0==�ׯ�\�\��q{�hdn�ǂ0!,Q}�|��\n�G\�84\r��tn~\�:\Z<-=o֑,aU��$\Z,-}����\�p�q��q�7l��M�\�\�u�KAh9�\�U\�\rhf�L+�4�I��r}�BHMJ \��^0�c�\�\rp�܎\��\�py\�:�\�]����p~�Z\Z\�Vu\�nɉ\�; :yd��]8A?L\�}�7#�;\�\�	lZ�\n[7򈐇��\\�M\�0\�ڇ�\�2|V�\�x���9h�%�+�\'\�\�`N\'���;�bX�G#.:��aHq8P\����g\0\�\�p�\�ƞ�\�\�\�o\�_\�-�*0�ަs\�z�\��Q�ىܢrf&�\�`u���O�1�P*\�L\�f�\��dp:�P:�9�<����Ϫ�8�\r\�ho�UE��¥\�P�0\�g\'G\"\�\�Y�;��\�\�\�û\�σ4\��\�\�\"=\�\"2\�C�o*w�tni\�GXUX�^�!�,��`\�\0� ��+\n���\' ���\�\n\�-\'\�:\"u��8�ن�nG�d���:<��+cg�>���o�\�D�r뻪�\�\�\�ۢ5�+����{\�z$ق\�Ck�}tG\�\�ql=r|h��w���%���\�\�8yt���]\�=�\���p�\�	B�\Z�H�h\��\�*w\�\�BW-\�\�u+q`\�v\\<���XH�\�M�QQ�ϊ\�ɝ\��3�\�\�A�\�͠�J����Ę0\�_D��9Ą�p]:qC;\��oa�a|\�\�$�\'ި\��\�C�\�P\�ԅ<W2���\�5呁L��t�Qh9evv<\�0���\"V鮂4\�\��\�]��TN\'ߓ��4\�\�`�\�dh�#|�ND\�\�\��=����\�\�gC c/� >�<Q���v�.��0f�9�Ԃ���\�\�j2T ��v��cnS �\�I\�Bk\�Rl߲�)\�V�G\�\�B\���\�۸|vl\�b\�͹N\re�\�\�݆\�3Ia\"�@\�\�\0���N\��6;x^��\�r<�!� \�\�TU\0�zV����xZ\�{E\�q��<&\�C\�\��\�6~�\��\�Z~x\'a�c2�07�\�nL\���m�\�1]��k��W-瑷R�\��\�Ǒ���LJ\�VN\�\�d��\'\\��	p0u$E#=>�ѡ�	���\0_�^P����\�P\�q�#�p\�\'�\�\�x\���\��f��\�P�\�<1M9f:3��b��bg*�4\'\�pe��\�.\�X�͐�\ZE\0�\�\�˾\�|�$�\�~�� N����C�Q�$�\ZƳ��Aa��|N).\�Ia~pp[�qA^0eg\��B{n(N*;\�\�؅��d\�\�i)���ڷ{�c#\�v壥�\n�\�\�(`�r\�<B.�\"%6L�~\�h7�:�\�\\S�wSY\�T*\�c�žJ�y\\�=\��|\0a�\�w�\�}p\�\�	q�\��O�HA(�\n\�s�\�n}�\�d\�c\��\�\��R\���9΢?\�F3Nc0\�4��p5�\�%1\�\r?7\�)9O\��\��r\�\�\�g�\�\�P��a|���\nΝ\���s�T�\�}���R[7�Ŧ���\�\'+�qz-;3�yf82\�\�i&!�b\��PK��Lc�O���F!�JMCr\\�.�s��AD����e\�p{jQ\�*�\nQ\�P[P��\�\�lcN�9Q^��8U���l\�.��0�� ��\\8M�\"|�\���h�ONI\���(E\n�\�\�\�\"�\�R\\\�9$��GZ\�%V��Uh5`�*YQ\�,U)\�Ьv������\"Yo�\�\�&t<\�z[\�1~��ݭJ}\�\r�\�X��\�R��\�\�f�*H�+;�\Z\���0bu6T���\rLKZ<eh�r�\��\r\�\�H?�����\��WÂ6,4H\�\�\'�q:#\�\�U}v�}�\�[�\��5*`ofJ軓϶�8�i9�_��k�\�[�ҷ�\������F2�D0�ma1#`\�`H\�;J�\r\�n$�Z\'ݺqV�X��\�0�9���ũ\��A��p[@\�wf\�\�Hg�OW�F�@�D\nANe1�\Z���P$E���\�kc\�v\�\��i�<��<0\�`F!�BHHH\�\�\�����)Y�e�]���\�u��V\�G�v�\�i\�{C�IO.��L2Hɟ��}k�%�\�7�d�q\�\�\�!W����\�\��\�\�\�\��I{GH�\�\�B+\�OqC>a\�%\n�>]��/m�n\06p>,\�ۀ�u)�F�:��Qg�.݃�t�K\Z�&�\�]{G\�{�&�\�AV0\�9(�H}-���!�L8f\�><@j�J~�\���O?���������o\�\��^~�\�7�\�ﾐ���S|�\��\�\�s\"_\�K�W���|�\�\0\�3��\�{�\�\�ғO\����\�_\�]���\��\�a�p_�-yq�t\�#!\ZK(��wb�R(!\�N?t\�\�\��\�Va]��\�\��<.y\�0�+s\�S>\�(|�(�\�\�iB�)IL\��JB\�e�\�2���\�mWV�(n�:z�Y[:&��\�\�\0\�G�DrG`�\�(I*4��\�\�Ӓ�,\�[ώ�[\�7/o��Pb\�sT\�pN\�y_��N\���<�N�\�p\�c\�[r�t���U\�t\��.�\�\�\�@�L���tN\�dpj�\�%	��S��\���P�\��\�؍\�Nl,�zF�Ƿx��\�!٩U\�\�]_��\�\��\�\�_\�\�}�-\�;�\�p�o\�\�wo�_\�K���-\\��\�\�p��PL^�U\�{-yu\�Ct8�{�_7\�����\�`~�՗��Y\�\�p��8�6sg���.��j\�\��\�u��\�Rp}K[�?)ADӛՀ\\\�祛_�Vv^N2�\���N�E��\0ǵΉ\��U2\05�`6�%�f%\�i!}\�\�\�\�\�{(��m\nnx!��e\�D��JyF.�$\�(\�wVR\�Y\�E��&\�\�=y\r0\�0\�T\�w�8)]����%ק�\�-�pR:\�ysGZ��\0n\�A\�\�\�\0\�\�c��Iu%\�ӯ\�\�M\�\�\�g��fބA�ˮ��y�1U>\�ıx\"\\\�\0&\�f\�1\�\�|\�J��e\�c\�K�N�\�\�^s�8��0\��\�L�VL\n\�lVVIv\�����\�\�?GD�-R�c\�|�\�\�K1���,�C���\�\�$�޶A\�\������\�\��\\w�\�����ef\�\�\�g�0�\��z3�\"i\�\�ZJ�ܨf�^ˢ-�������`\�CK\�q0\�!�\�<���/�\�,\0,\�brY�R�|: �\�n@\r/�J٘l�\"\�\�f��k\�/^�ӗ�|�a��\��\0\�\n��֮\�\�~���\Z�&\��-\0\�r\\��i�d1D\�40ٝ\�qe�0]s4�[�l\n,,�\�\�\�\�B\�u\���:[ ��N\���e�\�\�?\�H\�uݻ�&��,\\x�j��\�u\"|\�\��p���0\�R�rK;F��3pͱ\�\�C<\�B���/\�|~��_�\'�����\�\�O\�?�k\��eS��w{�+�\�Luɵ�BY�失���\\E���\�\�\�\n�&\"��–��>\�C\�C|��\�Å\�\�K��K\�a)�B\�L\���kKG$\���Цj\n�\�!ӭjN\�\�w7M\�pS�K\"\�߳��\� �\�EQC�\��y$\�y��-����N�\�c�3,zF\�FAdb!Du��\�U�\�\�UW\�!��!CM8Ԅ�\�~G�\�c�s<� :@\�\�\�\�L�����K�q=Ba��b�\�5p4L{.i \�Ra�c׳��\�RV�\�c\�ٹ�\�\��(o\Zuɟ>ݑ��!��Ŏ���*߶2�\�QB�:Hȷʹ�P\���K\�dS�����^\�Hc�\�>̰\�銢�/\�5_�Jܩ��l��S�`r\�^���,��r\�-sɀd\0k!��JVN\0\�=�\��]�@(?�c�\�^�enH7|,DF���\�vT\�+v�\�a\�L�e�{�E\�\�	��m�@}\�ono!5\�Md���\0�yuKw\r���X\"�V\��APx|�\�>K:$�#@^?\��^���k\r\����\�n��\��\����3�|�\�fU~Y^�^\�OrV�\"Ӳ�<!�������\���T=(	\�ܳ�\�\�����~�c*�\�erP0Yq��i*�9	��2�\��n�>\�K�Uh\"�9�\�\�鞼������L;\�\n\0԰�r\�*@\�@\'�NM\�v�C9�!�\�y�ӆ\�󪳣`\�l\���в\�hC\�}�\�\Z\�Mk|5��a�C�\\\nV4y�\�}�\�q\��\�\�EE y�\'\�3�J�w�]\�\�\�\��8��n\�\�6o�m�{؏\��\0R�\�b@�\0e5:#���\�\�OnDP�1|��D(kp�*�\�` ��I�F\r�D~I�\�\�!�2[V8�Q�?\�_\��ƨc�\'\�M(!�~0U�����,$\�s�/}z��~v�-�\�[\�~ǣ2�_�5ޮ}�^�_\�\Z\�1\�5\�E8ώ\�r\�\��\�)	$G]Xys&�J:����Ζ����s^BD�s /�3�r���2��	�{b\�[���2	��`R�4pl\�D\'3(�\�\�5:\�}*k����^��\�z\�,��7\��a�ী\�\Z_\�q�M�xY����.,H/;+\�\�<�ouIl3\�dU^�������Q\��Y0��@LH>\�C0	)܈`n՘c\0\���ta{\�)	�\'\�\�\Z�\�\n�\�RJ\�\��pӓW\�\�m\�\�ƪi,�J�:\�ZWq}�ʝ\�}	\Z�9��`\�\�aM��\�(\0S c�.�\�K\"�&\�ʜʡ\�\�m(�N*\�t]\�\�\rwv\��G�\0�ݎ\�p\�B�(�N8F����T\�\�\��\\ھ�zm�\\;΁8,��O�]t�*Ұ�Ո�\�\�(=\'��Yi�����ƩҢ��\��O�.iP\�\�\0%�����a�y-�r`\�H�\�)\�PA+��5���Ƞ%��%��\Z\�\�f�(�8��r\�!�N�\rL�ѯ\"�,\'�\���\�r\�ݓ\�\�o\�\�=&�\�H�\�@\�4�\�@u\�:0G��\�gG\�3O��Z&�|v�2(	��T\�J�Է�\0>J\���Q�	k!�ȕM\�{=���\�Wus:\Za�U>	\r\�L�6{\���t!\�\�\�6\�\�;�\�~ �(v���<\�+J��\�a\�2\n\�f~I�$�<I\�H`v�g�\n�p\�Ei\��oN\�\�ҤP��\�s�\nay�⧊ุL��\0J�J��\�\�(�\�_�����bP��e�B0\�\��\�\��ͩ��\�\�1B��s\�m[Lʵ�\0Sg� Od�\�		Va�\�\\�\�\��ꖣr`*�\0�m���R\�UH\0)�G�}�\�>��rS\�\�Q��\�\�:\0\�[��C\0�\�m\\�ֵ\0\"�a�l[�O��\�Ӳ�k�\n\�\'�\"|�=\�;�i\�ܒ\�}�m#�oĦ��\�bHC�i\0&ø̏^��R�A�\�sI�$��T<�2(\��EX9�H�����fL\�\�k\�\�ʌ4L\Z���w�7\�1��\�w��\�\�\�֮\�\�\��(�r���;\��~�#а�V�I\�7i�s\�B�I\�V6n�\�b�\�_\�u\�\�LL\�\�5\��\n�E\�r�\�l\"?l4��yۺN0	6dm��\��mB\�g�;��\�\��^\r�5&w��\\Գ\ZM\�\�d@��َ\�\�,\n\�6`l\0\�-@��Ǽ\�\�;0ǝ�bG;�$	\�W׀#3\0��^P��ANiN�!���.�\�-Y�\�\�\��*\0\�e�cz`2\��\�8��\�sRCNYG\�\�ol�(��\�\��y{Gn��rw\��\r\�1	��F��\�i桧�c\����\�F�\n��êV\���F�:\�5�\�G�{\�o	0\�\��/�8�\�(�T\�\�ώu�&�\�y\��<\'uNL\�y�\0\�%�\n��\�Q�I�sJ�,_\�:�c榟\�\�\�D&%��5���]�\�RP:\��k)�e�\�_\�\�c\�(E��sE\�\�܊\�\�&\�q7:%G\0�@^\�\�嚡=93�\�AI م�(\�1	&Ǵ9\�M��)\0\�.uJ��\�+	%��B�A\� \�\�σ\�1�0W\�BYN)�\r�}#`\�o=�\�W\':V\�گ\�Nme\0ڇ蠱*���.���P1�!�Nj+@���j!�\�1YXh_&�Pznǉp:�K�*a\"|��\��\�yTH!d\�#��ҁ\�@�S�\�\�gB;_\������0`\�0ݠ:H\�t<\�C��Q��3Oen�,N=���S	\�<��\�\�gp#��(�\�\Z�W\�	�\'��e�\�\�I9\�\�\��\��\�1Y�_\�\�t\�pPr���\�By�\n L\�\�\0s�\"�\0�H�LL9��cL8\003I�n,)+v\�\rL>��Y\�샻c�Y)�\�\r\��}�\�,\�܌z\�I\��ߴ\�Aib{m=\'�֎\\]\��١4�6d�Z���\�\0:`\Z\�48\Zo\�L��\"���\�A\�QM\�Z.��frT�y\�@�\�:ޝ[rT̅f�P�\�=�\��4\�4�ϻsy�]�\�0q�_=�\��K\�.�e\��/��Ty:qR�rr\�	��\�\0J�9\�0�L\�?�B`B�ɻ(l�\�%;\�%\�\�n </\�:e\�\�d��\�/-HeA\�s(�f�]\�3�\��ӌ���\nr7�$\�f%Tk�8���<����ɹ���o\�\�L(I!���R�J@\�ܒnɎ���9)7\�u8\��\0&�\\����GLsJ����C\�m�8?�G\n\�v����.�K�Sù%\�\rF\���sLsM�����{GU�\�Z���c\�\�\�ZT9.\�ܓRx<�l��\�:E�R>J\��\�W�m��{·�\�\�幀\�V]\�sXs\�8\�~\\!��.3�\�j\�\��bU\�_���f�9fP\�f�Jz��\��\�\��v�\�\"4 4\�\�KK��q;�)�*��OzV��pݓ9�\���\�;�sV\�O%\�6\'k�H@�\�\0BX�\�V\�+�$q\�ÃaUҼ.\��J+x��Qn��\�-�\�K>�P	\']�tNY!�\�ʁc\�K�\�n-\��\�\�)\�e��c�\�\�d�\�h!����\�\�\�\rN\�\��\��\�\��pL&��l�L��F\�_�%8\0F�(9��R�l�@�뙓�\�\�5�M\�XR�Ro��I�\�R\n:�/z\�8�\�� \�1�\�A�\0pX\Z�\�9����0�\�O��L\�>��\�S)\�u�YO\�&\0� |gО�jlN\�*@-C�G��\�a,�on��`r�e!@r�Ɇ\��Ǩ�͉\�ϑ�r	-v̔�\�։\�B��\�fP����K��\�ק[j%Nyn�Õ�R�k;0\�^�V@�\�o�c�\�u�)\�gr\�;�#TΛpdB�[+�瘸\�4h\�����\r-�Y\�6��� V�,6lV��0�4�\ZG��T\�t\�\Z\��<�l�1\�ct�\�`]�� \�\�αv;��\�Jt�\0S-���˒���\0i�[��\�܄�\�\�q@��E��\0p;2)��l��.=��rL��g]\��F\�`?]t/��\�a�\�y\�zBG̢z\�Y>����R�&��;�]`rD�yeP2�\�)-�\���T0�ϡ�I�\�+L|��\�\�\"�e�\�2�!\\\�!\���q=��ZP^�\�u�䢳/�\�k\�E�I0w=@?H<Ǔ\�\�Չ�\�Q\0HR:\'��z�\�qs��qT�_J��N\�tJ\0<� n�sB~(���R�������Ρ\�\��,~&\�\�ْ\��\�\Z�l\�usQ\�\�v����\�O\�\��P:�,���\�\���(k�g�	0p\�-�\�\�*\��P�/>�*�a�6�݃d+=#\��ĒÑG,~>}˗N\�\�\�\�ț7|c\��p>�ݓ���\\\\\�\�9�LBḁ#��c��\�善\�uE\�pMNy\�t7\�1�s(\��\�\\a*�\n\���u�#r\�u�\n�\�\'�G\�M,7�N,��%\�j\�.\�\�%r̫�\�\�\n�r2���q6@5.�c\�N�m�kU\�\\raۧcBZ�\0B(?�\�E{Wo\"�V��|\�\�^&\�^(��\�M�\0�͵4w#PǶ	�\�\�C�P�\�5�O�\��S\�\�\�\�z\r�)�ĞZ�0�c\���;�\�T\�etNR�Y),Mi��B�\�:\�P�B\�ϡH*.<E(�\�Ig�\�:Q����9\�qbV����a�d�\0\0\0\0IEND�B`�',1,NULL,NULL,NULL,NULL,1,'2017-06-19 15:49:26',1),(2,0,'Diyomi122','Nis',NULL,'Nis',3,'18000',NULL,'063888111',NULL,NULL,'vlada@gmail.com',NULL,NULL,NULL,'�PNG\r\n\Z\n\0\0\0\rIHDR\0\0\0�\0\0\0�\0\0\0��\0\0\0sRGB\0�\�\�\0\0\0gAMA\0\0���a\0\0\0	pHYs\0\0\�\0\0\�\�o�d\0\0�qIDATx^\��\�O\�\����x\�W^p\�&&&\�ĘB1�H\�h4 @B:{\�E�EEE�FP\�Eܢ�}\��}\�n��1\�\�*�\�v�s�\�}\�\�o\�]�j5.�>5j̶B\�=���\��\�׸y�&Nuu��\�$Nv�\�ū7p��#<{�\n?}���\�}\�>���O<}��O�Fee%-Z���Bd\�\�!\'7y���3�%�\�b{U\rv7\�C\�\�l\�V��`ٲeX�t)�,Y�ŋc\�f=;;!!��L�<uu\�Ѻ��\�\�\�p\�@Z�\����8��0q\��c�8|\�(�\�;\���D��\�8\�ցm\r�1zD.�lnD��c|O;ڹ�0\�\�D;\���_?�\�\r2�\'b\�Q\�yMMN�8�c\�\�\�q\';N\�@K��a\�\�-(+�Acsjw��awj��bos\rZ�����5�P׸[wnDiE\�l�B\���\�P�5;�и{�������g\r���PW[�\�|�\�;\���\�?\0�G\�!v;�\r��\�qHϞ�9���`\�\Z,Z�KKJ��;\�\'MǤ)٘01�J\���\������H����\�QH�ɃGcR\�HL0\��B\�\\�9C��\�\�x���\�\�T~_\Z&MMǤ�i�29	\'&�;\�=	cǎ\�\�\�~�=��\������?����b��\���\�sV��=v�\�\�\��V=p�߾\�\��p�\�u�?�\�}\��&\�7o\��s���\�W��/\��!\�>|��\�(\�ZA�\�{�\�!��\�Θ�\��`���X�j=a^F�{��`�����\�\��6\�߿Gl\�\�45\�Ş��h;،C͇�us\r�Z�m\'j�\� o>�\�ڑ�����q��\r�6\� O��#\'p\�\�Q�\�\�1�h��w\�\�\��=��NBݎc\�\�x�A�\�>9\�ڊ�\�\n\�\�]���6�8�}v����*вo-\Z\�ʱ��k6�\�\�\�[���K\�n��e���b\��\�\�\�\�Ԅݻw�\�\�\�m\�\�\�<�\�;\��\�@2�z�=�pG##{&\�,^n�^�|-�W�GV\�\\L���)q��8)� �	i1�iE�1�� ԣ0�@O\Z�I\�\�`\�\�)HM\�\�\��LM(Db�L$&\�#>1q���TL���I��}񈍝�q\�&��ňa�~���{�]��_��܏\�\�o\�\�\�g\�\�:�\�\�#hh܇�\�\�\�<u\�o\�ų\�/�\�\�\'����	��F\��c\�ؼ�s�\�##\'Yts?��/]Z\��n�VV��S,ܵuU8к�0���6T7l\�уe8�s2\�1<4��\�\�/l4��l\��\�.���@M\�1��^��E\�p��i4\�\�\��s%\�\�p���\'\�\\�\�\�\�\��C3aB/\�>~�m��\�1�݁��t\��-\�\'zOv\�\�֊\n�t=�j���j3JW\��2l\�Q�5e\�P^]���r,���X_�M���\�B�k\�\�̓�������p\�5й\�\�Y��d�{i	O�ե\�)�G\�N#�y�4\�\�-玊�G^F�\�$ a�x�\�&!#.\r��\�ț\�c�V�\�y����\�\�r���I�S�=\�1%�`\��j09\�s�����\�\��\�\��>�\�\���\�\�\�V\��ܿz|�BП<\�ٳ\�T����{Ntv\�ʍ[x\�\�\�|�D�{���\�7<z�\�O�Dy\�v̞3�g\�\�#����sgf\nn�s�L��\Z^�ҩ�hƾ�}\�Y��21o\�h\�>r\�h�\Z6\n�Æ\"4f6om�\��XXz1\�桭���y?#E+!m��9�hr3\�\�1��\�!\\\"\�\�\�\'�<\�<߹��P�\�H\�a=z\0<!\�kB�\�u��\'^9�\�;�Q��ū\�PR�\��Ŧ�Z���Ć\�\�P���5\�m�\�Άͨ\�\�QU�����\�\�L\�ܵ\�\�w��%:�\��C{��X�X2EKK�x�\"\�j�XS�\��ټ\n%\��L$%\�\"=m\nbv�\�ϙ�Y\\\�\�\�\�9�W�YHO/@jZ�M\�AJr��Ґ��J\'����\�\�\�\�\�\�IƵcb�k\���\�í)\0\���\r�s\�`�>\�ق\�V��\�\�0?��\��\�\�뷯x�\�)�\�_BA�i`vla�\�4._��Ǐ�\�\�\��\�������?y\�XC�g�rmi����\�\�̞�#箪ہ�{k\�\�R�}����yu\�D\����\�8\�b�Б6�@\�9�\���\�0.i9���\�\��h=\\\�\�Ќ{�\�p+Z\�cl9��g�\�\�.\rܱ\�1܃���ǎ�\��\�#hk�p�67����\r\�\�e\�Y]�UPVQ���PZR�m��ɷW��kU\�f\�\�\�@x��2���Q���W��8\�\�\�\�e3\�j\�\�\�\�_ƒ_���`/[�\��]8{!R3f#\�̚W���W�h�r�H1Mff.Ɯ\�\�\�+\�Uur2f\"+}\�S�6=))9�:		��ʓc\�t�d\�\�&X\�\�\�\�\��°�#z�\�\nw\0\�\�G��k��\�\�|��	�?Ʒo\�~\0݀\�\��ߏ\�\��8\�����F4��t\�X\�]���\�՛w�\��������[�]\�\�{�=q\�s+�7\�\�0�������Ec\�!l�0\�QL���fa+�;wn�nl�<��#\�aN\�x�l��\�8��\�\�\�\�*.�\�q�ƌ3|%1\�yy�p\�\�Q\�B0s��#8\�<��\�\�\�\�Y�� �&�\�\�m\��7Uʭ�5U;����{V2\�U����\'A\�\�F���N_�\�\r���l�x�459\�ޅ\�\�Z/�\���]:`:�C�� \�\�z�\r4pG!�\�yKJ\�\�\�|e���(.و\�%뱔Y|Ѣ\Z\�2\�\�Ř5k\�^��y�;9Y���^����4G�O��Ƨ�\nJ�\'�\�D/�LAT4�f��0�=jt$��m��\�Jp;Hti�\��/�%�\�W,�rp?\�Z\�6�\�?��/^�ƹKW���Q\�\�;w52�\�\�\�ݸ\�\�\�w\���!\�\��\\[pk===�g\�L!\�\���iZ�\�ᕂ���K�;(�\��#�aB7\�\�!Cc��\Zd/�\�j`\r�Ï:\0嫒��k\�FW\�sp:�\�sa\�\�\������C�\���C�����\�\Z�o	]�\�\����U�i\\֣a\�J\�5a{C��Wj�a\�&��ل\�\�\Z��[O�73�T`i�B�~�\�\�rp�{\r��;3S5F\��w\��\�\0\�\�\���;,b,\�s�*,Qa��\�i�2��\�X�x%.X��EŘ3g1f\�\\�\���\�˝��\�\�\�ʠc3c�1k�L\�f|ɤcӭU+2%\�+<Z���Vƞ@�\�aTX$�q_\�j�\�@\�\�l��\�~ז~w\�=~��7�{�A���#>|�`�7�Ÿv\�s��G�\�\�\��L\rK�q\�jwa\��J^zQF��W���\�{޼yf=55�g\�L��AE\�&�S�Ɗ\�\�l*�\�еG:�\rǐA9t���E5W\�5C\�هD �\�0��ƪ],Ds\�.8���6ۚ¥\��&\�Ç\�\�\��\�\�I1�\�\��\�\�~Os\rv\�nDs\�:4TlF\��2l߲e71jTasy%Vm(A\�\�u(*މ\�\�bN�z\�1~�`l\�\��ek֕�!ȵtn\�:(w\�Rm��;#Õ;~��\n��Ԭ̡3/&\�hOz�h\�*,X��\�3�\�]�t\�����33\n\r\�ӧ1c�(��a*�u\\\\\nc��\�V�\�\",l��|3��{����]��\�\�\����[K�\�w`\�\��#\�~�\�_=���\�\�x�\�=\���O_�\�\�_\�	�`�@�\��\�	�\��ܿ�\';O�t�F̝7߸�`vp\�aaS\�\�\�pǌ�\�\�\�\�P_W�=M\rh\�ӌ�\�Y\�ܡrkn�ө�����\Z�\�\�!�Uq��s94$\�\�7�Be3ajmmEN�sH+��\0\�۶máC	�~\�\�\�\�a쪪Ķ��Q��e�J�q\�:��n\��\�:T\�h��\�X]�K6�@�lƃ�Z,Y��+jPNǮ�\�\��1�\�FC\�n�-�\�ܻP]ͫ\�\�Pav\�\�ᑘ���Y\�\�	��v\���r��%($\�y����03k&\�3\n0-5IɄ:QP[�cc\'f\�\r\�<l\�H\�\���\0�N\�e�[r��N�v\�\rs�l\���p�ߘ\�?|��\�\�\�\�\�\�7f\�\\��>9j\Zx�][�L-�M�\�cw^t\�l.[���hb\�S_�\��\\d��Qt\�A��;\�\�ݿ\�ǘBLI)\�\�l\�m�a\�B�	wY\�r\�;Њ��L-{[�:���\Z<hI�=p���[���},�fDi��A\�\���ބMK6�fC%��\�1z\�`�r,^=ť\�\�\�I�\�1�\�BUM#\���VU3\�5��\�v74\�fy]���j���\�\���o��s\��F��@JZ6f-C\�B�ۜ�����9w�E\�%ؙ�3����\�\�9�OJ\�$Ǝ\�\�)�dv9*\�\�f\�~te�{~.����I�`t��\��\�\�ｊ�΋�\�CK�\�-��\�_�\�\�򞀿y�z\��������e\�{�Y\���\�\�ݿu���,P\nn�ܹs\r\�Z�L��X�m�\�lZ[c\0_9-�!�\�B\��\�Q\\��`0\�c�0~\�\\��C��\�\�{�Fh\�pl���e�=h\�M���xuꁃ�:\�q1�\�>\�H\�ں�	7c\�n:\�\�+����b\�\�ܴ�\�\�aM\��mi \�{�y{=*j�Q��\�k\�\��SW�\�\�46�r\�j\�\�\�ͶP\�\Z�w2���fx�I\��\ZÑ\�}R�,=��\�e��\�嬹K\�ԋ�7c��LctI���IS�0.f�)�*/˕���\�g��\��K@���Y\�~��?�[:\�k\�\�?\�㗯�Bw�N��փx\�8��\��\��]�>�@��޽\�{ƐOt�o����sj@\�\�\�7�\��V$�5k\�籔>�;\�\�\�I\�\�˱����]�F^\�|6\�N\�7\���\�N\�\�7�C� s\\\n\�G����z ����\�룱�1a_\�>\���{��\�f�\�\�.C\r\�\�q\�<\�\�\��-[�еw+����0��(c��\\�[֔�ng=n�\�Z���c\�0�\�B��a\�\�},/\�Ş�{�gO�\�f��\'k\�z�_˿�����\�\"u�+T\�\�\���>�\�\�&��\��\��8�\0\�C\�yȑ;\�\�\���:s&b��#\�Fc\�H\���jƷ\�\�[=`�}ae�	?P��\��\�\��}�9��\�\'\�r\�o\�\�\�_�\�\r�/\�¯߾c\��l\��$\�\�u�F线|��\�{�4��=\�_�Ƌ\�o�\�\�G|fV�\�U5\�?p����`�\�̑k\�a	~�YONN\�\�\�\�\�(/[O\�D�\ZhnĦ\�( \�3B\"�@�\���FD�hf\�\�\�\�(�\�ϲ�\�?�\�\�\�&Q\�10$��6��yv\�7u\rFf�p)�\�D\�0gZ�6m\�l\n���ѹ	�@�UU;Ѱ\�Ɗ�o\�4��ZZx\"\�;h�\�\�=�@�?{�\�5P;�%Ր軔�m$�Fee�|\�4WK�?�B0\�*\�	\�؉q�¼<~\���h/3^~�=~ vK�\�A\�\�?0N�O\�Vr0�\�������.\�­\��͒nC�\��\�\���\�w�\�#��\�B\�tu�ie����`������{�\�%��|��>\���3s\�$\��1wN��Gמ�3f�eR�\�\":*\ne�U�؊�\�*4\���d\�B!\�-\n�L;�_8\"�����\�7&��\�\�ƃBG\�?�\�Q�\\W�V�ic�.¶��\�\�V\�fᶱd\�&5�\�7p����[���p6q�y�~����e_k!̼2\�1@ӹ�o\�`�\�Ԓ�V������2U�;|W/��t���\�\�L41�� �0������Lo�\�m�\� ~�`j�Oz\�\�\��\�?�jD|\'	\��Z~����\�r\�`ه ��\�\�1��\�/�;�����\�\�8�\�F\�״�*��?}FcS3�̙=�f\�\�\�s�9(,�M���\�D�i\���hl߲\r�\�\r\�RIRr\�\�t킐1H�s�\�zbH8J�ND\�TՀ��\�8\�^�#�|\�b\�!m\��u������/�n^\�\�7n�k\�7�\nn�~t+�\�k1���p{3c��r\�\�.����;��:\�h#�w\�\�izVn\�^A\�k��\�\�~�c؈Hf��{�y�{��g���\�W`\r\���CL��\�\"\�@i�\�\0n\�\rx_��e�\�Y�\0�P;�=\�~��\�m�&\�**w��Yܪ�)\�}Ř�\��+<}�\n���?~�\�\����\��\��m\�y�\�\�瑕�G\�&ܳ,\�3\n\� �qD\�`)sO@]���\�T[M\�Ś�\\f\��\�\���~��B\�ܳw՜X�,\�gG�e,�\�\rEFղ\�Q�\�zS\�VO\��\�\�XHw\�\�d\�.--3n\�[ڧ\��y3s4e\�ٗ��K[��K\�\"ԪöL]\�e-�k���nێ�kK�`�\"��\��]\�\�A\�XxTy�߭\�{\�{�@l��X�VU��\ne�1R5�Th\�H\�-�\�\\\�;\r\�wH�փ��\��A}�-�\Zn?\�N�\�n\�\'�t\r5B����f�Ot\��o\�\�ѳ�FO_�fA�>0¸�n�:� �{��D&\�=��=s6�f\�(����B.g#>>\�\�qS&8Z	\�>���λ9�y,0\�\n	Cv��\�/\nCFaшԬ��ʊ\�H\�X\�3\ZBB1!<e�桺��;	~��.\�7ܱ>�7Xp�^-U \��\�W�v���eIpk����Vd[eV��b6\�I)\�xň2�5\�o7ɭ��\�a>��ñv:\�\�\�\Z��C#(�;\�\�!\�\�R\��A|�\0\�rۂ�t\�.4P�L=\�\�7��\��}N\�\�rq\�\�{+\�`��V�\�\�p�y��0�a\�\�#\�\�U\�J=�D�W-�\'�������\�k<y���<\���{\�\���\�t���F\�=��3�r{�]P0\��7)(����\�0>\�\�e�0\�J\�k	e\�\�(7�p%\�\�\�2��{˼\�رu*\�V�|\�!��ف�%شl5��/Ų\�ը\�\�B�谻\�O\�i\r�\�pn9�\"��t���1K�e�Y\�\�@��[\�QR�Ҝ\�S\�bTX�9H\�o\rH�\�\�Fu���)��\"\�p9�GՂ�\��\�7�\'@#\�X�\�C\�	8�\�n)\������^��rq�\�\����\��\�\�3\�\��z���i2�*@\np��S�s���\�5R�\�\��\�\�\�<{�\��\�8�j23-\�l)77�31uj�w�C37�@Y��	H]/\�Eh^����iH\���Q	\�1wj\�\�P�y#vl�\�	�\�\�j\�\�V��\r۰�b\'�j���Ÿic}�q\�i\�z\�Ԫ�B\�P��d�\�5^�\�,U?�״]�\�1\�Z\����*�\�1w\�|$ӕ�X02\��\��= ��$ �w��\�p G���\�	{2��J�����3.>j\�x�9#FP#c����S�(�=\�{�A�%B>8�� wnn5\�ȟ\�{\���	��:\��\�!\���峭\�x�\nO�>7KS[��+>��/Sgͅqk\�]�\�C\�\�$Q!�\�\�W���\\���\�\���,/�\�?�Bܱ\�(�\�VWnC�.(w\�2��DC]1\�w�P�����\r�\"\�5\�*P���\'�j \�\�_Q�Y�n7�k4-�;T���\nu5;MlHJr�o�W�\\e�VNVnv`�f��~W�v\��܌�� =3\�\'L\�\'\�[<\0�����yX!�00���0�\�o[N=fl���\��x�\��N\�\���I�\\�k�[�NЇ+���<���б��\����A�\�\�OcJ �\�v�� \'Ƚ\�\�j���v\�\r�/\�v�\�\�reS_�\��1AW�~�\�-^3~|��_����b\��)�g\�W;������g�\�lő��|k �\�¤I\�Q�i���X\0ۊ\�;k�}c\��m;\�\r;w�fg\Z\�*	b=�\Z\�м\�f\�F\�F�Fz\�\�\�\�\�̼[\������x�o�\�#�m,Y�z-���\'�\ZY\�L�\�ƍ�d�\�z\�a\�\�89\�\�\\��{I;ڀ�F�y!\Zf:���\�Q�FA��Ex���\�V��Vĩƭ��\�D��8ݛ�Gz9�>\�B>ڂ�1�#Fh\� �\�\�i\�P^M��O7\��+���e�\�\��#̿�\�!\�\�`\�C\�\�_�\����x���Ӂ\�\�/_�\�{����\�\�\�]!\�\�=�t\�z46\�eA.���Lϵ��ĉ�(\�\\�\�\Z�-᭫\�a�Vs�nn\�][E�����\Z͌,�\�\�\\6�u�:����덻p�\�q�\�<ic���kFBBo\�Vo7�tU��,,\"\�i陈\��#̎t�/Xn\�\�`h\�`F�ayԨ1\�p��H*��\���|m\"#A\�06*\��<.:\�(:&��\�c\�%7���7\'Ax�bJF��l|�Fnj�pu)\�\�\�:��8�m\�|�F�	��7�${\�\�þ\��ޫ��/��\�\��,\��DIU��\�a\�\�-V]b_�~��O_\�ޣg\\�ċ7�\�ő�N:{�\"\�\�\�d\�\�\�#ع\�\�9F9Yr\�BL�2�Œ�\�\�e+/��s5�\Zk	3�j\"лk�QO\�<����\�\�\�\�\�C������GV�^k\�a$Ļ#�0\�=� �\n���?�k �`eF\�\0\�ѣǘQ)\Z��E\�7f��bM �8�1C�\�k�\�)�9c\�L�\�Ÿ�@�\�\�:ٓ�N\�].��9F�\��=�\�=�p��i\�Y|�p��඀�O\������p?}��n�F�\�R�X\"�����\�=T�\�\�,,~d�\� >b��+S\'\�Ӕ��jc\�\�kK��\�#\�9\��f@lVF.�	�(�[[\�\\[NH+�qwҥ	�q\�Z4�`(�n�e�&\�uy�\"�K\�vjvP\�MC��\�׮)\��\�2\�\�ut\�1=�j�=\Z:�Q%n�Yu�֍\�1\�Б&�3б�w\\�:�߳@u���O\�\�|��\���\�8�C��hƌqQ�\\\n\�DD\�X�\�\�\�d�\�|]=r�rw�V�f,Q$�F��s3��\�\�\�o\�V<��\�\�p­�\�6�\�:q�\n��\�\�qoA\�_�\�~�\�=\�\�K\��>3\r3�\�\�}?�p�\r�	\�?��\�&���>\0�?tR�\��\�\�w��\�ᣧf��\�O�\�o	�w\�\�:L܊#rl­1���;�\�=iR�ᎎª�\�\�V^FP-\�rq-\�\�ʂYQ\�,���Y\�6coG��\�(-]�\�\�\Z}2\�\��<�5��(o�dv��>rd�m���\�\�	KAmbE8#Ř1y\�q\�8�\�4œ�%�Q�5\�t`A��S��d�\�s=\�(��J1�l�#�{\�v`�@ɓ�F�\�\�m���k�&�jf\�\�[K�m\02έ\�m\�n\�\�\�=\��{`�>\�~��pF��\�w?\���x��	\�<|��\��xΜ�\�\�\'|1\�,�\�\�ׯ��\�7&,H��P\�Q\�\�\�j\�|n�zyy%��f��m\\;3\�9��{\�)=�����W�3�}k*�oƎ�r\�\�UU\�P\��\nJu\�e\�a\�\�flf^^�Uǩ�w8wN\�9\�\��<\0L_nMQ��\'\ZV7S�Lc4��x&θ�S��[M!x8&�\�\��XMy�\�e��$\�yo\�\��1Z\�h)\�\�{\\\�\�\�$\rԮ*\�+L��=�`G\�H�\�c\�خ�;��{�=4��&\�\�\�`��\�H�m�<��s�\��{p�\�\�?�߅\�.C�2�\�(\�\�\��?}W�p��߹w�\�?0s��z�\�Ԣ�?�W\�\�]n\�g%g�p\�\�C\'��;%%�p+���vzp\�\�\�\�޲e���\�,7�_���\�(*����,$&\�>ր�\�8 d/#+��\�h1�\�\"��N�\����9��\�i��OHĄ�\�\�;!Ɋ��\�m\�6�\��Yq݃>��Z��\0.\�\'\'\�.[�2�WA9v2�VK�z��!�j�I	�\�hG\�h�\�4\��\��\�n�ms�����7\�\�\0\�\��)�I��ܯ\�\�\����\�{��Z\�~\�\�c>\"\�~��O\��\�\�\�\�\�=vV\���-i���t�@�41\0��1c\� �E��>\�\�\�HN!�j�\�\�yoo\�?T;\��r�65fL4�@�&i$w4\�w3V�b\�\��H\�\'O\�\\\��m~q��ɓ4:\\\��4�}��<�\�^�O#ؔ���\�йm,a|aD\�IW�hn�2�يR��\�\��0�F����T�R�pӈC�M]���2`�]\�,\�&�x\�\�:�\�\�}\�|$O�\��7�!\�O��z��\�@\�\�`�m�v\n\� S\�3�Zyڣ\�{\��V\�x�QRӮ\�g\��\�}\���	?{i�q\�,T_�x5&��A\\�D\�QQQM@S\r\�\�=��\�b�M<qp\�G<��w�q\�\�\�_��hayAM�#9��>��L�;\�Q\\��)&n�\�A	�ɓSs� ���\�-Ӹ��KGܔT3\�A@ii\�2O�\'�\�\��;��{�ܛ��\��6#�Q�F�O\�	7\�dz\�C2r�F����ѐ��\�/���{]S���\�#\�.��\�=x03�\\�W\�v��7\�\�\��ns��\�~�\�\r\�}Pm\�W3�\�\�\�\���q\�/�\��,�~\�\�P\�\�s®\��B>x�\�\�k՘�7�\�\�\�\�߶�\nIɩƥmֶ`K�\�6a�dsp��U��M���\�w�y�y�2\�5�\�\�c\�0QK,,N��@\0-В\"� NL\�@bb��y<�T�T�\�A.Y�\'Y\�Phjl�<6�$�U ���6W]Q�w�I��mÏ�o־\�\�\�}P�ee^\�τ\�l]\�E�X�b�|�`>��\�ƒ\�P�m�{�\�=pS$�\�\0��m��/ȃ\�v�\��\�)n\�u5��\�\��\��\'�c\�x��>�_�\�3�\�|�\�I�qr��?��2��\�_�\�ŷ\����\�q�^����Mۑ��ޓ�]$IO\�6\���o�B8A\�R �ae\�\�0DD�5#��\�M�3Nȁ{G����,�\'�)��ét\\)��N��j]9^.�n`NLd~�+��Sn�oj�f^�\0��\�#�\�\�\�H\�X\"�����&�:o\�\����~)�\�\�\nX\�\'\'�=r|\�;\��\��ߣ!C�pKc��,\��\�~�\�@\�\�w\��\�ޮ�o\�-GV��\�Ǐf�b�\��y\�!\�2f�\��ś�xK\�U}�g:�\�\�]q\�t�%\�w�\�\��\�L���\�)�s\��Mn��\0OK#\�i�HK\�2�G���\�ҍ\'ҁ\'��x=>�\�8�Θh4�w\n��#`S�ܘ\0\'L%�TA�	�uh9��;I�\�\\R=@g�$@=�m�X�\�m\�\�*<\�ƨ�\"|��E�}\��\�u\�\ri\���-�{��7\�?����k;�c{\�`���vp;�&\�%���\��?��\�_�߄ۮ�0\�LE\��)y\�hq�\�=\�>ݝH�B�~�7>g�\��\�Յ3��c��\�\rx�|k%�\�d�7����\�ӳ	�\nlS=\�$O��ܘ �\08u:\�\��2N�\�\�N�7II�;�	s�:A.m�\�I`\�O�\�q\\\�	T=��8�\�f\�a\��\�ʃ���eV��\�\"�,\�\�h�v)�a�\�{��kS�~Kt�� 9�\�n\�\���kH�P��\'��N����\0�s�Q�~�s\�{��3F9���p�\�~\��C<`�~�ꕩIy�\�>�/tuW�tc-�ܣ��S\�\�}�\�$��>-\�\�0J���\�e!�S	b\Z�$�7���ؔd\�d\�\�\\j�$)9\�\�9s�\'�\�\�\�	$\��u\�\�ATǭ\Z�XjS\�\nuz2n\�\�b�\�`:8����!\��\����A��{\�{�\�6\��\�=\�s\���sn\�\�~\��\�\�}.�\�\�\�}\0\����\��~\�b&\�|n�t0@��u�\���\�Ƕ@>Ɲ��q\�\�<x�O�M}�c\\AU\�o�O}gUU�0�\"�\"Jf3�n��,LK!�\�fi�i5-\�h�t�<5-\�<OI�,\�\�$��c\'�\�$9�uh\�\�Y+V�8\�\�\�@�3v��X���/�=�s}\��\��nuiUm��ۗ�	w\0l�2�\���M�߁\���\�܁-�\�߅��\�\�\�7x�W�-a|G�u�[m\�F0\��E��_���g/Lߒ���>]^5\':	�\�\�j�\�˹\r\���d�s�ʈb�\�S�&HHӂM�$��x7��\Zf4S\�11\�lMj\�Q��SzALH�\0�}9P�`��d������\�ܶ϶\n��]\��=DpӹG{pSn��CC�{�#Io���T�a�\rN~�y0\�>��eo��\�k_I���ݼ�+7n\�3��\�\��T�3Skx�@4\��I�3S�	1}���\�+\�ȝU���\��-�\��\�C��6n��N�\��Y�\�,5\�X鹶�~�UZFA�R��T~G*��F�>=\�\��4ƎW��bE(c�Z0��@��p\��\0]o�z+\��l��݁�\�\�\��.�\�~��o�\Z\�\�\�\�_\�m�����;�\��pַ\�\�\����y�\�\�;�z��\�d!�\�c<|�p�\�k��f��@Wר[�T��\�\�g\��}\��\��35idO٦��\�v.\��\�\�V7ؙ��\n��\��h�Y\�i�Q����B�Sr�T~gDd�v\\�S�A\0�\�\�N�<?�\�sc�}O\�3��r�~o�\�ۏ�\�9�9��\�O�c	�\�	\�(�J�c)B>0��\�n!���o\�\�X�\���\�ۯ>�����\�~�\�F�/ӧ\�3^1B���&�����q�R}�s��o?\�\�\�/?\�j\�v;:\�V�\�Q\�\�\�\���\�\�\�R\�\�.Df<�s�nn��[\\d\�\�\\p\'3�\�	:�=_\��Ln�p\�9����J?�l\�\�>\����\�n5�ӵ�[�\�G�\r\�?�{\0ݛ\�n�\�\��\��p�I+嶞\�Z�5���ϯ����iuT�\��[wq��=��C;\"�����kf*M��\�,�ER}��\����Z(\�\�S��\�\�\�~�\"\�\�,d\�H��9\�\�R\�Ξe\�ֽ\\w\n��F�\�\0[y�t@\Z\�xU\0Y;׾\�ǝ\�\��\n~�F��\�\�\�\�C\'r��{�\�x�C��h�M�C\�\��1\�/<�\�\�\�\0�&���z`:�\�Ap���ܚ\\r0\�L�B>\�qUW�\�;\�\�\�@��\�\Z\0\�=t\"(O��\�]m���s�<~l�nk@�\�\�<1>\�n\r^!UT\�Q�zn �s;�{��y���\�\�Z\'̹;7G���;yZ��\�\��\�Q��l��;7\��~���s\�\�p\"Њ%��y� ���D\�	��\�m\��!\�<\��l���N�\�D��\�ִѽ\�<\�`��!wp\�7\�ҏ\�&\�᳗�\�\�_��󟦹]S�}��~��\��?���1\�\r�{h���\�_\�\�\'�c\�\�\�;Fw<`�R�~&_X�܂Ĥ\�^�1k[�	�nӃP\�\0ܹ�\\\�FEܦh\�bIRJf�s\�5p;�� 6\�kA�;�ox�o����\�v`�B�qm��\�`:� �{��\�,c)pv\�\��M�\�\�\��`�\����m\�����[\nQ#\�mF�w\�F\�\�O_\�\�\�wx�\�3>~d\��\�7|\�܀tk@ʹi&W{u\�?�*\�6Շk\����)\�=xh~\�\�RL��a�vꁛ \�h\�:�{>\�*o.5\�(7W�[e1�gd\� \�?�\�?�\'���\����[pO\������d�6��\\�7ܽ��n\�v��\�s\� �{\�\�\r��\�I\0l)\�\�kxH���5�]3F=$લSĸs�!s��\�\�\���ـ�#�W[B��6��ڡlS9����	w�yhE\�8K9�`�P\�.2\�əG�\��I�%=J�\�_)x\'\�7P����\�\���\�n��\�\�{\�d�2�\'?����	�\�A�{�z��`�:�ȵ��\�Ƀ��\�\�\��?�\���_�\0\�\�鹘9g֖nF]\�\�\�ąKWq_@?�\'\�^��n��m=��\�ѓ�o�V\�-?\�h�VN\�\�{R�\�E\�\�[�{]^�\\\�\�\�y�$N�ys��[�����|�\�\�=�\�3���\�H��w�\�\�\'\�=�\�\\��d�Z���@:�ߵX\r0�� 7`Kr\�\��w�	\�?s\��\"\�9y̪�\�g�.\��gc(Y�;jv\�\�\�\�\�:{7n\�3�ju�z���\�\�\���<\�#�k\��k�DxVm��Y\�\�*P��ɹ�;\'���p�L�;m\���yE(\�/\"\�}i!�o\0\�ζΝ�\�\�l��?�\�A��\��]�g\�\�\�\�p\"\�\Z�@w\�\�xϩ�BCc-\�\���~�=�H�;����©0\��\�\0�(��\�\�ē~�&F?��/�%���sg\� ;o&�g\�\�M\'<wf\�]�\�\��\nf\�Gތyf}�\��\�P��]M8p�\�����\�c��*���\�^R�\�\���O��\�+��\�<Jy�P�WA\�pn9�\�-�K�\�<�\09<!22\�\�\�A\�!X�;\�J\��\�����\�\�\��K?��`���\�\�\0�s���&\��$\�l��~�%�\�\�~\������9��?p\�\�&l(ۄEK�n\�\n\n�[8�0/�{c��,Y�{��Âe+1w\�r\�\�ݱ.G_\�M<˶\�@M]��t�E\\�yw4\n��k���\�\�3�k����6�@�\�el_��)D\nh�����]\�SV}\�=9<	��f#-}��[w\Z�O\�~��~\�\�?��\�\�\�Q;~��l+���P;�\�n���\�\�=�ܞ��^p;��Ǔ`��~N��MC\�۷o�\��\\�t	mG۱kW#6m.\���0�b̙��-Â�+�Z��ۀU�eX�~V�\�j�����\�\��*T\�l@Þ�8r��\�]ŕwp��+���\�\�1-5�n;�G�\�?Ո�L\� \��\\\��\�[\�$5mR�\��\�\��A�\��U�����\��\���\�\�\�\����ی��k\��휻Ǳ�Hb\�\�I~�\�(���$����{�僼��|�\�\�s\�\�jN\�\�&����gpK�}� \ZVT\�~�\�o\�\��Ç�x鲹�}غ���\��UXFG_F\�׮ߌ-۫�uG\r*�\Z�c\�^j�W6�y3�j�M��e���Ƃ\�+Mg�@=�;��GU��\�\�=N\�\�]�xTȨT -\�\\5&�;-}�Rrx���\��m����>�/\07�[L��d�62`[�ҵp[��ĵ{��u?\�ν�\�\0\�t\� ��\\p�\��}\�u\�.]���w4�\���\�m�\�\�ݧ�L�\�N�Є<\�߽ãG�p�\�E:vu�Q^Q���ذ�\�]V��\�\r����\�\�t�ڏ�\�hl>�\�sW #\�9uo��K[�*\"\�E�1c��\�F����x\�t\�\�dƒ\�A�ܞ�;\�\�\n�W�\�\�����~�_�\��\�m���Z\�ֵ�\�~�c��qT��\�\r�\�/\�\�\� �\�܋(����{�w_��EH%\�îݭh\�w��@]�\�\�nF��t�n�O��g&;k�����g�,�z��\�73\��ν��p�*ڎ�@cS+v\�4`�n]QMo \�-�=�Y.��=\�r\�3\�{`���[Ձ6sӹ	���\�~]\�r\�\�\��\����\��~�y�\�7��{��\�\�ڮ 9�\0n\��\0 ��\���\�S��\�y_������\�Yr�\��vp;��\�w`��l��\�ڍX���K���l6o��݁�N\�\�چ\�\�8|���q�\�yt_�B�o\�ڭ{�{\�\��J\r<u;�\�\�\�\�`��U�\�\�\�yś�(ZTln\��wp[��\�Ý�1Ɍ%\�\���:\�=�A\�}\�{�\�{�@\�`��\�\�\�\0\�K��\�s��\����\�\�\����I�ک\�#�{���\'{�]�&�|��n��\�8x�\r\r�[P���*,�݌��\�X\�\�b�\n�tޝ�{/3CD\�\�}hl9���\�<	��\�D�\�_\�5¯�\�/\�\�\��O\�&�_���%���Mft��%9�{��\"ʃ�`\n�K� 7g>��\�\"Cp\'g��qg�\0;h��?\�\�@�o���)0y�un\r>�m��DMD\��	\���-��<�\�r�~>��.\�p ��<nv_pCο\�ۏ}�~�\�_f@��\�L?���sh;z�M-,4\�ĺ\r[�r\�f,_Y�e�\�c\�\�r�n���r�~%��:U�{L�n9ЎCm�8�\�t�=�Wn\�\�\�GX�j#���;lՈȵ�n\���؃{aܙ�s\�C�#B�\��w\��\�忣���?Wo�5����Z\"p$\�{\�\��\�N\�Ap\�\�Z:9\���\�sp\�\��\�}9x0ܿro?܁��!���v��{��\�\����\��kՠ<k7p����\�a\�\�7b[\�N�\�T���[P��q�t��U\�ak\�nT\�\�EM\�>4���bde��jD\�\�b�\0\�3g.��\�(\\B���\�Y�;Ep\�M�\rH�3p��\�\�׏ph�\�ZPn�|>`\�+�=��[�\�M���\�Aޏ��#\��\"��	f��K�U�F)\�`�],q�=�u\�C޼��w�\rrj� jD\�\�?�\�\������\�/���g\�ۇ�\���\��s\��u��q\Z������۫\�aK5J	��\r\�\�B�nۂ\�\�\�{��#\�rm���=�\09\��ibI&�v�������d\�\�UK���3���R�\�}3\�\�X�r\�+\�Hp;	r�x?�~�<���\�\�a�����{�\��{b�Z�=\�\���-]����\�\�{3\��\����l\'������ad\Z$\��l2���\�>\�P�\�{�Ⅹ}9s\����c6�\�\�\�\�s\�_\�mb	\�6�\��\�j\�\����z\��At\�At\�P.Ctؓ	�$l��\�fD��\�R~\�=\��I\���\�rp�S��ν��\�����\�x\�:.]��\�mܺ�\0�\�?�\�\�\�M3�\��\n\�5f��{�z�\��^}E�|UaQҫ^��f�%�|9�\�\���m[���Z�\�\�;P��9S+�hmӺ�%3�t�\�\0\�sm\����\�~�\��\�\��\�nu\�>��K~��`�=��=��\�X\��\�\\p�+\�v�;	r\�\�N~��\�n���%�\�\�$�7o\�ŕ�7q�\�5��x�\�\�\Z.�\0x\�F\�<ĝGO�\�\�s<\"�\Z$��N�R#\�\�\�\�?y\�+\�\�#������+\�h��\�\�s\0een\��)O\�m\�-HZ�pdy��%S�Tu��{!3w3w\�Ά��\�@m������\���\��F\�I�La�p\�*>A�£��M\�S<�-\��\�\�V\�\��z\\[p���\�\0��\�\\\�w_�K�\�&�=#\�y\��!�U���\Z.���\�ɟ�;�q\��M\�~	��|_�v7nާ\�?\�ɡ��S\�F��W\�	>ݞ\�k���\����\�PZ���y�[\��s��\�~?����0������g\n��O\�7\\�}��\��\\ι��\0l�n�v#?\�?�ۀm\�\�g\�vr�;\�\�?\�A\�&�߽tp�>1ǿ�\�#�{(Y��\�W�	�sc��kwp\�\�-\\�t\�Ĝ+Wo\��\rM��Ѐ�\�<\�ي9\�\�`͚M&s\�\�Ϧlݶm�Q�p�{\�6���d	\�^\�X���/0-�\�4�#\�\Z�#\�~\�)~!\��\���e���U�s[�U#�l�uAM��\��L�&y�CN�\�\�\�C1�\���y_����\"\�\�2�py\�jRW�Q��1w0��Ō��SS�1Fh>n\r!�U�Q/i*cU+\�{t#VM���\�4C\���p�\�U\��\�\"#\�E�\0\�\�k����?���p/#\�\��2\�d-Av\�|$%e�\�)��n\��;�O�\�\�-\�-\�>�L߯�[��_Jp��V?ܶ1FP{p\�ڂ7Տp���\�K��\�\0�C.��;\'w\�.��!���x_p��n\�\�E�\�Ot�w\�\�#ŋ�6R�y\�H�9��\�ŉOfN\�!A�KL�_nNe�[\�R\�5\�\�7~_53ι�\�\���%\�\r�\�\�\�^j\�{k�K���\�\�\�=\'\��]��\n\�[���~󚖔���p�\�\Z-ؽ\�\�\'�\�V����K�;���\��,\�ɃwpG4	�;� ��\�_ù�7p\��-\\�q�\����YJ\�kv) 5�F#l$3\0��I\r3{���)D\���~���_�\�/,D~3^7W\��I�\�\�\�͕\�\�j�����[Y;P\�\�\�hE�\0\�V�!\'/w��%Y����g�@{���1���\�.���\�\�ȓK�\'�S\0\�Gr���;����uee�\�\�\�ڞ�	py`\�\� w\���\���_�+��s;�\'{�\�9y�\�]\\�Ƃ\"�\�9F�\�:w\�\�Gw_�\�m�Wn�67\�=0ss\�}�\�#{�X����kzח\�Z��AU�j$Ҽ(\�\�o�\�\�\rHp`\�=k\�RO\��\�=�;�p\'&\��`\�A\'@:\�\�A���Y�%���\��N}~\�z�k��[	\�`�G\�\��2��[#\\p\�\�Ap�\�Y�s\��)�\�dJp�L�\��]p�,�8\�y_�K}2\�\�~��r\� \�^����/S�T5\�;\�psg�GO\�\�\�o\�dn��.\�\���8\��\�\�\�z���\�-\�:ekO<�6�\�\�9��=+Wn43D	\�\�Q\�w\�^\�m\��\�܋�\�\"19�y�����\�	�փ5pP@=۵���~��\�\�#ns �m>�C{��o@\��SP;\�\�j�8��j\�x��\�;�K~��,\�~�l�\�t\�\�N���\�\�\��x\"����+W�p��C#\�5��\�ϟ��\�GSc���Up�u�\�\�\�\�\�.]5ˋt����bN�7o�}wX�\\Gg��\�\0W\�m��\�A>3\�ҽ\�V\�.Fa�r\�\�ӹ� +ۃ{\�t��\�\��r\��\��oɜT��m������;��ү@�\�\�\��p#\�l\�\�v�\'�O�d]�׭�.	��\�?t\�\���\�\�\��?�8Н���`��m\0�\�\�|#_5\�H�\�;���y���\��լ�z\�U\�M�+O�O_G>�\��r\�Ǹ��>���K����\�%,Y��?U���y��p\�\�Wp\�r½�p/\'\�K��Sl\�\��5wI\0n>4��\�{\��\��\�mJ��\0\�?\�<X����v܄���ۃ\�\0\�\�v�\�\�9\����/w�;��\��r�\�\0w�\��3��!�;�_��`\�\�~\�\\,�S#�\��ID\�\�\�, ��O5�3�\n�v\�VO��(����E=�a�}����\�HOS,q5%�$�%ض\�o\�,�\0y\�\�b#��ӌ�%(�Q��\�\�\�-\�	SL\�^���>w71�����&\��QC�Xג\�\Zb#��S>\�\�	\�]x��	�\�\�\'�zI�{˿qt�y�\�	wH �Xזc˝p\"�D%��m����\�)��[\����]7ރ<\�9��)�?����]<񻸖�\�K\�\�\"�y\�<��Pj�yUjt\�K�T��Gs\�`u�R}���X�reLQ툩\Z\�	�]3N��\�껙}\��7�j\�����\�\��ې��F�\�j@\���������\�\�s\�\�ꩯ\��\�zd�w\'��ܭ��\��O��\�\����\��O \�uí,\�;\�\�4OZ���#���\�,���\�\�\0��\�\\rn\�S�����\���\�\�jT�.��࿀[Y��\�\�8{�C�_�r݌��y˶.޽���\�g����\�\�mbW�P7L}�Z]*�����Q]ޫ+����jJ���w\�Ǐ߰v\�&�@�?wbR�;��m�`\�/}�\�\�\��oz�翐\��+��x`���|_\�\�s�W`uPS}Ǖ߁[�D`+~lA,���\� �\�\�H�[N-��\��\�w۵t\�R���f]K=� !\���݃<D..	t\�\����\Z.�\��\�~�[��\�0�5\�\�!O�<\���x\�\�Mf\�\�=�\�s�`x�Û|M\�\�wq�\�ܹ�y�G�^\��c^�Q\�_��\�^�d\����\��˷|�5JVn@f�\� �zy[�7nՒ̚\�\"\�/\�.(A^ފ�wh�\0\�\r?�S G���A\�N���-?\�F~�{\�\�b\�\�x�p��ȥХ\0\�=p�[\�vN-�S�tO�~=r�ʕ-\��\��\�T.�	rA��j=H!<X�1F��\'���\�\�Cz�@���\���\�\��\0wr.���R�\�mB�OJȚ\�O�C\���\�����t_���u玩!QOB۬N]���\�Xu�.\�\�\�U\��۸z��\�~��w\�Ɲ\�X�|����\n7��;3�\�\�M\�V,\�{A���%��I��\�H�\�m\�%?�=\�P0\��\�\�� \���\"\�V?\�\����\�\�\�:�\���mi|o�\'-�\�6�w2t\�[�L\�B2�\���.C��\�ל\��|\�\0=\�\�\r\��nx_�<r�>\���af63�\�[�iؙ���K�z���9	��r�\��H��hO�=\�\�uA\r?�\\\'\�\�Pu\�\�U,^�\�T\�*L\�������D5$��v\�+<	\�(`$ܹ�ˑ���p/G|��m.V,Qc� �n\�:�`\r�4lt`�O��\�{\�\�\\�\�jBL\�hC�]�\����e\�?���\�����\�o]\�Bl\�\�ٞ�\��~^0[�	�\�C2a\'�ם\�ԍA\0\�\���6?c\�\\\�	z�\�I\'L\�o$g\�2\��.\�An2���i\0�(�\�eܮU�&\�aR]T_�\��\�; �s�#s2�\��,4\�&QWM\��\�\�>��\�ʑ�9\�\0\�\�\0]u��Y���\��m\�*½�p��k\���Ν]���ֹ\r��[p�@\�q\�\�Ρ-�Æ�<n�\�\�@m\�\�\�=n��\�G\"\�V�|��[g\�\������7\��v@Kp�\�w�-��`\�P�T�\��)jdSY� ����^SC\�x�Sa0��{� Σr(>\����Ѓ�w�;gw���\�\�\�=W��i\�.dʽ�\�\�n��CT`�\�\�l�\�Z��B\�\�/�?y\�\�\�Ƒ<��)�4j��:	޽\�{�\�\�I \�67|�\�+\�\�/f�af����9a\���\n\��m��\�M�ؽ\�\�\�%��\�M�\�{නD��\�\�A=¯0O�\��^*���!\0�\�\�Nf��)�XpgW;\�\�\�޲�[`�^l�G���s�\"�؂��*4\�~|n\'�\�\��=�ߣ˽\�]hj1Bx�\�\�N�?d6%��.\���@�]�\�\�\�sqW\�\�\�\�\��U\�\�p\'�\n\�>�;O�\�\�s\�꾀s\�/\�W`�z\��)0\�`V�u\�n߱wYЈw\"\���A\�Ҟ\�\�ը���\'���\�\�+\rS\�\��o\�}0Ջ%+7�JA��\�ܒ��5$3g,�VPp�j�3W�3���	�*~g	c	\�N�\�!}�m�\�y�:\�G�S\\�\�F\��0]z��\�\�צq\�*\��\�ف\�\�\\(\�v��~�F|\�/\��i�mN�N\�\�j\�qpk�2EA-h�j��|_!%� \'�\Zo=��r�@�I\�}:t2\�9?+77\�ktI�K���ܹ�spI�;\�\�rrհpepը�\�\�U:�]}�+h\�D��U[��OW\�\��Z�\��Y�\�\�2\�<\�M�5:uZ\'\�E��9a�Q#sXp\�P�\�\�պ�ͻ�s\�m�w�\��\�{\�\�扱t�:d\�\�\�۹�Z#5>R\�=�P��\�\�ql���ZK\�^\�\�XC\�^C�\���\�=�nf0p[F�\\Ջ�z`5\���\�G��>�d�f>\�Pu\��Z�\�;y\�I���\\\\���,�\0�\�2��sw#?\�\nyR!\�ʾ\�\�\�(F���\�t4A�,J@ϥ�<ɉ	��\\p\�1�h���\��yew9�\\Z./��N��y��;9�%9z��{Y\�ȹ�\�\��y\�\�T\���sp�t\"�\�%\�^ݛR\�?�\�\'՘�\ZO��0n-ז��.\\C\�.\\���.\�\�Ix]:9Ξǩ\�sF��\�S\�\�\�ݍ3.�\�\�e3\�kV\�\�>�{F��&3\nz\�=�p[��\��\�\�ܫ	6��\�tO:�\�6�{\�rrD\�ZA\'\��\�ܚ�����\"0jt$\�\�\�`�\��\�ac	m8\�DM\�\�d�d\�̝���\� <\"\���p�\�T���\r�֜��@@\�	z�\\�\�\�N\�	\�`ܚǹ�j5�ZH-2\��\��;d��#�\�\��%e^�,h�B��ZN-���y?kޣ�\"\����J\'��� �\�\�\�ܹ��\�v�\0׉��\�\Z~�\�\���\���7�����\�\�Ԕ�\�C}Q\�\Z�NU\Z\r�\�\�7\�K�՟(��\�\�>�޼e\�`v���EK\�\�9�,�j�mf\�|;ط0	E��1#A/AA/ \�!Q֖fʹ\�!7o5�	wz�*ƒ�6�\�\�QOaO�؃׃v��=#�QaQ>�)-G򹶏$\�z�\�\�s�w4����\�\���%\�7���/`柇\�1�-�\\=P`�r��<#G\�ߧ��܁�8֡݉\�\�zIw��T`�ҁ\�\�\��\�lOrj6�$\��B�P\�\�2>\�\�\\~V#v�99�v.��@^D-���G\�g�N���@O\�l��\�\�w\����\�\�.�d�-w\�\�\����\�5\���sp�A.9�vp{�8\Zf�{ؘ9J���t�k3�]�$, \Z�\��y�D;���U}�Z���E\�\�\�#�+\�l1w@\�`{���\�#yyr�\�\�j)a/F~�VǨ�\�\�/�`%��Z�:�s\�l\����\�\�֙���+,:�\�Q�\�TA-\�\r��A�~i�h�\���\�{�\��FGD�\�U�,\�E{e�\�\�\�\�.v\�\�F\r{QV��rOf��jDܺ{\�[p\�5�\�\�d�u�h\Z39�Jn��\�6�܄ނ�\�\���a6g�h�����\�Yy\��\�\�\�\���l-��]�\"\�\�Ç%\">~>\ngn�\�e�>m1�\�j�*\�c5��\�����&zl\��N�2����).���[y�\�yx�A��>{i��Pu�#�XPT��9AT}H�	}t_�w\��\�\���\�x\�\�\r�ݧ�x��3�z����!h^\�\\*\'��\�\�\�[D-!�K��2.���X���VD�\�<O)k\�PٹjR\�^\�;\�@�zn��+8��c��\"\�(\�I1cT�@\'�ޣ\����\'���\r�٘\"�T+ehK\�BC\�2t�b��s_�\�\�m\�\�~\��=�N��\Z����{0\�MYc��r8\�w	v1�\�\�\�\ni%_w.������S�\�sp]\�m��ޣ���\�\�XA)�h�\�\��F��\�R����K\�ҳ\�wРm/6���\0A�|��H@p�\��\\\�_Ȕ{��\�]<Q�b�jKTCr\�\�5\\�|\�Ԑh������D4Q���ܹ�\�%\rA\�M�\�(?z��\�3$\�K{$yՈN\�g��\�\�ӗ�s�����Efg۹��3�̘g�f\�̜����t`;�F��\�򘝭\�j%O�\�];�`�Ev\�:­~⥄{��*\0�@�\�㞁��\�\�#�~�\\\�ՀX\�3\�\��B\"\�\�x\��\�\�n�=?\��.﹕sq+A\�FY�\�\��\�v�\�k<	��\�\r��\�\��k<�&\�v\�/d_\�z1���\�P\�\�vz5�@,M$QQ<aF��;��\n��j��U^��Q;Xy �\"�\�.\��\�\����O?n�ȑ�r�D��\�U-\nvAS����z�.�����\�_\�r�����\�.^\��Wq\�jM.���,�`h\n�*4��x�R`�7z�\�5\�t�\'\�\����\�U�4w\��x�\�%�ѓ\�\�\��)J\�n��M�sl\�\�,��H\0l�5!\�\�)EN\�%���-����Q�i)3\�\�\0lAf�4\0\�\Z\n+������Hj4/\�0L�O�6\�jN�R��\�.�\r�HV�^�l���D�FY$����Y	\�p��]�u�&~Q�N�hCy��\�̢\�\rT)��Z\�m�{�!�y\"�[�	��#\�]�\�ԊrS�&�Zlգmu�\�\�s\�\�II3f�Y�\�\�n�\Z���G����\\\�՟\���\�9��\�-	r׊�	þ�\Z\Z5PA\r.j�W��\Zi4\�\�\�KF�g�/*$>Դ\rw	�-\�|��jZ�k<9.���n\�\�\�u�Tv�\�\��\�h\�w;�PV�S\�#j\�$�7c\�N\��1����`\�e��`��\�ע\�0.:1�ɘ4)qqyFS� )q2\�V�`ɴ��Nef�e\�Y���ƍ0n{\��\��3\�\�\'`-�\����L���Wd1bdQ�	WN�\"\"�ȱ��\�Dr9��\�\�4�[��7�\'\�\�El\�d\�\�NBL�DDk{T�\'�7*\Zc\��s�\�c��0�{�\�1j\�h:��\'�.�C�H�=�\�U�T\�u�� \ZA��˖S|�\'A^F�F��/�\�vQ���\�@\�\��[\���f8\�YY޾�_�N�\�\��-	\�0�a�;z�\��3l�\�;�W\�ؓ\�M�P�\���{�=\�ݦ_�\��Ֆ�{�j��\�\�պ��\�99��B�Ϛ���aV��8\�\��{} /��\�P߁�\�g4U�\�N\�\�DB�r�z��\"ܙ둑Q��\�R:\����H0B���ʛ0q*⦦ )%�]`Zz.22�y\�(03\�\�\�\�EA\�|\�]���e��HM\�\�c&\�\����Fe`j\�t��<�&\'�\�?�\�XB+���Ǜ�\�h{\"�7��\n`�\�<\�#F�7��{� �\�1b\�p�3\\\'�N,�dr~XCCyb�o\�@\�Ti8�y�u\�<͑���5řz���&l9�����Q��\nO��|��m�`\�&!	���\���\�\�=�C\�#\�\�@��@[\�\�\r�`^\�tB\�\�k��`y&!1�ː^P�p*9��w�*QL\�o�-\��w��R�<�\�׈�i\�\�Tg��� �\�Ǟ\�tՖ8َV��\�l\��lu�\�M(\�\\Q\��>����G�����P�\�:��\��r�\�\�p��\�NT��-�\�F���\�1�,5Ν�8����\�MHO\�L�g!=�\0����1��Ӽ\"̚[�yV�dMʶTBs�+��UeX�d,(A\��%�3Wu\�sx5(D\��\\$%M\�\��8L�2��ґyy��d�4|$F����\�H�V\�A��\�X\�@&VU��Yi�I�B�:6\r0�\�L����\�\�\\\�u5���ܘ��x%p\�\�\�;��rk-�\�m[�\��o\�򷨏�Q�\�\Z�[yV���Fݘ\�����B�s@z\�{����c\�F�c\�߮+Ѹ\�(��{A�\Z\�9���\n�\\\�-�\�~�}\��Xs�<\�MP_\Z=\�$�/4A��d�^��٪5y�\Z\�_��o\"Lu�r��bj\�Boi�\�\'/�cպunf[\�j\�Ҏ඀��fȾ\nV\\-gr���Gb|l�qnw\�F���o\"\�s0�N9F��h:\�DDEOŘ�46�ϓ�覉�\0�=�GM��\�\�E\�*It\�df\�:i�\r����fS��2h	����\�R\�08t�Z�\�K��\�\0*jj��d#\�3���fA�9Fx\�X�����\nn��\�``�:��\�N���7�;���Γ֭��\�{Һ��\�;)-	\�jJ��\�\�3�[�O`;���[\0\nn���g\�3ڃ����n\�Q\�\�IN��;j\�(�\�m�\�0KL5�)�*۫FFKI�\�͕��\\���\�V�R�\�\�\�\�c}Cb�R�\�\�R��\�~�\�.\�?6Һ�^S��]Ւ��V���:X\�uՖX\�NXOy�\�w\�\�̹��\�y�J\�͜��\�u��\rg>VV�c�\�0�K�\\�K�<22�`��\�l\�dE�mCz\�Vf�%�<i!�z1&O.\�r���\�	\�0a|)&\�n��P[1!f;&DW f\\#ƍm��1-��܏1\��ւ�\�\�Ռ�-=�#�QC�b��f܌a��� \�Č�ør�=Nt�CU\�1\�Y^�HƓQ�RdA\�\�O��J\�\0�n&č\���j�֛,\�nB\����\�\�f�TC\�R\�.\�}\�\�ڶ��.��҂�\�\�AG�{�� ǟ\�<.g\�6�\�\�\n\'S�\�\��osR\�V\�\0\�v)�\�N�V�\�ЪRT!�\�[\�\�\�Ҹx\�Aqu\�\�ι��nM�p񒝆\�܅\�\�<$\�jF75\"�ټ���\'�s�^Ws�\�o\���\��K�o�jHT;��N\�<��\\�r�4\�\�\�KtL5�n��\��\�[\�(ƑaQt�H\�\�p}��}a�\r\Z\�Xɂ\�F�:�h:w:�v�dg�#;��pW\"+���E��ZLOىiIuH�ߍĸ݈�܈)��`҄=�\�B�[;�\�Q̈́{7�nĘ�=�\�\�B]3]���6c$�1��P55��n\�̃T�\�\�\�\��-m������!z\�T^ƚZ��#v	]���>o)x��\�.CZx��.]o��n.9�-�\�f��r;?ϥ}\�\0\�\�\�D\Z��\�\�\�n�sX�$\�{����[\�H�;��9}\� Wձ�f\n�#;\�\��.�>o\�\���dT\�b�1�C1˫�4�+�9�\��\�[\�\�ՠȹ�jNtw��i67M\�\�\�\�\�v\�\�����%\��35�ˑ\��{�U\�}��j$���n\��\�8\�uڜ$g\�_\��v�<}\�\�W\�q�{Z\Zq�\�8my\�Sƶ\�6�(�\�\r\Z<�\�-\�Æe�ἔ�}t\�\�Б\�a\���\�����Rdұ3Y�\�\�\�\�X���k�}��\��i�HI�DRB\r�\�#a\�.L�\\G\�E�\�\�\���&\�D7!Z�ي��V�v+]��бb԰t\�1\� \�� �>\�Hr\0CCR���\�Fƴ�\�<��p�cɪJĥ\�@Dt�\�5\�-\�:w���ν��ӹ���\Z	\�~!�6�\�[\�\���:@\�\�<\�K�)�����ǓN�Fo}+C\���fS5�>?\�\��s	��L�<\���\�1\�\�}��\�A�;���\�JJp�\\\�\\\\���$E5\�+�(6�:Puߺ?�W(�\�\���\��\�\�\�\�/��_2K{}�u\'a\�$\�¥W�T\��\�_`&�7\'�f��\�,�o޽5\'\��Oo�\�\�5�z�؜8?�\�\�w�/1q�J�\�\�Oj��\�\�N\�\����)��@��6\Z><C�&H,�\r\rg�\�?�\�.7���lB��U���Jddk���\�^�Դ��>�))5HH�CB|\�\�v!nJ\r�1���\��\�zČ\�\�(RGǮ\�؈Z~o-�����GVa\��*:v\�v:v9��n]N�\�0x`)/\�*,/`~_�%˫Q0o9�\'�c�D��<`_W����dj\n5\�\�J�Q-\�SS\�)@ѭBxPC\�`��\�}	�2zh�\��\�Q\�\�\��߶��s7�2\r\��(U\�H\���g�.�}[Y֘�	�&�xLƤ\�*(ǳ�����Ąi,@\�#)9)I;�\�\Z0-u/\�2��vvV>��g ;�\0�y30�p65�g��>kf̚�3\�q}!\�\�\�M��i2i�rNCb|�L�\�rR\�\�8�\��w\�d�f!Z΂�ZQU����_:�\�\����9Q��b�\�\�C�\����\�鹧¸!u��ҸM\�nœ�n�>s�\�݌ \�p\�\�Ƒ\�f��ׯb\�&�<�n߽\��q\�\'�\�\�\�st{f�{7p���͞\�әʜg.�6\�Iڦ���C�\�ф�1E9{�Z\�TM\���0I�i{�C<�\�\�aڴuH�V��i�y@ʑ�\\��\�r\�\�o\�݂I�r�����#jl)O�T\�#\�\���n\�\�3�W�i:\"�N��\�#30tx*#PF�N\�	\�B\�)\\2f�\�#r\�dR\�0.F�\��0��\�MC̄8L�\Z��\�Ӑ���\�\�|d\�A\�̅�QT�ً�hI1/݄e\�7��dV�.Ś�PV��7��|[�TVaKu5�V\�b�n�XUgn9�����N�jg;u;��p�AT\�dAv\�TTƖ�}\�\\\�L5`U��ڴ�ʸms\�\�+�J�\�\\ߴe;6m\�rc\r\�6n\��\r\�XSZ�UW�d\���c՚b���Ê��|\�F�X�\ZˋWb\�\�,]\\�%��c\�\�eX����X�\n�\ng�0?�\�B̙9�g\�0�\�b^�\"\�Λ���3Q�5�is��:\�)�0-aR\�\�!a\�lL�����|\�g�n\�%\�˽]�w\�G��D[G\'��\�\��ڏ�0:\�\���\�EH�\�$��\�t�\����\�\��\�q��8\�\�A���ZQ[_�#G\�ĉ3|\�Q\�\�U����N\�\�]N�\�d\�\�atb�2F��0�j\�Pc\�\�\�%.�ΛBhӑ��C)@^^!J��wT\�G\��\\BՎ6\�jG�\�\�T�\�z\�jNaW]7\�w�CC=��\�돣�\�\0\Z\ZcOs;Z��ā��q�\�)s��c<I�\�\�\�u�:��]gqʘ�m��pY\��<A]\�:Ot�-.jƀ\�wh\0�)\r�������\�\�,��\�r�fq�N_\�\'�3�]\�\�\�~:����\�԰�u�\�U\�\�\�\�L��cG#**갭�@n\�Lסt\�Z�[�	�\�l pk���ˊ\�r,X��g\�Ag�� \�\�E~A.�rQP0�˹\�\�)B�\�\�.4��\�93\��\�|��\�Oםcnc�\���L.3�<���HR^oe\�p��\�\�4,^��\�<Vi�\�IOgY(�JGNF:�22Q���\��*�\�\��e�\Z\�\�\��\�l\�\�bf�l̚Q\�+�\\p���r�\\`�`�:~ܭ�����O|��`xj=p���^A\��V\�\�\�\�s\n\�t��cm8|\� \�ӂե+x��\�\�wL���7n\�a\��\�\�\�+Wp\�\�5~���g5�\�e|AqW�i*��fy\�\�}\\������F]�q\�XHU��\�+\�\�;\�3/\�\��:.\\��3]7\�u�:Nw^A\�\�8I(�Ў\�gp\�\��?w���5u�\'\��8y\�ho?���n9\�et\�\�i8p���c߾647@cc+\���m�Κ=��j\�\�\�\rt�::\\5J\�\�\�Vn�K��s����\�0��Ȃ�\�\�ɚͫ\�l^�g�\�R�+J>�����A�3\ZMǴ�TV4�Dۋ\�\�-tK{\�\�5\�\\[�5kʰz\�z���N)V�\�Hm�\�U[��`��+\�\�6�t\�&>/�\���Ö�X\�e�\�veI9V�;V�^\��\�h�qb�\�˵��XQ\��<Y\�\�\�\�X�d5���X�tU�%Kx2-Y\�\�Va)�K�ĒE%X�h/\\΂}>\�_��/\�\�L\��(yY\�\�\�N5˼\�\�O���� G\'A\�t��Ҧ!/;\�c��U5(�\�\�u�\�-M|p7�\�)ZP�Ѽ\�\0��l\�{�\�SѴo*k�PUW���v���Z[\�~\� \Z�v\��vboK3]�x\�<3 \�4\�=p��\���f~_\�>\�nl�[\�E�>o\�GoFuMv\�\�\���](��Ey/�\�U\��KcY��\�R���eX�X\�P\\�K�#qΟ_���e�;o1\�\�]�9sxy��\�\�\�f֛W��=�X���\�\�f|\r\Z\�+\�h^1T��O\�_ճ*\�\�x�+���\�w\�;�݃̎\�ܭr\�\�!a�B�1凸)i\�_\'q�\�I<\��u^E�3\'\�޽�y�\�QS�N6]mx\�\�j\�	ь��FTW7\�\�x�\����6Ub\�\�\nlذ\�4TI\�֕�\�	�f�=i\�t���\'\�ʵ�\��\�\�kQ�l\rE�	�\�%\�Ď,\��_��\�E���K󋖠h\�.#����\��\�<\�I�32~�6\"й<�-�\�N�^\�\�H��gbb\�\\\�K9�\Z�ԹJ\�D5\'�{��P��Upeikg\�8\�at\�\���Q��1�>z{�\�=\r\�\�\\�ں\�y����\�i��Νۘͻ��;��t)/ݼ\�7��RK\��tB���ˮ���\Z\�\�ϝ>�ή�8u\�Nw_\�%�\n�/\\\�\�\�y駴�\�ѝ\�\�~]�\�K~/��\�<��t\�d\�T�3U7F��Fp�|ڥ�\r�\�Iv�&������R7#\�\�ڜ\�\���%u4�\�*�`<r\�X�\�e<\�0�GFNdA+����Ł\�h��\�\�Cs1�R�	�>�H�Ѯ]{=��\�;u+�zT\�\�q�\�֭\�\�\�;��i�y@\�\�\�\�zu��Vm \�t\�r\�5XN�-��\\ق\�\�̄{\�\�z9�#\�n�\'�\�\�X8o��;��l\0�\r�\�v\�r2S21!j���]\'.��A��\���\�\��\\}\�8�R\�\�mm\�p��\�?@\�س�\�ۂ\�\�f�m6��\���;d�B^\��\�R\�]˂\�̘��6\��\�]x�H7�zJ=�\�{\Z��\�[>�\�L\�\�cܸ�\���~󡹻\�\�t�\�EF�K�u3))\0�\0?w�\��\�\�pV\��\�\��[�\�\ZN�����H@:����{�Sat�(\�)\�\�W\�\��܂n!vK+�\Z��`��\�\�#Ʋ0\Z\�\�\�xDDL2�O\����~F!9�sk9�\�ݭ=p[����\�½�z7UO�\�w-�E\r3�N\�\�[�\�͸��q�W�U�Y�#��\�rƗ\�\�	5��ˋWn\�A͂\"�d1��x�u\�EYh���Z\��\�\�Ұ`\�\�:wjo��e�\�/�13r20a��[��\�A�\\�\�Z��8�����<-�\�\�$\'Yx\�D\�)\�y>\�m,0v�>�Ǐ\� ���\�<1�RJ�\�ӈ]M5�\�u�X����&s�\�t��\�\�o������\�\�)f\�\�\�WuLJ��4��UX#\��>��s��\�\�­��\�\��t�\�\�\�܄l\�X\��\�Pfᦓ[��\0�\�p[�{9� �h�/�\�#\�a\�h�|�Hמ��X\��\�\�\�:�\�\�.��\�\��\\�pӹw\�؅\�J9w�o�\�{\�\�\�\�k�ݽb{#��k{*)\�@�	8�yӗ�8�\�sm��MQ�f�k\�e�/��[�$%9�p/D��%�\�(8�H\�5I\��\�\��\�愨y�Y\��\�_�>(\�\�9�\Zt�\�\�\��4Nh-�t\�L����<C��\�}����y�?�sg\�Uv��8\�,\�^\�2�i\�tg�m�s�\�?\�-	\��)�nݚ�ӭ-\�\�q���\�ɺv\0n-Ϟ�bܽ�\�eB�{0�!�	��dP�\�\�v�\�wot0\��܊%ÆF`�\�Q1|<���q\�ܩ�:�\r��\'��w\�p\�&܌%�6k�\�v\��{Sp�\�{�Qqq)�\�jx\0\�nK~����Xp�\�X�9��E�\�dE\���AGN���>ய�BSC\Z�v��~\�v��XY�\�\�\�h\�\��l���\�\�\�؄C��c\�\�F�0�\�ߊ\��\�\���8t�\0�\0O�n�w�4pk����\Z7o>):�\�}\\g쐌s{�\�\�A\���Gw\0�@$�:{־v�ٽ㏋\��?��\�~\� u}%\�#�m\�N�\��\�@�n��\�\�ɉ{K��s)\r\�6-],\�g�0�dP(�nF�=��d�\n�#��F0��\n�&���*2�4�+w\�c�\�dp4Q����\�v�[�\�\�r\�uߡu�\�ł\�7\�\�	���s�оKM�0s/!\�\�)i��U0\�X��ς}Ѽ�=r\�-�\�_�\�\�<d�Ba&�YeP\�\���\�|M\�P����\�\�\�rm5\�nE�\ZT�2\��\�\��]WS��\�h�\�Iՠ��\nuT}M�y.�wU��\n4\�\�a�\�fTUl\��*\�\�M<�\Z\�yb\�\�h\�qf\�\'O[�o;��\�~\�n�ӥK^!\����H\0܂lwn~\��~\�\"3�\�+\�!-\�r\�pϱ	������\�[m�����Z	U�\"\�jS�n�����e\�4�\"~�k�m��0sa4Bb@C\�	8!\�\�?a\�*:p�\�\�ijIZ�)����}\�\�\�\�nՒܻ7ܪZ���g\�\�7܋�\�^�ȁ��p[�^���d-D\�\�R5\�?�;�Bn3�\�V�*R��,��[pO\�\rwC}\r��\����\�5q}/ݹ�n\�@�\�jj�ވ�����\�\����f�\�ك��-ػ�\�\�\�\�~�\�\��\�-Ɠ�,4\nn\����\�[\nݹxp<	@n�]\�ZZ羂\�\�o���#�n.*\�\\\�&ܦ��z��@sg����{���i󛑷��7�c\�6�����-(,چ�\�U���q\�˸�s\�@´9\�O\'�QD��\�^<\�R\�Y�\�C	�P\�#��B\�@���\��OS�%����w�\�\�\�5��u5&�`�]����O\�Զv\�-�J,q\�$!!	�\�/�s3�\�nY�ٙ9Y�[^4LN\�pO$,U\�\�\�\�ݻ�\�\�W\�U׀�]\r\\oƞ\�ܹ{�#\�\�ԙ\�B-\�Mtk�\n�\�4���\�T�\\�\nnŒ�sk<eo�\�\�S~�\\\�:�x9�\��TT\�i�=J�0WG,ek��&�2w+o����4$e-FԔ9�\�B\�\�\�\�bb\�LI����\�7!�\"&0VDcd\�D�O��\�d�E��{k0��\�\�Ň��J�)3Gx\�0­)}�j�\�t�\�\�i,��\��v`\�km=D�YH��\�U�\�ߊ\'M\��S\�Vݶ\\[�\��\�RU�{Ŋ\0\�\�X�\�F>�/ZA�mζY[`[\�/�[��\�_�Ą\�\�9rnB\�\��\�c\Zr\�\�T�VÏ�&r\�\�,\��3�k�_z1���*X�\�$��S�\��\�\��F���<�\�ԄY\�{�\�㥱�;��;�NMgV\�H]]�ɾ޺o��{_\�A\�\�w\'N\�iׂ��ǽЏQ\��~]\�e��W��\�1R�u/�\r�n�~��\�u\�\�\�;\�}�F�\� V�e;̀��9I�3��cj-F2����Ę�(�\��G.#\�\�\"2|FM�\�\\jh���GEMDv\�n\�0�p�\�\�\�,��5\�o;>޼\'z\�$���\���wm�+\�P3ٔS���e\�>m[�[��e_��\0WC�\�[{\��œ��߄\�9�jIܪ%\�K\�֋X�\\�d%l5�\�E��	�?�x��\�\�\�yy�n9�Z,�-\�3P�E��q�i�\�v\���V�V_�d\�S\r��\�nnn⎣k3b47\�\�\�\�L\�na\�`\�Y;�p\�\��\�\�C�r�\��{\�\�tm-�i\�O�	�\�\�\�p�뼩Ӿ}[z�[7�\�D�M\'�u�u\�,or\�M�}�.~�ϛן�DPA\�\��y�\�x�\\\�Ib��?\�U\��}\�1�^~\�m�B�\��^~�\��,T\�$�\�\�!n�Njn�!��paq)�&d�\��\�\�I�\Z����YH\��I)���b\�?j��H3�y<F��\�\��7�\��5�\'Ę�T�@�	b�z\��$\�D\�ӝ�b]\�@\�η�n��<~��\�}��!\�\'y�dᲵ\�\�\�\�hm>\�}�S���}�%\�;\�QYۈʝ�[\�M�+�\�\�\��Jl\\�뙷KI\�l5ɛ:nB�r��{�W\rh][5$t饄�K���p/`\�^���\�_��Q�yE+0�Pϥc\�a,�\�\�1Ǵ�\�)F��L,Ql\�\�-`,!�\�\�\�eZ9���\�696\�δ�dfv6cI1���\�UR�\�+T�r����Y\r4�[\�ǃ{w\�^½��[p\�1vY�[�5�\Z�\Z\�\�&:�\�\�\�r�:`ܻi�b\�%S�{�\�5<xA�4E�ܽ�\�\��G�p�\�<x�Q:\Z�C=z\�ma�\�>\�\�{/�zx\���z��\\޾��\�<\�	\��\�\�̉s���\�\�\��o=��\�\���W�y�)\�?{���c\�\�\�!{�gDѨM���q\��\�C��#�4\�[\'�@.խ6\"2��Xn�A���g8FG�!|l$���\�0��o���ӣi\�f�)\�49\�@��(�4\�l��?\'N�7}]ڎ�F[[\':A�;p`�	\�\�w��\�0�Z\�\�4�&�\�\�t5�*\rt\�],XV\�\nuc��Ö\�u(\�R��\�+M��\�\�c�\�mX�ZcE7�F������(.!\�\�\�\�R,[R���\�AJ�x\�:,\\XJ�\�3Z�\'ԫ�\\NW.!\�\�M��yE��|>\��y2Hs�|�\�\��*P\�+F��\���7�yz.\�uBxpg�ne\�\�\�g\Z.�at\Z�\\\�\�\�뭮��\�\�c�{�\\nܸ��\�\�\��\�\�Z\�\�3s3���4\�}�V��\�Ң�5�V\��$ױ\�\�4{�\�Ώ8r\��]~��K�\�~�9\�N>E��78\��\'\�\�s���\r:;\�\�\�\�Fgμ\�\�s���p\�.^\��\������kԍko�7�\��[7?\�\�\��t�9.\��@��\�+\�[<|�	οŀ~\�;M\�6Hfl���Q\r�\n��̨�\�\�5\\\�N	��]T�2��kt�$J7�OfnN\��Q31|t*s��/\��,B�\�t�\�\�5SU4\�ɠ!1)n2225\�j�1�(\��@NM���\��\�<�\�\"\�g\�\�]8�B\�����U�tbs�w;\�\�s{3\Z�[\ZiF�M��\�\�+�\�\�:T1��o܂��e\�R�K\�c�\�\�^��k\�PB\�KJ\�Kʰb�Z�(.A�\�ڌ �\�\�\�\�IЩ��ܢ��?w\r#ݼ�pӱ\�2s\�c���/\��E�h\�|,**A�\�4��2\�\�n_,�\�~\����\�V$\�p�\rF!��RM�Yƴ|\�-׶�[.�����E�.)s\�:(�4a߾��޾G\�߀=j�o:��\�[\�\���\�\�\�\��W�l���c/Q\��\Z;j�\�-��x\�K\�̺��\�{�>�:2S\�bV�3\�\��99/������\�WX^�\�Z^�\�\�[�y�c\�y\�3Ο��+>\�\�ů�|�+�q��O� -\���|\�\��(\��3�\�A\\\�	LN9���?���E]H��E1gY7�ߣ�\�5�m�\�\�y۪n�l\�-����嗑��:�g\�\�\���y����z���!.����\�1�\�*\�_B���+:`12\��dE\�<�h\'�S�]�\�	eW�qit\��\�q\�.��\�B\�;����w\�\�p��\�r\r�7�\�oa˪{��&J�����+�\�U�\'�f\�I�)�+����E\�X2���\�\�9�pf+�f5�hv�\�\�\�\�9(��\r���#���ٛ��Y�̌\Z��ՙ�y�\�5HK�EJb\r��j0=�\Zi�HKل\�\�W#=}fl\�\\\�4#\�J3Pa\�u�2e\�0�\�\�\�@v\Z����\��b��<yY,T�^��;\'�p� ̊$\ZZ\�������I.�Vg8\�\�z\�7\�\�:\�\�u�v��\��qrYC�޽M��\�4p7\�5�\�w\�fat/~�^S�|\�\�#<��\�b4�H�gy��O_\�\�x��?�F�\��\��\�p\�\�ܥ\�\��\��n}�>\�ލ�\\�#._�W�}\�\�k_X��\�\�\�;\\��\�`a��]\'�\�\�ί\�:�\�.}Fc\�=L�V\�Q\�]:\�Ű�y6�\�\�G$3\\�U]�ISx�2�!\';�fT �p�\�!.c=&��Cl\�ZDM,EDD)F�X�\�W#��\Z췞`o\��JB�ƀ\�)\�^\��l\�0j�\�5���b\�\Z\�$�`jVg�F|qRKϡ`\�%l\�x��㯰�\�%\�\�_1��\�ɓ\�\�y�W�\�\��\�3T��A��\�w\r�!�\�5RֽB¼����\n1�#*�\�\�<EĘg��\n�c\�bt\�+�G�Fl\�[L\�}�\�y/����?Ǵ�/���\�5\�LZ_ag\�+�z�V\� u�\�\�\��H\�q���\�_���\�6\�A\�\�ۼ\Z��!v�S�arFbc\� r\�]��qƙ:\�妚n����\'p�	u�s\�\�N%ܪ\�\�h\'�\�\�@\�-\\\�D	x\�w\��������j�Z:� \�\"ȍ�mTi�o0p[��C�ʊJ���q�����\�{ݮƒ�\�B�\��\�n֪�>\�͛�x�i�M\�3%M\��Έ�}\��\�_�Q������}ǧ/Q��\�-�\�n���_f�؏���|�\��~��O��O_�\���O�\�\n�6j�b,\�t��\�y\�\�i�QwT\r�\�s\'\�E��\�}>X�\�CS���SH4u��\�\�Hs��(3�ʑ��&\\2��\�C�Xp\�\�\�\�q\�\���\\�\�=\�\�\�|\r�\�P\�p5u�P[}	5Uy|Σ�\�,�\�\�bS\�il��e�O��νvM\'֔�\�U�\�K�2\"�\��\�m������}99G��}\�9ǐ�\�\n�b��6d\�kG��v\�\\؁y�Ob\�\�ӌ,��\�V���\�+/`m\�E~�Y\�]r\Z%`Z\�)�G@\�\�\�?�\�;3\�$\�Dv\�C\�\�\rt�,��\�m\�v\�\�L�zp%�V$\�\��-��rw>����\�\�MǮ�ى��;̲�r�i~\�M�\����\ZU۷cǶm�1g7O�m\�\�\�Y�զ5�5��\�㶮\�\�p\�\�-�}��`\�\�W�	�7\�+\�p\�\�w�	\��_��\�W�&�Z�\�\��>~�n��\�Ǐ��F��\�ݟ�~\�\��;?��\\\�?\\sѩ%\�( \��U�����vk�P\'\�9\�\�5[�4�\�	t�\�Q��\\\�5B�\�4ӛ>\'��\�m#���V�t��8�\Z\Z��##1-�\�\�\�]�`��\�\�HǾ@\�>��g\�\�gp\�\�i��\')�\�\����\�,tE\�\�h٫*C^=��kkdH����\�M\�PVV���\�ظa֗nF\�MX�7�d�+��d#\�z$7`��͘;��gm\�\�\�\�\�\�B\�:�T����\�\�/Ea\�*\�\�/\�IT��,lΝ�sf,ǜ91{f)&\�\�FьM��Y��o\��\���8�\�\�\������<�[#�\�\�\��\\e%\�wj_殭�@E�&l\�\\F�˱m\�F��;+	0U��\�6�\���\�a\�q\Zs��\�{**Ls|Muv\��\�7\�\�U��At\�\��i@��񛅗K\�׿B\�_�3�\�[w\��o\�\�o��\���g����k[���72�O�\��\�o<\��y�\�$=�\0\�\�&����jf#\� \�\�j͋�9S\�-\��Q\Z:�߫>(���MR��R2-��	~谱�G\�0rT�\r���B�\�\��E3�b\�gq�x7�\�\�ѣ��9�V�	\�,ܷ� ��\���q��꼽�\�,Tnݺ\�7Pa�ڌ\�QC\�\�\�uŪuX�� %��x=�R���\�E\ZU��Z��\�u�W�H�r-(\��e,D� �`1\�\�\�\�|.\�/\���,�.ä��;[7\�#\�i�\�\�.o[�m�wvZ:2Ҧ\���=Vpl\�\�\�DO�\�ܺ2\�J�wUC��\Z\�v���\�S\r�w\�Dsc��%4KͪԒ\�Ჩ�\�tr�#?SWW�+W�\�*\�\��\�?z0�b]Y@\nN�nO�I7�?�SZ�%�\�\�7n�\'� �\�\�\�\'E�;?R��\�\�{\�\���jP���\�\�hbG\�\�&[J�F\�s\�Zjg��\�f�\�\�F#�_5�J�Xt�\r�H�3a\��\�\�TeZ$\�J�>.a��C#:01\�\��m�i\r\�0\�}�����\�up�}\�H�\�;\��\�>`F:\�\�j2��,ܻhBզ۫\�c�~߄�\��Zׯ\��\�6C\�\�JY,/5ՂK��\�\�\�k�x\�:,R�\��\�X�p��nn��۴V�a��s/(�-�E�|�\��4i\"\�͙��<\r�\0ݣ \�\�%��۶RZ���\�tnS���I�K\��,�O��\�U�i f��\�\�N�\r\�V�\�\�\r\�-Ȃ#כ�\�\r\�V_��\�J��(Ri:U\�ѵ�����n~\�\�U�\�M\�GG����Y���\��\�ړ�_Ь�+�\�m\�K=�Sr~\�\�&�	ܸM�\�vD\rc゚�5��z�ٞ|\�a�\�\Z09\\��noK��\�4ۨ\Z�p�\���;W�~Q��;1\�(��uɸ=\�`�]��:kE�O6έ9_4\�\�\�)�}�\�m\�\�A�\�O1�\0�=ۡV��\��;Qg*\�Z�ukMܶ��w�Ռ%�Կ�D�K9_�>&\�ʰl\�F,]�K�\�F�%��^��\�\����(�{��\�D\r\\�P�{MżًQ�;�p\����ٹ�\�A�9=\�(�J����T�&j�4E\\%�n�V\�\�~��]�s+�j�ʍjw2wW`J����`�й��\�\�X��\�]PAt\�\�h\�ӄ�-�t��ni�\�5Bg\'\�x�\�M =\�k?\��\�\�\�#Rk\'\�Ԓps�\�c�\n�\�\�A��o1S\�\�=��\",\�N)<JwWi\ZY̔ĺ�5ry�\�p�\�\�1F�!��1G�\neB���&Q�|m	�\�x\�v�ҽp\�\�3\�4�\�\�V�\�\�:`�\0��F�\�aa\�\�\�nf\�:��v]\�y\�,\'\�\'Ϙay\�;N\��O{�䤉&f�e\�Q\�{P}P\Z\ZZLs�\�H�}{��\�S��%\�K\�\�v-!W�\��c\�*ހr�ekYx��4x\�b�5Y\�\\��\�\�v�Z�`��Z2�\�Ō%\�KL,),P\�N\�\r�\�\�#�K�@=-\�Fӑ�B��ga\��J\�|��n�=�\�XJGp��(Nv�\��t�<�B\�)\�\�n�;{.�ǥ�q��e��5ܸ~\�\0,ݾ}���s\�i���ౙTSӳ\�	{�\0\��so?\�=\�\�\�\�=Ȃ�\�5��+3�fO�\�,N\�\��\�\�}L�\��cC�\��<)	&LET\�x\�^\�{���\��\�\�\�4�`$_m5R�IFc\�\�$&�\",B�¡>r0���s��b\�\�#��&\�|\�H\�\�I��4�Q$m��\�\����G\�*wu]\�>ؗ�:;\��>q\�:��>v씁[�\�e\����A=-\��z��>&rn�\�	[�\r\�\�2\�\�=.N/���agy�$\�F��u��\�v��[gg׶\�t\�9�磰p&�[\r1Ԕz\Z�����)�N\r��1�q$%\�(-%�\�\�\�n�\�B��\�N�fkLf{p{\�sg�p� _:wW�p�0k�M7\�\�(�ޭ\�7̄.\\�&\�\���y�~�\����<\�<xf\��\0*�8\�a�p�(1L�\�RlY�*�\��֡M���,��i�\���\��ϟ���c%M���!��q�q,\�t\�\'F��um�\�\�EE��y̙\�b&�9��D\�ɠ�\���\�\�	\\�B_\�\�A\�D�&�\�R\�t�h�-7\�^\'��Vt��<}�\�}�\�ܽ\�\�\����\�\�ܶ��b��\�n!\0�N�˽5�l��)r�Ԁa\'\r?���\�<\��e\��\�`����2v�tAm\�:}��\�\�\����\�\���f���\�~��i\�\�\�Gp��]?v��;�s]/��\�\':���\�͠����\�<\0\'y\�B\�\�.ܺ�\�	��-֔\�/_�5�����x�g\�\��\r�={��\�^\�\�\�\�x�\�=~���^\��\�\�ϓD�\�{��\����\�\�d!ю\�T��\r�s�\\�\�Ht��Օ[\��\�\�&\n�vC�z�EDh��\�f\��p�����\"\���8\�/\�s]Ak]W��O�5\�]�\�\�C�5�Ш\�\��\�19ʜ8�\�\�aAw^�2���G�\�\�܈�\�\�n\\\�uFU�繟U�8�+H*k\�\�v��Ւ\�!�!g*P\�\���\0W4�p��\��\�\���(T\0p\r\Z�����m\�&܊�S�-��z�m\\�o�\�\�\�^,i;rm��0\�nԄ�����a\�=A�ۏ\�\�\Z,|��r�\�	43\�̂\Zus�d\'t�\���#\�\���\�N\0\�Q��ۦK�70A]T\��\�F\�\\\�U��\�^���Гt2�r2+�v�\�y\�cA\�\n[\'p�\�R\�iiic\�e�\�\�\Z0�N-�-�Z\�)�-\�at\�\�\0���t\�,�G�\�\�v\"zn!7Л\�\�̭�\�̿o�\���QaX��\��\���\�v\�\�\�\�T\�!g��1�\�\�[\�;����\�\�nM~\r�|�\�\�?\�\�bJ\�\"��>e�T̝�I�g!\��\�\�ڽ 7�D�{p\'�\�\��pk�L\�g\�[�\�\�\�a�N��%A�\':Nq����=\�\�\'�\�\�h;\�\��\�\�m��s\�.\\�{\n.eAUUii\�Fw<(�:y0\�J�T�^^��\�\�\\ʽl�\�\�ӺTK�]�l�[)��n�������\�\�Ps��\�A��\nw�[-��L`@݇\��<\�mdg�o�\��ӧg#Q�I���SS0Y���ؘIޭ@\�Abc\'�ہ\��]\�q�\'H4\�?\�\��)�\�:an뾣p#\�\�xI\�7^\�\�o\�I����yK48X`o޼\�\�M\�V}ýzU\��\�\�v���zz;�b������\"\r\�,(�w\�{�n/�tt�0���8�\�0�3wا6]��ۏ�a�>\�y\�\�Mx,\��$\�\�\�\�\�\�۷��1\�\�\�Wx�\�5>|�;�5`A�r\��\�VwU\�\�}�\�u3\r�j	\�\�*D	�\�\�y�hW9eL]��N����Ӝ$N�\�r��u\�|z��\�ƃ�%D~	0\r�R�\�fAs��u2Xǵ��\�\�Ė\�^��N9�]�w�\�\�N�):qƏ�#\�c\�\�y��ߢ\�\�v��\�\�l!\�c\"GM��*0\�N\np;\�\�IY[�\�yMl�I {�A[��j�\�MXe�7���po`,YojN�\�\�T��\�K\�b\�eo�mAvr#v�.Y���h,ea\��\��\�\��\�m4\r\�KQ\�T��RS2R30n�⇦h>D�5ɾ+P\�=@pw�㔀\�\�q\�B-w\�\�e_�x\�܄Y\�w�Zw2\�̓\'\��׶\�<N�:�n\�\�3�@s�\�\�	��n<y�\�\�k�\�\�\�3�Awv`��q��c��(�\�fz~��\�\�\�-F�k\��U��C�\�e[۩\�[[��۾��\�Ua\�w5�D�[�֙\�\�\�u���t_��LL����`w�{r\'M?F�!�$�JS6j��H�j=5\�\�\�\�u����r�u�\�\�\'U�4C\�4���\���\�qN���k\�I�k�|9��jP�n�^R\�i#���7�@_kn�\Z\0\�f\�ŋ�Ͷ��$,(Z��3\�L?\�ti�k�5aNM��\�\�)\\J\�0-)\�x\�LILFJB<�\'\���8�$M\�\�H�\�\�Mi�r\�s�\�\'N��U�f\�\�\�d�U\�}���ӝ\�s+�\��\�c�]\�T�?{�\'��:)�\���\����[lŹs7M\�ǫ\�,|�RG��\��\�9���\n�/�\�?T��)\�\�e!�\�Sܹ\�&�!l\�\�:4�R\�(u\"�u���9!�+W\�\�ҥ��/�N\nW;ap\�<ɻ������D5G��\�շb\'�� @\�f=!)\�[S�Ι3y��\�Y6���ǚ0�\"jF���;xi�}�8[��ѡ��\n�8)�뺩\�\0\�7\�A\��6;�\"���S-�{�\�ޖC�������\�\�\�˃\�5;M./���k_j\Z����W\�\�+�֪�����\�՞��o��\�w\�;��b�\�\�Sғ\�W\�<A�S��D\r3[�\�3\�V�l�<-�\�&&%\'&\"9�J�J���<5)S��\�\�H�\�\�ĥcl�\Zl�2�\"I_p۫o�\n��\�\�h!g6q�n\�W�j{�\�ĂU��\�F�ϡ\�J�tP~�ޣ\�\�N��	����<C�QA�\�\�R[7;s��Z�\�U�IL3�m\����\�|�~+�\�|\�91^�|gj`T\�{�h:����3\�\�R\�mLl�V\'\�]�N����Y�n[	U�ղ�ϻΰ�{�\Z�U\�\�\�\��\Z\�\�\�(\�\�)�n�����Ԟ��^�\�\�\��f�\�C�۱��\�D\�9n\�N�,�O\�j&_�b��f_5ӜQ�\�\�\�\��%k�i\�Ԕ^��P�\�Z�a����Rn_\�\�jr\�P3n߸qkԽ�\�ʱa��\r\�`e�\�\\�i\�\�l$\�|=E�\r\��M��˕�U��Q\�\�--_�II\�X�\\\�X\"��W�\�T\�9��z>\�,����`zR\"\�x��\'�yR�\�\�Q\�G�a9�Z)��t��2�)<\������\�sgE7�\�\�Һ��K�\����ݗ\�R�ۓ�1�KU�Y}�\�S�����\�v\�\�\�\�l\'��˶T�\�]��\�PEح\\�z��`o�mC�o\���\�\��\0O\�	@�\\��\�Kܿ\�h�al\Z\�y\�1\�gn�\�\�˚&ـ{\�)ͅ\�Mx�\�9o\�6�����G\�z͎\�\�g�M\�|��q�tw_�>s\��;:x�\�CUjj�e\�}QEy\\�$*`\�`�R�ZCNk�\�M){\��\�7o�,K0{�\"̚��H3\�Θ1����\�b֜\"j��w&\'k��\�\�X�y74��&�/.^I�W{psI�-\�<�\��jsh\"\�ŋ��X2]�\�TC\�\�F\�Ʉ9�Jd2�\�!=u\"22&#--	��4�)y�91j\�vB�[�\��\�^�RQ\�Ԍ���ۂ.7`���0k�b�\�Y\�.pS����\�\�U\�\�\�\�S�x\�\�w*t?�\�\�G\�ؠ�\�f!���O�\�W\�\��4\�\�j\�T�\�_�ܞ�ۆB��v����~\�ŜW��\�{��cW��\"�\�\�ܓ�c�W�~��\�\�\�Y\06�\�:�\�\�\�\�\�\�<\�\�Is�k!;݄����6�\\��\�.\\!\��\�\'M������h\�GA��_2�H\�T\�t�p:�\�ͺ���l�)U��ێ�w\�\\�+��,n�vZc��6\�0反��\�\�\�H�r�4\�\\J\�]�\�e4E��9j\����0�`\n�f W\�\�2s���\�(�G\�D)�\�YH\�2##\'ƛ����	0�TzJ2��#O�\�	�Td�� �\���{\�τbL�\\��q�����a�:P7��\'�mT\'��\n\�\�b�W\�m:\��\�\�f\�\�6s�>�4��C��h[�\0�\�u���\�-�\�ӹ�\�u\�.\r\�t|~��CK�<�|�X$�\�N\�y���� \�g��\�z�\�9\�}v�2`\�FT\�Ez\�Ý\0t\�P-�o\�~Û7_�gJ}\�?\�\�ˏt\�x��=�=�kSO���s3�<~�G�_�\�\'�\�\�@�\�m3ߊ\�\�Q\�|��RB\�K<0�F]��P\�3Yށ\�\�v�]3�2�\���\�K6�h]�k\��s\���[���n%N�T\�\�I\�7]َ��\�v���7�\�A\����&\�iV뤅[`����V�\�՜l\�,�Us��oI��ϵܠ[���I�m�\n�e۰es%_gtᕡ��\�\�<!�P�6lGs�Fe��\�\�A\Zt,/.^M�^���\�`\�\�ٌ0k0{�&��\\B�������t㹌-�0u\�\n��Y��\�\Z�[X9D0u��T\�\�I��9A	\�VJ7�ҍ�\�+\��-Q\�)�\��깍;�a�\�si9� �S�C\�9\�R�N��\�0���h∓�+�\��ETE�\�\�\�5��FMS\�\�AoGC�.��8|�ø\�>�\�jwck��z@�\�z\�St��f\�\�PyZՍ�\�\�/�k\��O\��\�~&1��Y�^��(�?\�6��l��y`��k\�6s�\\�v\�mޤAz\�J�B*��<�.\�\�\"�-\�~��r\�7#��,��\�\�\�\�\�8\'c\�\�_\�0�2\�q��\�2~�\�q��m�q\�W��U��fz\�J���לݮP\����\\�N\��ҭfYJX7n\�lr���q�����\�0eb\�\�#1^�B���Bd�\�An&=w!^�93\�c\�\�\�t\�T5\"/�	Sײ�]�1�;̭:��\�%\�<u��Fݤ�P\�	����t7A}�ҝ\�T����(�\�Wne\��\r���F\�ւ\�m�\�ԧ��\�\�&H�\���۬��]�[�,,X�:O\�\��Y\�?\�9H\�yeP���\��\�\�\�\�\�N^b;�}_�}�\�>x�\�7�ߺB\�\�ơ�\�y\"0n��J�ꚹl\�j^FY�a\\ΜW�j-\�Flڼ\�\�U\��ھ\�C��\�\�\�4\0)\Zԛ�\�i�<|a�Kep�\�W��5HUE\�9���N\�#�՗Fά.�\�\�\�\�0�j\�lגN\�܊(\�\�}G��?\r\�\�\�ܛ��]���\�ر?z\0��k\�L����\�޽\�ܱB��kh��[�a{E5�n\�i�r:�\�^�I\�m,<��\�%�֗s�\�[7��Č��\�Q���\�FH\�T,\�GL\�\�a\�\�1t\�(2w��\��[\�U.oa`�\�%|A=����z\�\�==���{\�MOרs\�IJ��t�B\rT�k;�\�H9��\'{�D\�\�\'UG쩣�;�r\�\�\�e3�Z\0��� t]�\�\�.\�2/\�\�\�]�\��K��v\�\nD\�1��Ѝ�x���h�\��4ӵN`W\�\�\�a��\����7�ǂ\�\�\�\�,T~a\��3�\�_5 A4��\��G5�\Z�.3�`��I#UT\0\�eZ�eUw���d\�J\�\�x\�%\�V#s\�2W\�ga�0U��p&\0�v6\'T5����\n����q��u��M|Q>W�3}���\rUQ�fF3gY�\�\�$\���\�Ԩx\\\�X�Ɍ�p˽m�\�.\���r�m�\r�\�\�o\�j�٨~\�\�t�\�U�\\53;\�\�\�6og���\�M۱��Q�l�y^�q���V�\�D�����I�#M��ZE&#&\"\r\�c0v\�x\�V׃�hJ9�\�c\�\'p\�w������Rߨ��`Fݡ�\rO~ȏQ�7�z*w�)49\�BB=�\�\��a9~�w���;�nN\\0\�N�d\�\�\�\�\�էY\0�C�1F�n��\r\�.\�ʥ���Yk;m��љ�\�\�\�T��FfC5R�W��כ���\�0��\�\�;\�\�G�\r�}��^�Phe���w���\�[{��ׯ?���ހ�W�\�!\�zj�\���\���=z��w�\�t\�\�8s\�\n4NQ�o�\�,\�vvUX�j3��ib���5k	rs\���<\�Ξ�\�B^�\�,f�k/^iN]\�Հ�\�D\�U\�]MY���J\�\���T\�`^W\�a���h��\�V-Z\�Y\�TTaYF�\�>ݝ6�ӽ5�\�d\��\�T��I�:P�xb��\��\0\�xʊʝ�|���|\��\�ff��t�-\�ܶ��\'%L���=\�MĄhƒ\�I�3�c�L\�\�q)�qccY蛄\�#�1dp1��d�Op��\�꽧OAҶ7\�[oi\�\�<I\�\�\�䷨+\�y\�4u�:B9\�T���\'�P��\�r���ɳt��̃\�n����Ο\�%T��R�\�U�^�\"\�r�^z�Ğ�xgxy=\�vW��\��\�\�lN�A\�dTj;څcGϢ�\�9��%�\�=�\�e�$�\�9��\�k�/\��B��oL\r�`}�\�Y:�ކ��׎jH��F\"�.�����\n�O\�\�\���W�U5)j0�vM�H\�\0�ƨ6�̚$����@\�cݺm�H��*�D~�LO��Ĥ\�MMä\�)T2�Ƨ\")9Ӧ\�\"3kf\�^��˱�W�Rƃͼ\�TTՠ��M-�\�\�z��\�h�ߏיM\��\�8�����h��W�W�ò�\�xR\�xR��gՌ(�\�U\�t�*j*S�m�\�62+�ﲌ�>]M\�Q�2i2\�&\�1gO\�d\�Ss�$D��Ad#ɨ(���\Z�I�\'b`�9T0��\���o\�/\�!�� �\�-�t\\\�o\�[@_�\�z\�NP�\'j\�qU�\�)���M�ca&^\�p@[ 蜹͞�=�A�\�<g��N�K,��\�5\�8�{�1a��zc\�ֽ��Fw�@�\�>ko�\�y�\n��u�I\�w\�\��%�zeZ\'�_@�#���p]gm\r��d!Q�\nJu�5b��KFr\�j\�\��{�T\��\�\�u�V\��\�L���d\�0\�k͜�nBOm\���[]����?b�!]�O�{��5��-�\�y��\�:��\�44Aum+��\�\�\�u��V\"�`!\�3f�\�Ŕ�L�Hw��\�	t\�II������4$�\�HM\�Cn\�l�4+�\��]�l^��\�ϛ\�ȊX\�X��\�*w\�\�]t�z��\�]�\�ш��QɫMvf\�\�8�g֎�Ҝ�c1zd�i\n��#YE1[�&ܓ���b��d��\�\�31dP.AO�{�\�3\�S\�*�S�p엋*<J��2u��H	\�S�?s�ހ�\�L��Z�\�\\\�\�v8���C�\��c`M<y�\�*�\�eS�#5:\\\���e��\Z6TSݯ\nTʘ��\�\�g\�v\�\���@�\�\\�ˮ���\��>��!Xo�T�*�~� ��P������f\�ׄϩU�{\�\�	N5�X�\r8�u]W\����\'�Sz�>\�䀶P[�5��\�\�\�{a�t5\�j[K��\�[\0\��\�3\�\�EB|\�\�]s�K\�9��\�N�a�C���Nw_\'\�\�M�\�2�w�\�sw�\��Y�\�4_?\�\�\�\�2�\�E:r�N3\�gA�0ݷ[�7ccY-V����\�2\�-Z��\�%HϜ\�+B.�\�O\�4\�S\�Ry��\�M@\��x�$Sy�$\">~:f\�X����\�\�,\�\�\�K���n�\�lG\�k��at\�,8����\��xF���HŘ�D�e!|TF�L\'ܩ|o2O�\�8�\�3��\�2v��\'\�m\�&u\'Hrix\�\�dwpwR�[��W\��`\�lM��9�E4��\n�S	�\�\�\n\���\���\�,������\��th\�\�VSw3+jd\�垒�t\�\�u�\�}\��_e<xA\�{d��nhry�W�%�\�\�m}��r����\�T�\���Х @\�\�-\�R�bM�۾$�M�JxE���`�s\�}vp}�\�}(g�\�ߵ�޿/�\�6��W0\�uI�\�\�\��\\��fzu\�z�+�Yh�+_2\"\�\�\���\�\�%\��A=MHO\�\�>\�U\�\�\��\ZN��:�ㄹ[�5.��eǉ�f)���\�/�1����\�Q\�\0V:v\�\�\�\�n$%��&��\�\�B�N\�n:��\�,LCu\��3[�bӖf���GɪX�tO�R\�\�/\�\�9k�������\�Yl\�	>O��<$&\�BB\�l$L���)�1i\�L�y.b��0.*�\�N�	yx\�t�5�p\'ӹSw\"�\�a\��)�|\Z��\'���\�\�=�\�R��\'�\0\�\�u�:M��ک#TUO�կ��\�\�U\�\�D^5�yF\�Ǐj�P\�|N4��9�\�H]�\�j\�P}�믡禆@Ub׮�`_\�����W\�\�y�\�r-/�Љ \�\� ���\0�\�\�*\0�t�|\�4(\�[�n�\ZPn\�P� \��\�ɾ_.�ﱅ\��\�YX;�*:� چu��LH/_\���o��GRa�1?�\���˂�\�u\�!�\��ѭ/��\�2\n��\�{�ۂ}��Af9y�S\�4\�8q�Y _a��\�ۏs)�_%\�WX6��#m�Y����|�����r\�S�3R\'\�wwd-O\�\�O����1��ή{���bG�Uf~?�\�s�\��\�Tފ��}(\�҂��=ذ��\�72\�7ami#�W�pF�	yy�\�\�^���U,� 9��	K�S&\�\'\�s1>��\�%c#\�\�9t�,�\ZA��\�C�0lHc\�<��?\���zI=�ֵ�Q���\�Qrt9����\�Ǩ����*�M\�Jj15�ܚɃ[���ↀ�TX�Q�\�S�T�@\r����\�\�,�=aa\�\�<fN~\�\��\�9�BKF\0~\�\�\�\�\��o\�$\�7T����zV��X8U]���^;թ���\��ZQ���\�\�\�rn�y\��n�\���}\�6=W��N븷n�\���\�M�@7�}\�\��j:\�>w���\�n\�}�{�`�_�\�W\�IW=E��\�g\�\���G�ާ��G��\���}�\��\�k\�S7���\0\�x�\�u�\�\�*|p.;:�\�\\v\�cǮ\�\�\�k8x\�\n��\�<~\�-]hj�j��\�{��st\�|~�M簻�,\��\�ԝ��=��\���\�**�ӱ�a\�6B}e�2\���tC�\���k\�6c��f��l4*��99�\�\�]���uHO_�\�\�\� %y5\�.a\�/&\�\�t�<i1�	�\"\�F/@̸�}&\"\��1���\�Y\�\�31bh)8�\�~���ԋ\r\����o\���{HݣT/~��\�u�:MuP�j%�\�ڊ>�VS�{�{\�\\;EG�\n�j��	\\\�tr+�����g\�\�A~L=a!\�\�\�ׄ�5^���ꥪ�>\��W\r���my���	6\�2\�z]Vo\�i�kș��n���Q\�N\��\�\\�8�\n\�^Q\��silD�BK���Xp�!\�\�\�K(]W����x\�U|M{:\�\��ʵ��Y|\�\�\'FW�=\�U\�\���\�>|g�3N^E[\�9FEE�s\\v1J�\���c|8ό|�|\��E\r�}R�6���}��Z�\�\���\'Q_\�,w7v1R\�=�{�ѭ\�\�|_K���kw\Z\��\�йOɽ\�\Z:Q[G�kNҵO��po�\�0p���ѡ-\�{��nź\�V�Y\�B��b\�\�f�\\\�\�\�h#V�\�Ƭ\�\�z�{\�ZLK^��\�u�{5\�ִ\�+	�J^B_�I�cB\�2���e!\'\��ˋ	�:��\Zւ��cp�{\��AF��\r궧\�\�e\�u��I\�/R\'�\�Z:\��\�\\VR�\0_A-\�z��U\�\�\�9D���\�\�VPt\�^\"\�\�2㋪\�^�p�Z�\�\�>\������\�3>~��/��\�S(\�\�f0��\Z7$E�\�Ɖ\�\�֕7�si\�\���\��̳Q\�\�\rW�sc.]U\�ێq\�\�Y\�G\�/uu\��&��Z\�\�\�q\r�f�F\�eH�_��Sa\�YH\�嶦\�s\�:dg� ?_��k�e�\�\�\�vy�{7�U_\�<\�\�\�ې<`AP\��n\�ŏ�����&��}�\���\�0\��8c\�9�2�>p��vao\�i��\ZOl��Bz\�D\�Ŏ��?̲��4_�Q\�B\�\�-Oa���?\�ϝ`�\� \�\�GvE;ʷ�1�X\�\�6\����cji\�Z�\�\�%\r(.�\�(GZj)\�.Ŵ�\r�\�I\�	x)�\�ZL�[��ɫ	v	\�{\�^N/&\�\�=���Y��\�kX]I_M�\�1<���_�\�\Z\r ��.�)�\��,]�\�A��N�8Aȏ\�\�\�\�_ǥS\r�\�L�P˨�P�V-\rE��\�\\����ڞto����y�\�\�}�z�>~\�G\�ӧ/\�gO�����\���\�_x���q^����4U�2�\�\r\�:�\rH51�o�\�d�`��h,\�\\�\�\�A/�;+\�ߌ��UH#\�ټ\����`23�m5������&ON?�̓\�\�\�\0��<f�\�\�/����l��-���\�\�\��{�hQ%/\�0u\�|L?)<���*�fM#A\�G O\��k�����s��s\�\�x��}ի^��&�HD\"\"\"\"BD!Ah�JԱ\�cL\�\�8�aPT�6\�\�\�v\�V�@Oڷz\�\�\���߼\���[kF����f=Ϙ�\��<��}���\�3��\�XX��/1�,J$�=\�\�\�\�\�%��\�ѣnO���\�p2W��$_/�j�D��cK\�^fY&\�:�h\�\�`۽`\�l\r�Hb����D�\�\�2�q�ǩ�`\��s\�FN��\��\�\�N\�ِ�\�\�xb��S=1ޢ ��6!:̆�\�a�=������\0��_��ҟ\�\�/:O-P��\�?C�\��~�}�\�Ex`�}\�xD��\0\'ܿY)�@*T�5�\�D�L�(�\�ҍ\�\�5\��\�ϟ�߾}ە�X~&X\0�\�z���\�w<g��vMFK\�q��\�(\���\�ӑ�\�{?�\�\�\�}|�U饥�/)����[�%\�\����+���و��\Z:��\'�����G\n\�(*\�DIq/*\�Q̓Zp�Ua/��\�t�\�bY�f~��.fe����>v\n�\�\�\�=�\�Z\�\�W �P\�%H[�\�X[�G^��\�\\\�\�7cdl�����i\�	�\�r\�t\�תr\��\�UF�+����S�lK\'\�\�\�\'.��tkz�A]8��\�f=:����rko�\�\�2��)\�1s���7�\�\�\�\�\\<Mt\�\�ɶ�h��\�\�xB�\�\�8;r*#J����\�L��	�\�-�\�Fx\�B�.#��u\��۾�$�\�v�:\�\���\�\���\�\"$`�\�\�`G�\�dZ�\�\�yA~:�$\�Y���\�&\�f\�\�\�C[�P\'p�cχ�_-�Еō�{�� \�\��ׯ�\�W�.-k��\�{�\����tbɧ7��\�\�\�M%�\�ȆLp��r��y� o�\�0r�b\�mczJZ/%\�\�J��k\��O\�\�f,\�Qe�E\�6*\�;	��\�\�ȓ\�̓ֆ\�\\�%3\n\�վĔ�<�jN����#8\�\�AT�Q��l�\r\�X�Gy)\�ε ;���2��y�.n\"�F$%\�!�W�X^���u�*BHp>���,\n�(wv�A�\�]�4�?:~\�C|}Q��ӭŽ]ts\�n���\�r�2�\�\�\�t\�\��@M�\�`\�\�\�U�G�K[�\�ZY�U$1��h�~UU<F\�\�x\�rZ	��\�\�\�ت����\�,N\�S�%�0�\�v\"6b�p\�#\����淆P%�F\�C\�\�����\�&\��\�H�=���/ƟL\���\�4\�H�1 !��n\'\�S�{�0\�=j�\Z�|��Ǟ\�\0\�����w5\�-�w�ǏJڡ��;]\�\��YK\��\�e\�E\�ZF,$\ZH,�\�e\�OFb\�ʒQ\���\�\�ʻ\�\�sx\�\�\�,!�{!\�D���*=R��{\�Dn\�\�V1D���5]^�&\�\��Q^х�#c�<a˨N\��CV�\'�0\�d��D�x�l�ؚyP��\�6 %\�@�\�l�[k��\�ĎBx�>)����<�Y��\�L~\�\�Φ\�K�e\�w�}|z:?K�$\�\"!�Q�%8\�x$}z\�*\�kJRHN��\�x\"�.�\�r\�>]���v� �S��M\�in\�\�9v�y��^�{e�w^\�3g`\'�v��\�\�\�S�6\rv�6�@�i\�f����n�\�\�!+<x�M�\\vb�rx%\�&�ٌ,iv7;�\�\�\�ӈZED\�:\�\�%�\\A��t�J\�~GT\���EV\�\�9i4�8|��rّ\�8�񜤘��\�\�G���\�\�\�1\�\��\�\�6B-�-p$ܑT <{\�\0���?��@!\�?}R��\���ɗ�tQ�y\�L\�hɺj5AC�e5\�C�w�\��p�A\'\�\�%�\�\�\�(\�\Z\�}\�\���a�z,ZF;\��\r�(yL�\�k?\�����V�m�旬}k�7�qoс{x\"\��\�N\��\�\�Z�:5U\�n	qr[\�}\�@�\ZI�ӄ<����5���$\�\�|�`�K`\�N��C\� %��\�YO��ئ�j!�}i\�\�\�))u�\�1\�Ɣ#/��r\�yRVJR\'�ט���ɶ.6�8�@�F\�^�3��,.\�a�!\�\�M`G\�lvR�u\�dvӝ\'v;C�m6n\�8Ũ2�+�(\�\�)�w�����O2�O����Z\�ǪPYկ�iI���\�q�p��nr|%�$Ǝ :tQ�+�\n��\��U½H\�\�9��D7�@I\�\�J\\(-q�\�\�\�)\�@��N\�\�xr[��e���!\�(��\�Z�\�Yd�\�w�p�c\�\�6Bm�\Z(:�O���\�͂R\�Fy��\'2.M\�\�M�z\�T�ix�νʩw\'`f�\��\�L�߽�/½E\'�)j��W���\�\\C\�[\�˨�^���f{�G�m�\�Y?\�}lO\�_E]�\�\�+w՚�˗6!��V/n\�\�[��z�O_W\�1\'[ChJ�Ml�\�t\�$��@6ә�+%�R�\�\�m\r\�vb�	EE�\�\�L]Ϙ\�H)\��x��\�\�5�Nv�\nY<A;2yEHK\�\�\�W���R�g\��\�bq|�Qc\\\�\�\��H^\�\Zu�g�h\�<cʹ]9G��ėE|��\�~�\�J�d\�`\�?.��X���\�Iwv�\�आa4��}�I\�3F\'�NrB9��ĕ	[�\�4�\�\�y\��Y3�0���QY\�(wč\�y�\�Ϣ+��Dz\�$�2\'QR0����,\�\�QU9��ryJC��\�P\\\�b�\�\�c\�Jo!\�&n$\�4��Zv�z\�}�p�\��7\�\������r	v@\�&\�\�n\�ƺ��u�\�\�6\�<x�{ۏq�\�>x�ۢ�gx�#\�Cd�\�K%�[Þ��V�Z-rz��	\�w\�\�:Sӵ\�\�f��\�3f��m=�]��/��XD���\�C&H�\�o�l2fl�\���U�׶�L�\�v�@�^�e\��.fg7X\�\�\�>�ս�\�\�j\�*>��p���(#Ռ\�(V�\�5���GLT+�#�u!\"d��p\��v�fCl�U�Vt|�q�\r�_�mb\'��+ӥ���\"s~��ٵE\��1\�\'\�tvB�\Z����dN7\��\n\\q\�qѲ���_?G����ӵ\��/\��S2�<�$�0��ϡ��:�O��\�\�Eq��sF\�n�V�\�\�\�E\�\�\�h\Z��\�	�щ�\���jj�!;\�G\�vp\��v�0��Q:�\� ��>������\�0C�u5n\�V���~�t��J������|�\�x%(\�E\�\�:���=\r\�p\�	\�\�#\�ل;�\�I�H�!��n\'\�\���6P�T�[~AW~J�p��<Wz\�m�\�ɟ�\�\�󿔞\�g��g����\�\��x�N�?\��y�\�7���\�83�\n+�����W\�^`c�nߒQ\r�9\�³h_f-�\����\�\�\�ae\��\�ce\�a}Lp\�Ҫ�L�/\�g{W\�\"�\�D�Ջt\�\r\\X\�\�\��[X^\�\��̺ʄi�6F]�\r�qV�ma%n&\�-�\�\�\�kCd�a\�\r\ZgU\�\�\�����\��A�>!ԇ��!�;;����̔7y\�]Cd�1�v$ĉ\�7�¯�\�\n\�%��\�ɕT�.Fll1;S	\�5\�76�\�u/{@\�r1o���\��\�\"F\�\�҄\�E�	�ch^���9�s\�\�?Ŝ}��=K�e]\�)ƕS�Y����@w�O*\�l\'O~n����Ea�i��[3�0�K74���p���\�t}YyJ\�\�9[�+\n\�nB݇zv��\Zv�\Zv�c\�U\�բ>\�Tw�:�\r�e�(\�8Z܊�#)0\�P�	y\�M\�J�Gz2#_B\��e$�\�\�K����Z�:��\�\�p{���G\��jW2)���\�%E�_������7o�N@�>|���)������\����<\�y���W���ɡ�1\�z�)\�;L��\��\Z\�\�8=�KK�J\'���&�\�cyg\��\����/\�Q�]\ro\�cy�a\�[�]\�\�\�s\�N?�<�qv\�	\�fw�0Kg\�\��C5��\�8�z\�&���\�\�1Ɍ��\�J7�n:w�L:�\�\�\�Bx��@�՘l�\�Y�\��%7\�o~{�\�\�[�\��L\��A�\�������\���\�l?�=�:�\�\�r#:��\�Vl$Ե�V*ɨI\\|)�E��.#\������%\�:n�\�d�\�\�z\�E��ck�kѱ��+��4\�}�\�\�\��#\\�}\�63�M���]@n����Z[	7���\�\�B�%~xe2���ų\�me�ߤ��Ĝa\�\������pWv2fX\�\����\r�\�X׏��>߃:\�][mGu�]^^چ�\�\�E&9ld�f�\�\"��--��\�N\�n#܃���p\���\�.�\�~qn�\�J\�w\�\0\0\0\0IEND�B`�',1,NULL,NULL,NULL,NULL,1,'2015-04-29 02:20:11',1),(3,0,'122','aa',NULL,'ssss',14,'11111',NULL,NULL,NULL,NULL,'zz@sss.com',NULL,NULL,NULL,'�PNG\r\n\Z\n\0\0\0\rIHDR\0\0\0�\0\0\0�\0\0\0��iK\0\0\0gAMA\0\0��|�Q�\0\0\0 cHRM\0\0�\0\0�\0\0�R\0\0�@\0\0}y\0\0\�\0\0<\�\0\0\�s<�w\0\0\n/iCCPICC Profile\0\0Hǝ�wTT\��Ͻwz�\�0\�z�.0��. Qf\�\0\�Ml��@DE�����H��b!(�`HPb0���dF\�J|yy\�\�\��ǽ\�\�g\�s�\�{��.\0$O./� �\'\�z8\�W�Gб�\0x��\00Y驾A\��@$/7z�\�	��\�H��e\�\�O���OҬT�\0\0\�_\�\�lN:K\��\"N\���\�3\"�\�$�F��/JP\�rb�[䥟}\�Q\�\�d[\�\�S\�\�l1��x{��#b\�G\�\\N��o�X3I�\��[ql2��\0�$�8�x���\�t�r\0p��/8\�p�\�C���f�q��.K�njm͠{r2�8��?��\�\�\�.)ɩL^6\0�g�,qm\�\"[�Z[Z\Z��~Q����7%\�\�\"�\n�\�3�\���\���R\�\0`̊j�\�[\�~\0:� w��\�!\0$E}k��\�yh\�y�Rm��333�������\�:�\r}�=#�v���\�ʉe\n�tq\�X)I)B>==�\�\�\�\r�<\��8��X\Zȉ\��9<QD�hʸ�8Q�yl���£sy����0\�OZ�k�(��\05\�Hݠ\�\�>��yP\��\��\�\��:�8�����p���΍�\�Lg	��k\�k	Ѐ\0$\��t�!0V�87���`\��ɀ2A.\�\n@\���JP\�A#h\'@8\r.�\�\�:�	\�`��\�`��a!2D�\�!UH2�\� d�A>P ECqB�\��*�*�Z��:]��B\�=h��~�\�\�L���2�\r\�\�	���\�5p�\����N�����\���:|��ó@�\rQC\��!H,\�G6 �H9R�� ]H/rA��w(����Q�(OT��JCm@�*QGQ\��\�-\�(j�	MF+�\r\�6h/�*t:]�.G7�\�З\�w\�\�\�7��\��Xa<1\�\�:L1\�\0�s3�\�\�b�Xy�\�\�eb\�\�~\�1\�9\� v�Gĩ\�\�p\���+\�5\�\�\�q�y�^o��ó�\��|=�?��\'Htv�`Ba3��\�B�DxHxE$Չ\�\�\0\"���XA<N�B%�#ɐ�I.�H����t�t�t��L&k�\�dy\'��|����V�\"a$\�%��\�(Q%\�.1(�B/�%\�$�V2G�\\�\�\r\�i)�����Sj�T�\�)�a�Yi�����t�t�t��U\�I�����[&_\�\�E�1\nBѠ�PX�-�z\�%\�8CաzQ�E\�o��\�Y\�e���Y�U�gdGhM�\�EK��\�NІh\�(/qZ\�Y�cI˒�%sr�r�r�B�V�;r\�\�\��n��\�;\�)��2*\\R�V�*\�*�O(\�W�����\�)V\�S�UVQ�PNUޯ|QyZ��⨒�R�rVeJ��j�\�U-S=���.Kw�\'\�+\�=�5%5O5�Z�Z�ڼ��z�z�z��#\r�C#V�L�[cFSU\�W3W�Y�^����O�WkN[G;L{�v�������N�N�\�C]���n�n�\�m=�C/Q\�\�M}X\�B?^�J��l`i�58`0��\�z)oi\�\�aC���a�a�\�\�\�\�(Ϩ\�腱�q��n\�^\�O&&I&�&LeLW�\�v��j�o\�2�2�mN6w7\�h\�i�r��2β�\�\�ZP,|-�Yt[|���\�[�XNYiZE[U[\r3�F1\�5\�\�\�z��i\�w6�6�6�\�\Z\�&\�6\�N.\�Y\�Y^�|\�NݎiWk7bO���?d?\�\��t�sx\�\�\�vlp�p\�sJp:\��\�\�ę\�\�\�<\�b\�\�\�+\�\�\�Z\�\�\�&\�\�V\��\�]\�=ν\�}\�\�\�c�\�yO���\�n\�a/e/�W�\�\�\n�\�W�x����+���\���}�|a\��{|�\�Z\�[\�\������=�\��O��>\0\�P�4\�407�7�\��&\�9�$�A�n�0�;T242�1t.\�5�4ld������+�s\�;#��\r��\�V\�]=iY9�FgM֚�k\�&�=%Ō:���n����c\�1gc�b�cfX.�}�\�lGv{�c\�)\�L\�\�Ŗ\�N\�\�\�퉛�w�/��\�p+�/<j\���$.$�%�&㒣�O�dx��������T�Ԃԑ4���i3|o~C:��&�S@�L�	u�[���Uo3C3OfIg�����wdO\�\�|�����;W-ws\�\�z����\r1�7jl\�\�8�\�c\�\�͉̈́�\�3\�+\�{�%lKW�r�����[�$\n�\�\�l�\�lGm\�n\�\�a�c��O�\�\�kE&E\�E�Y\�׾2��⫅��;�K,K\�\�\�\�\�\Z\�\���h�tiN\�\�\�=\�e��²\�{��^-_V^���O�o�§�s�\��]�?T\�Wީr�j�V�\�Q=w�}`�\���\Z嚢�����\�\�zԶ\�iו\�\�8��>���k\�׍\r\n\rE\r����\r<\�\�h\�\�ؤ\�T\�7���E���\�7�-�-���֢\�\����o��:\�}��$\�d\�wZ\�U�Q\�\nۡ�\�������\��΁S+Nuw\�v�}o���\�j��\�Ȟ)9K8�v\�\\ι\��\�/\�]\�\�~pq\�\�\�==���/]�\�~�b�S\�+vWN_��z\�\Z\�Z\�u\�\�\�}}m?X�\�\�o\�\�~\�\�F\�M\�]\�\�:^�\�z\��m�\�\�לּ302tw8rx\�.�\�佤{/\�gܟ�\�!�a\�#�G叕\����c\�\�șQ\�Ѿ\'AO��ƞ���Ӈ���\�\����f���ܧn>[�l�y\���邟��~��\�_\�Y53���r\�\�\�W򯎼^��{\���\�7�s�o\�\�}\�x\��>\��\�|\�쇊�z�>yz���������7)\0\0\0	pHYs\0\0.#\0\0.#x�?v\0\0\0 tEXtCreationTime\02012:04:07 13:41:50\�\�i�\0\0\0$tEXtSoftware\0Adobe Photoshop CS4 Windows\�/0U\0\0\0tIME\�48Dm \0\0\0tEXtSource\0NIKON D90\�N\0\0\�\�IDATx^\��\�OY��\r��S�\�>���,Y���B!B AD�s\�9\�&749\�19;g\�\�3\�I�\�zֵ�\�\�;|�\��\��\��hͮ�\�.�>���vUW߈�A\\h\0\�\�C����\�d*!$�A~���F����\�\�\�(gD�; \�\���v�t�E��\�\Z1.��v~�(*\�\�b�e\��w�D��%B,L\�?B��\�);s�X��\�\��r1��\�dfGS8Q\�\�\���vxp\�&w`�t��n\�A2mel\�\�\��-<bkv\�&\�)�odv���\�o\�efh-R\����A\�\�\��ˍ\�J_�\��C�\"�~`�q^��{\�0M\�\�\�^��iE�w�\�M}\�\�\��n�U\�wJ֔%\�Q\�1��\��D\r�~[�2΋�\�\�\���רm\��\�vؚ܄\�\�[p6�\�}y����\�p_\�E�\�]2b�W$Q)&(x�\�3t$�C��3�V\�\�v\��`����?_\�\�/k\0\��Ǜ\\L\�\�FB�;b<腘 _\��!N\�\0o\�R�\\\�\�I�\�\�Ix=M�c\�Dv���\\m\�b�XB\�j�X�ׂ\"\�N|�-F�\� ��� ?RӁ�\�\nb_Ble\nw��c\�&�΄\�A@}�\�\� \�+\�\�\���X\0��K�)�;��d^l�%%КZ��\�0�\�8�I\�xd��\n�A\�.S\�|!6�/\��_�v��\�R�\0\'\�m�lǷ�Z�E�K`�l\���d��l\\��\��B��Wx��?��\�\���\0}�����s �Nؙ\0��\�Q\0\��{47$�� \�\�>���\"\��x�fXa�\�+\r�8pŻ�p�~Q|?LxO�?���q\r�t��\�+ƍ� \�BX\�\�\��ם\�\�7�m��+b=�C�\�Xw{Ĺ\�\�}m�:p��%�-\�6A�f�@�;GR���\�}������X�\�\�\�!���Ӆ)X$0;Tѷ ;�ޥ3˲;<\�\�pG\Z@VT\�\\@f+�����&?\�!�Zqc=H�qg\��\�kp)\�k�\���.��ZZSC���y\�\nb\�\���ց��]Vd%�R\���b/��\�\��(5mrK\�% \�k\�I\��ն!4�h�,�\n/e|�z��9\�<ߜ�uZ\Z�\�^�Ŕ�݂\�\�\�.�l�\0\�`q\��(5Ec�ړ,1�gC��\�N�^̄\��N�|^|YT\��\�)<]\�\�Ro\�t\�hJ�P{�:\"\�\�q>΄��\�1T�7��t$��%�z^[$�ܭ�H%�Y)�\�^*�\�IT�\�#s]8��,�\�\�;��b[�ؔz�@v��(q�fw	1�U \�u$��teG�\�	��Av�\�\��\�*8\r�i\�\�\�J|\�dl�\��.�ϣ�\r\�ïL�\'�<.RPS�L�6�(��	\�\��\�qJ��\�nE\�q\r\�\�\�;�@)�*�\�\��Q2�lXn�X�Z\�Z�l�:���Q@w�\n�\�W\��ޯ\�s-��\�mU��\�C=\�#<,o\�\��{\�46\�SpE�9�\�,Гj�\�,6:\�x\�oW��\�i)��ǖҏu\�K\�\�w�;ͅ\�(�����D;��\�#3\�ɾ���G�\'#7�m�[{\�N)�\�o��5\�^��JV�Q�\0\�\\qb�X���Y\"��;�)��#�\0\�G�}mL\�K��	�����}v?&p#Į�؅�:\�md�#;�j9��ӎ\��ã3N!փ�7�ҊbR\�i.\�SZ\�N�xm(}\�\�;��ָ���}\���iðN��\���ˎ�����o�\�d\�Tt  Ƹ �8\�\'�l�\�:��v�j�jG\�����\�߮�wQ��V\�ѿ@lW�\\=�\�m�V\"��\�wꀑmq\"\�.淸/\r\0\�`\�{\�!<�2\�m��Пm��2[l��\�z2?\�\�\��g\��O�t\�}��y/\��\�\�|)t�)(K�E^�\n�=qc�\�\�iv���C~�-R|\�^��\r̹\�6���b	���\�\�ɞ6H�\�;p��P\�\nbqa:/% K�D�N\��DO�#�\�y4�}�X\0���B���\������`qc\�,��w�ށ��\�\�\�\��\��zp��փ�w<P;��\�F�8-�������:\Z�\�y�f��\�\�g�\�1�\�}�\�W1A\0c�O\0����\�\�\�	(�\�\�\0�+]O\�f�q^`�\�5���y�����E�\n�?lp\�G�\�]�~{%�\�`\��\����\0�2Fxс}p8�\�\�~\�~�Qm��d�k��j;o\�x1����\�\�>\�\�|�/\�58�Lǲ�3\�\"h�#QH�-&���\�J7\�=�R瀡|{4\'ڢ8\��~�\�[mዦ�\�h�	p��5�&�\�Uk�TK�W��w{�dB�J�\���^��@\�og\n�D>J\�myޏL�8���\�\���S�l�\�0\�\"\�os�\�\�Β\�=\�_�\�^F���r\��xy�\�\�NQ\0S�-\�\�v\���ݳH�Q\�\��\�\���p�K�3\��y5-\�(Y�\0f\\�Q⾲~y��#��)\�KXк\Z�\�j\�(#Ȳ��Z#\�\�\\_A�V��[�-D�\\\�\�(Њ늫�\n\���].�7Y�߂��mD8\�a��GvLP�PŇ\�,+��xkr\�\�?ޯ%㷋2��\�$\�f\��۽*l\r`i�C\��J�Gq�\'\�b}P�\��J�qe�n���\n�\�ԑ0UNW\�W�EA��f\�\�I�%��tTq\�dN�{Y!\�[�L�\����GJ\�\�������!�ˁ��D�}�%{Ӂ=!<^�ą=,\��Üq�\0��Wx)�*+\����\�\�\�X�\\#\�\�,k̘\�Q\�I�8�8�\0\�..� 1�\"\�\�\���\�ٌ�@��@�~qsG��a\��<\��\�U\�j��d<X��\0,@\n�.�mr\'�^캽\�u{Ie��\'��dy�byy��\��\� ��X���\rFǵ\�\�St]c\�\0\�C\�jv��\�\�W�\\\�\"\�\���\�\�\�m \�Zo�\�x6�ϻY��E#�\�:>\�oo\�p6����R\�����$\�1�(��F9�-\'��M\"\�Ʉ\��\�O}�\���X�w\�`�-Z�lPa��@Kd�Z\�ɬ+�\Z!��F�\�c�l>�\�\�\�9����yҪiY\�\�gP�9�\�,�ʑm!�3B�^�X\\\�\�\\�;\�F�]\���*��ō�n�Xr�=! ��z��\�rGI���T$\��\�/\�\�\�xPg:�\'�|��@Bw�Sݵ��o�6F\r�;�}i�iZ�\�Vnx�q^�nX.\��\ZD�\0uan��\�î\�\� ɡ��[�\�9�5�zy?9h\��d�S$���\�CJ\�\�G\\\�uXq\\�\\n��וr#�^���lo!\�\�6�;\��{��`��4K�\�)�=�ś�x�rZ��>�1B\�\�\�i#vG\�}�0�\�FMZ�X�Wrp�p�R�P�\�\�\�p\�\�_�Ҁ�G�Z�[O\�a�f��ͲEC�� +\��[\"×`z=R��\���\�kōY\"�\�ʙ\r0gZq\�,Ɠ*�1DF4d8.Rƍ	��!R|-\��\']X�\�<\�tGA\��\�\�p�ٕ�4B, �\�\�X\�F��\�\'p�sR�|����\�1zx	E�\�ՆX݆�r:�3\�\�\�\�\�\0\�⍰�yJA(�3Ϋii���\�_\�5<��% \�փ)�\�S0kX�;��\�*��\\y�|6ƃ\�\��F��.��\�X�\�?\'q_ו\�\�%�\�w\�/\�)�E\�7i@�lw�8\��.�M\�\Zo]�%�+�\�\�\�po�,\�\�V\�O��ϋx�V��\�2\�����,�>t]oT	�\��*NT�(�E2_�B��\�|�Ze�g���\�9W�\�~y����hlh\\1\�#�5\�\nՑ�(\r!���\�̏�2}щ-ą�T�5�8�M\��U̠�fӭs�l�\�g\�i[���\�\�\�\��\��\�G�\�t`W\�+Ŝށ	*!X`��*Kt���Aj@�\�dGIwk\�Q��$:�+\�\�ybBn,\�l9\�Lp<�ý\�=�\0�6\�\�b\�\�gw\��@ \�]���3R���\�\�#�xU��5\�\�+�1V\�Ճ̓P�5<W�����e�\�	�nT\�GAKqڏ\�\�\�bʏ�\�\�\�Ғ�e�������o\�\��8�g$���\��\�C\�\�\�\�\�Ep��n�}o!\��]n#\�\�J�LВ�Å��\�h��� �^I�/\'t\�wZ\�\�|��^�\�h�+C\�\�\�>+\�,ت�w���ou�\0,\nP\�oL�\�b�1\0s5nث3Ň\�PƋa\��q|\�J�t\��U�\�fZ�9��\�\�J\��Z��D�\0L�Χ\n�B�M��\�\��(Ǘ��\����td5Z\�\�/\�\���\�\�\�k\�aiBx�\�\�F\�5+��V7J�\�yi]	�1�M��(]�dRc֕i)\�l�X\rQ\�\�\�\�\�0܊\��Mq��,Vչ���\�l�d\�G\�ҕ	�1Z(��ō��\n,�\0�\��\�:y.\�7ʍ�nX\n!:[�;�\�\�\�uI�/��!+\�+x)w�\�K\�m!�~\�\�\0\�ȃL\�\0fR?yL\�\n�k\�sR\�2���<!��68)\�ā�t]�7����\����(�[Hv���;�\n�M\�\�[`�\�\���E�}*F9Cx�]�\�~vF\�1��@wU�Ś�ZC\�\n��Vd�YW\�\�􍉁6Lv�`�)�\r�X��\�E��\�*�i�l�\�\�X\�vy`�̎��5�\�Pe��0K�Y�,\�\ne,��P�XA�s\�\�\�\�1��mP`K��E>�\�k�2��`ĺX \����`s~\�\�<,QB_�	\�\�\�MU\�K\�jq\Z�V]�\�h\���%@+\�!�*\�R*or^s\��<����\�\�\�	@\Za\�#��^P\�g�Z�\�\�>�]M�\�xa7�X�D�\�6��\�ɇ*?K\�\�x�9�����g\�k\�͔�@S\'\nZ�{(9h�x%\"\��P�\r\n`9&�ty�$ ��1]b�q�r0�d���\�+\'BĝU��\\�\�Oq[\�G\�\r���`Bd�\�m	��M\�9\�B�\�m\���\�C}�}\�2M�\�h�\�1?���Ȟ^\�ܻ�N\\|��\��B1\�F�0ޑ�\�\�P\�\�K(P�N`\r�Sm\���\Z\�\�\�@&{0�\�`�#�-!�k�\�V����\��\'t\��t^�\��0UN-�Aw�\r4�\�\�X+T�[�\"\�\n\�\nfK=\�1%\�\\̘Q\ZlK\�\�PL\�t[U&�\�uf� \�A�\�\�ʄ;D\�\�X\�cep`w\��;���R\�� 6\�x\� qWc�����k>��+ś�\�\�6��f�\�C�\�T�=DS�94��0E��Cd�� ΁ _B��(A�Z)%.�j]@�\�s}��\��\�\�	Y\0��d=|̓\��5\�kto�7��\�E��i <8\��.Qt�];�fo\"\��Ց�\�o\�itx9�d[>/#���\�\0�m��-D2\�F12\�P�7�\�r�\�u���ZbLЛ�\��p�u�\�\�H�~IC�<J�=\�_?/\�\�n	v\�+�\�\�M[��\�T\�\�a҃Q��\�3�؊d>DIo0j����\�����NLRS�ݘ\�bZ׈��T̷�`�\�;u\�x�Ȉ�A�?\��\��f��?\�U\�*��\�QE�C-QEw���\0\\Dw.\r�Ay�-*\�\��=\�\�Qd�r��X$�Y��5E�\�f�{�G\��bJ\�A�F\'��\�\�\�\�\�>�\��x�;\�\�=K7�\�eg	\�\�\�\�\�\�%�?A�(M8s\�\�\�\�!\Z\�\�\��\��*mC�9J�\"\��w\�]:!\"|R�I�X�\�\�4\�)\�z�ho�\��[\��;�t�i�,\�\�1e|U�qo,%�rq�CZO\�\�qC	k�\\��$\�\�DI�#d���,\�\�M	�F�W�|���sp\�\'R�W\�\�+�Y�-�e\\%:\�B�\�m\�\�B\�;��.\�#MЕ�\�\�\�\�\�\�j̗\��?_T�\�u{��U\'�K�1V�\�\�\"�䇡�y�13MY!J\rT�(SD�)YVg��V`�1\0��x�\�C\�Tf��13B�E}5�k�Ǣ&\�u�8\�\�\�G�\�\�},���l.[\�n�*�C_�5ړ\r1#�0�ѕYRA���&\�^�*\�\��|ܖ�-\'K\�L�\�\�c��\�˝W�*.(�\�K\0V])w�\�#\�&�YP�\Z�Y\�F.\0P�`=�Rx\�+k�$\�\�s����`S�wz6�D������\0\�x�jc��	{�\�\03\�{\�G\nA�&<a�/̆���%�+�eh ��Mpo�;��r�K\�A4\�\�	��lY\��V֣wo9\0�\���\r\�v�\�\��\n�&H`~O1\\\�\�M�\�	��,��%��.�3\�?#}>���?\0\\\������Xns�\�m\�\\\�\�(���ʀ����ɾ9fX��\�a�\'\�g~9\�\�_;X���L\�\�rN\�}Y��\�&\�e\�@[#�r¨P4��B	�@���2C\�`�Z9�ft0ňj	.6hN\�Ec:�\\�-�bg�Z��Yg�\����\r7\��~8(\���*;\�X�;�;� 7ҕ+\�\�e!�#؆Z\\[\�Fۣ.ڑ�\�@\���$#VH�0G��)?�\�\���\nRʓn\�A0%B�\�zq�*d�@\�ܙ�,\�L(@\�29)W��$\�f��(�n�\�}����I\�ą#��LBP\�C��7t\�X�?�}�6\�`-Pb�Sd1V$0G�X�j\�u�;q\�G�\�R\�F9\�ahS\�\�\"\��REn�X\�\�E�\�]�x(�\�:z�V�D���+�s�LGJl\��\�8\�C�\\\�\�mN\��%Js��$n�\\h\�\�#�\\��� Y?\�-1D>#�|�Ez9\�\�\�M\�\�\�l�;\�����	f\�\r�\�\��ܛ�3\�\�j�g\��\�;i�\��:5dl\�w�x�Z�\��zLu���0��!����57�\�ph�\�9�$ ��E�[$ 7Pʝ\�\�to\�A#\'\�\�X\�an�W<+\Z�ƴ��\�\�H浹X\�\�J�7�\�\��\�a�\�9��lų\�0���(�aW&ȱ����D5�rU�5ؖ�ٞ\�\� �q$\�(#ȅ�6Ȕ�)\�f\�\���L\�6\�\�zX�\�4:��\�9H`�	�\�F\�B�2j \�\'w�\�(cu.;\\��ȇ�@����<+\0��y�|^,aL�;&p=Yt\�\ns\rtޞ8k\�l��y�6EXЅLQ�B/͕\0\�U\�U	�8�8�@\�eJ�4���\�O\�x� \��>�|L�\�\�4.O�\�]\�\"q����\���Ti\�\�c\�\�\�4|-aMq�u=`\���\�$�s>�\�(\�\�\�f��F\�!\��\�s\�\�*�p��hN\�r;R\\\�0\�\�E�\�]���!�>Z����j�`4�\�[i�}�^-F\�\�q�z\����u?^�\�l�\n+CulHCkv0]7\Zƈ��0tD��TjˏP\�\�E�U�6�,�6|�F:v�,�&\�F{m>�z\Z�����\�%\�}��\�aqf@i~r\0CMX\�I\�JGv4\�x6\�_/˘�\��� \�\�0F\n$+ӕ�\�\�7\�\�P�\�\��hNpDK��\�QO�k�D��>ܙ��r�ϝ%]\�]V\�\�e�\'X�,��\�t$w�\���$��5Y�w�O���K�\�hq*q8Ɇ\�͸\�\�Վ\�+��\���\�l��\�ẪZ#���1�j�\��\�$k�\�>b7j�R\�BH\�	h�\'����4�V��Ep\�4nO:�\�\��rm�\�\�(*H��`��Q^&H\�{\���~�#�J\�t,�.�7\�S����5�>�\�o�� 3\�f�`n/2\����s5E��\�\�us��8��O\��I� =D*%۝��\'ǋŭ�	j#n��5�.\�#���*2\�J�%N�\�?n�\�\'̾?��\��קQ�\�.\�\�d津\�.��&\'tᎢtG��$�m\�#)��TAA�D3!n\"�\"q[�\�tl�)On�<��7\�F\�FcY*�*R\�\�P�\�\�&�\0\�vq�+K�8ܚ�\�\�86F�H\�\�uUX\�\�z{\0�Z\��~-���\�ﯚxDFc�\�Se6\�fX�\'CZ��GG�#\�ӜБ\�M�Z�s�#�\�\�mP\��,c\�\�^f\�Q��=�8N�\���\0+�@\�_9t̢@S�;R�ܡY\�tI��.�F��\�\�d�Q�\"�O\\4Ev �Mв	E\�BQ\��ֆ��+Β;\�#\���L;v��{\�\�t\�3VБK��y܎b��t+���@�\�s��>$HY\�RA\�.Η���:ʌ��9{\'3�Rf(	5Ei��	`>��\�\�\�q=��w=D��N?�s?P�\�zCL���(\�\�#-Pc�^Μf�a���G��b��\�\�y���s�M�\�A�!\��>T!\�_\�/\�ǖ\�Yʃ�2\�{чh�1\�\�k���G/�\�\\�%+,���Ǔ�\0��8�\��`��\�\n~}ބ��*��4`�)�p\�q\�\�]\r-a\�.QP�T$�V�w\�΢h:r�య�*	�\nڿ!nd\�(\�E\�FkU!NGsE\Z\�*3�m*Ƅ���`yf\�\���\�17�3��.s9]zj��s=X\�\�N�^L�\���T\��tT��!_,W۱Z�\�x�Ƌ�1X\��<h�]Н\�J��#C�vDc��h[T0~�0��sg�2fȇOP\�E\�eNq(3)UΝ\����Gh$l\rcL�D\�y��;O�\\@\�\�/\�\�ʹL\�2BRNUPՄ��ϩ\�\�\�\�͹)h\�r\�0�g�\���v̶AcSw\n{�sT\��#	P4[Ze�\0m�Ӄ%��(j�\�^\����Й\�\Z\"\�\n-��А@�\�\�u|~5\�\�\��O(�x��\�\�{4RM�<\��Fպn՟g���\�םn�N\ZHg�\rڸ�U\�f\nxQ%U\�ύR���\�{\�{�r�4ܖ�d\�2-1V`��b;,W\�c��ۭ8\���\�\�H�z��\n}�||�\��G8�i\�\\otU�\�$�=U[my�X\�\�ub��\�\�\\^�^��4mtdX⃀ۘ��W`�1�a�e\rlE�ԍ��\"hs\�Q����Lh*\�	s:t-Řj\�\�����\�\�ǧ�8^\��T��1�j\�Bw&\�:�q\��U��\�\�.��18\�z`�\���\�,\0=1M��y`�\�#%\�*�\n\�1�lGtg\�s\�\�pr�\�n��\�\0��ww�\�\�\�s��\�s\�\��u9b���\�\�2;���i��K\�\�N��\��\���>N����\'\�}|�\0\�ʵ\�d�\�ʝYy�b�\���-s\�t�#s\�p�\�\�u\�0vd[b0�\�\�u\�Z3Z\�`�\�#\��̷\�\�j�1N˅0㥌^��\���H�;Th\�\�\�ե���6/qP�\�s�*�1S\�\�JG\�\�9b�э�\�R�\\�7\�\\1S\�m�q\�\�n��r\�g\�\�,ˊ\�a\r-aȵ�0#��S�e\\m\�2{uBk��\�q\�j�+6Zݱ\�\�c] �� <��\�[\��C�2�\�4\�b�Ë�\Zl�5bB�Gw�B��\"�\�x�W%��,\Z3=e�B�Ngڠ#Ĳ��2ݕ�\�V��h@M�j\�}P�\�\Z���N�GU�[�E?\�i~�J�Ee�/J�}X\�\r�`��\Z#m�\�5硧.�@��\�@OmF:*�0څ��Al,�bu�͘�<%\�aifK?�k�О��/�Y��\�\�/x�����(hC�\��-��	\�z\��ն`��]\���&\�M~�k�\��a!釥F/,r��5���Xi\r�fg(\�;\�\���\���\�*\�\�fg\0\�;�\��MF��V��[ol��)m��p;��\0l��b�\�\�M�X�w�\Zw�z�7vzB�G\�k\��7�hN�\�qO\0�{ð\�e\��{\�Z��\�uos};~x�\r\�w��6\0��°���^_8\�ñ\�\�\�j���?\�l��\�`>�\�:��.�8\Z�\�~�uA8�\��\0��\�\�d,�\�I8��\�\�t.��p1���\�\\\\N%\�d4���P�8�\�:�]���yP;�|����\\o�q\��:�\��#q:\Z��\�$�+	W3�x���W+Ex�^�O{���\�\�_:�?��\�W�\�e-N\�Ȉ9P�mI$t��J ���N\��҅ǚ\�1՜�Ѻ�\\!\�5dc��\ZS\�j~ިOw�<	�A\��\��B]:�慚4O�OT${�$�7�Z+0\�׊��VL\�\�0\�]��\�<h\�s\�]��\�\�L�rz���0wbmv+,�V�E�_۵\�,O�\�c�5g�>�r��2���ߟu\�\�\�j|\�+\���b|�>\�SUx�]�w��X>\�\�p�\�(���\�@\�Q�\�ک6�p܁O���|�շ�\Z�x&\�X`r��?���c��u�t܄��F|>ja\�i\�?\�u}>nU�mQ۵S�\��\��\���\�8�\�:d��\\G\��~m��\���\'\�^��\�A-~<i\�s�>\'-��\�\�gn\�\�3}�\�Y+\�6�r^Z�\r\�ޟ�\�\�gm����鴉�\�\�眿\��\��vWZ|�\�ïO���iՅ_��\�\�g�\�_.��K>\�K�\��)?�ٴq��{N�\�~�\�Q\����\�\�s�\\�P\�j�˓^���=\�\��\��\�\���n}?F���\�\�\�Ox�W�\�\�&Lu\�\0D\� \�T\�&2B\�4ۺ$\�^��\0\�e��\n\�4bq�	�4AM�\'�2\�ќ\���P7e�0#��7�Բ�L_\�e�l?\�h\�\"���\�=\� 9�L�\'�\�0Jw\�o\�A/�mm:�\�30\�U���nfe\�\�CX#\�F\��\�\�(�ǻ0יI����\�x\�G\�vN��ρߎ��^�\�Q�`D��\�\�\�\�\�;\�\�w�z6�;���\\R\\\�g�V\�<�����˥�׈\�2y�\��C�W�iiE|\��NyΉ~�\\���8�a�<��\\y�H�s���\\\�O�Sc+\�.\�߾\�\"\��J+\�C\���\�?�乲=��wY�L��}\�0M�\�\�\�\�m�\�\�sZ^/\��l�4��a\�������(i\�9�\�\��\��T�L=~A\�z���N����\�A����\�+�X�\�h=�,�\�]w�:#vؠ!��\�\�!:�L��\�TkUu�Xl\�\�P\�\�5X�G{��\�\r�Wp[r|(_\�6�r	5\�r�	7\�\�\0\�X�\�LoW�m�vE\����~&\�S\�\nLvc�QCW��6b�9��W`�μ97H\ra�Po2jl\�Q#\n救f,�\�\�H\�Kw*>i	�c\� �^\�Ϥ�\�\��������y1UEVk�\�UU�?.�\�r1~=ʧJ�\�a�\�Q����/{)�����wS9��_s\�F6�\�0C\�\�\�4��� \r�\��\�IV�\�8�,f��TG�|]\n��<��\�\�ď[q����v�\�n\"\�/�\�\�\�\�\�\�|\�g�\�>�^Z5�O��\��\� 	��Ҿ�߯�	�e/�\�p�9?\�\�\�\�c>\�m���:\�\�:r�B*�\�J\�\�\'9��\�/��[w㹾,���q�O���\�\�\�|>�ˏ�\Z~�^\�㯫�XNf�\�cUCn\��\�s\�/E-������j\�4�P��\���������3{��&\��\�B��\�\��\�\�3\"$`�.�J\�t2���C\� ��x\'{\���4�m�2]xw�����\��9^td\��\\?h�|њK�mɧ\�6\�\�\0�\�\��@\�ؚ\��\�d+WV���ru5}o]*:k3\�\�Z���:\��\�\�dW1F[�a(��K\�ƻ*�6ك\��\�\��S\�`�`\�,�a��\�\n�\�Z�/\�F��|-\r\�V3�t)\��\�^�\��\�Ts^,�35��qj\"��(N\�t��p4��0\'\\~��r\�Ɉd�(��D\�l$\\\�t$L�aNK˘#\Z\n\�)u6���\0\\\�\�R��\rr\�\�~8\��ǩ.\0\��Ԁ���\�ـ?�\�kE~�?\�Ꮻ?\\�Rclp5\�Bh<Oƃ���\�\�P<��B9-\���ϧ��bJ��Ӂx5\�\�sTL�\�\�\\^.D�`��\�\�p*\�\��n9\�V\"�\���p|\\������a3\Z�\�~ڊ��\�X|ގ\��\�\�\�}�<���\�?\��\0_x�|9\�\�/�����\�������m\�oo5x�S�\�Q\�W\�ڱ�(L\�\�`�>S\r�J����hL\�DS*��\\z�\Zi)��f\Z2�K\�\�c�.�1��\�;cMhˡ\�\n�\�h�\�j�b?�Z\r!\�\��\�\0HW�Gk~ntk�U.Y�\�\�af!ԣ-Y\�L@KY<ګR1��h����cYW��\�\"����\�t\�]���v\�\��c�0\�/`��\��\�0/cy;3��o\�Ă&�\��X\�)PZ\�Σ�1\�]@\�[��\�)\�\\Wf��U;��C\�b�3�\�\�sr0\�\���,F�,\�tdp:s�\��\\{\Z\�y��\�|G\Z��i\�S�]T{\n\�\�Rm�nK����l5	��g+�3h�U\�\�ղ�JmF\�`�=�-��=�\�\�2Y���,+Ec�3Z��\�Q�\�,J/�\�V?�\�EI\�yie�s�+\ZklW:#8\�iC\���\�H*=\�\���ܢ�mvz��\��\�+�\�e��\�q(\�@u,\�u\�XՕc�>\�uјk\�g\�b�Z��~&��5�a;ٔ�qM>f�U��QI��\�S�̯�6cg��kC\�kD�D�<:q�@\�Kx}\�&\�\�|��\�\0*P�\�B�5�!��Ѷ�Nӄ��*vU��e�־<\�(�\"��1\�\���\�\"\�1\�G\���\�0\�u�CU\�\Z�\����nB܇��~,(\�ɒ\�,QˣJ���]9�,|V�\�>lL\�6Շ�	-\�ٮO�auR�Uk�\�|��\�\�jz�\�\�r?ק\�\��M��\��\�5\�Ζb�\�V�oR[�؝\�\�cvc��8�\�\�\�b/\�\�+�^�~�O7��!<[��tM�\�ղ\�KZ�-t\�x��3\�8�\�`��\�M\��\�\Z�\�gS���\Z�Vau����\��˱2��~��ϩ\��\�p��\�\",hy\�\�A\�Y��lG.��&\�;N�fa�%�\�\" l�20.j�6]iL�a)\0�r�5�\�ajH֫>�J�d�-#�x]<�\��x�j��\�\�Pјi ��\�BG\�b�\�\n#\�ZW\n�t�i<H2��\�ƺ6\�\�4n��V.�a\\ ��dia�\�H\�S��X\Zn\���\�\\.6G\�\��\�d\�|:1\�\�F\�m�	o[A\0�U�� \�B\\,\�\�cp���ݨ\�4���\nڶ*L\�Ul�U�\�M\�:mY\�J�\�_�uB�1Z���\Z\�\�rj�=R��\�\Z\�Z=�m\�\�B	\�\�2a�\�\�\�\�$.�&	��ˆ�!��k\�=F�ǜ^�\�\�Xw��\�0ؔǪ� L\�J\�\�lL\�9\�\��?�?�/?\\s�y�9}��\�i\��D\�Ǎ\�`��\�x�G�>���>��\0�\\\�3~�/w&�fo\����hV�\�e|����r%\�\�|8�\�;>\��\�8^l\r+ȯV�`�\�#�}0K����\�\�F\�N�\Z�3�~��S���t?�;\�\�|6Gji\nUX\�绬� \�e않\�\�\�̴\�aJ��\�a\'Zs1ޒC�	7elES�\\ޜ�}ь-�o�&4\�y=�k�!.B\�bK�\�H}&��3	E\�/��\�83\�\�tۅ�D,j��\�^i�#	C�x��\�ӕF<\�\��p1F�T�3P���Mp}��FG��	,f#ȢEf\�>�E\�;\\\�\�j{�<�5�n�Aс۩B\�^@��B#\�Az���ۋ#qc|J�q�\�(Aբg�\�=\Z\�$Fb�%s�@G[xtw\�\�\�\�5(�\�uJ\�\�u\�1u\��hwL\�P���rnT-wT3\��\\\'�\�˝)­\��ʐd�\�W�\�9:1]ta�IuE\�<�\�	\�\Z�s�N�\�v��\�6�t��{��Oo�q�\�lE8���\�&\�Q\"\�Ƹ���K��^\��T;a\�\�?\���N��P�\�\'\��\��,~8�\�\�\�e�L\�>�L\��\�<>�\�\���}�~/�\�\�r/.�	r\�]\���.̓z��@S�P\'-��\���\�)\�Vڔ�3o�w[\�/\�ro�r\�yF���L�	�t\�V�0��m\�e�\��$]zJC��&�G�\�[H/1ѐ�\\\\�5�\�(�z�>U0����<t�\'�P���\�\�R[2#K26�S��\��n6�rY\�\�?_�\�\�D1N&\�q0&��Z\r�\�ϴ�x��~s�1u��ի�* /Q\�\�k�|g�Cm\�\�\�i\�)\'&\���.\�!\0+���\�H+�\�\�\�e1��N<F���\�n\�F��\�B\\Vt�ٴ\�\�\�\�\�\rT�p�N�E\�L4\�Fnp�\�0U�Ǔt\�2�js�\�R��\�\�\�@6\�\nۄh��\�\�tbw���۠ff-��M��-]V�]a��<��Ҩ�#\Z,���F�\�2\�U�w�p�V5\�\�mA��\��\Z%�^4hyP��j\�~u��A\�{L�\�t�K=�Z\�c�\�\�\�f?^m\�\�\�>\�\�}G�Q8C\\>\�ǹִ�^\�\�����\�8�n��d-�ƹSGY�{c���\�ؠ֩M\�\�1�\��ev\�]\��\�\�\�\ZqOv�t\�Q�\�0���\�XTG��2\n��(��GA[�6��\�qy����@��%��\��㲕�\�\�XoE,\�\�E�3h}e\\O)__�!�~�:F_�5\�b�9��\�ܝ���tl�fa�?��E8�,\�\�8���[�\�Y�\��tK�\�\���Z\�Q�;\�\�\�z�����t�����\�\�\�\"��ڲ\�\�zx;�\�\���-��DA\�,\�|������*�N<*b\�\"\�����Q�M�sD\r&:rq!�2`W!G\�6�#oo��G_ݥ�G���̇�\�f��ܙF��	q1�F*�\�ҭy�\�2C\�\�%v\�T�\��*�A⦝���\�@�w�ι1͈��\r��ˊ\�n\�h\�mtq�2]��B\'\�\�\��\�c<�6��\�\�u~H\�&�5)�%y\�\�>�k��jp�܁˕nf\�\�-A\�\�˭~�&̯��\�\�Y��\�:��܎\�\�VB܄\�9\�̙\ZNU\�JZJ�)\�Aͮ��\��P!���\���p��`\�b�.�֛���4,\���:�YR\�It\�JT+3kK,ᦘQ\'b\�\�t]\�7q��Ӳ�Q\�c\�qJ�\��\��\\\�\�;N@\'\�8_�њH�\�D`�6�uT}$��p�\�8��\�c�3	\�)t\�T�\�\�\�cTa�՛�\�,~����:��`?��;\ZË\�A�.3\�7\\\'/ʍG^\�\�%�!\�-\�\�\�\�q�?_\��EG�;\��^?\�\Z@h	*\�Y,\0+��\�`\�\�⮻&7&YLM�x����dJ7�CVi�\�\�	q&%�{XxH\�\�wzn�\�i\�;\�l3ߦ��cv�r\�\�x%6�e���\�s/f����	�\�\�#v%G�:\�\�^\�-!\�c\�B�ao^��cS;��V���\�w)`W�A7t�\�\�\�#f\�\�i�>�R\�\��G��٥\�v\�{uW�k�Y�2v퇳M\��\�\��R�\�!O\�z𜐾\�\�\�ͮ��\ZRz�x��<@\'&\�[�x�\�M\'ng�\�Bo\�\�|Ngjq4SE�\�\�N�Q�,�Jy`W�@\�\�|\�\�Z��x�\��\�z���a�Z=o�9sC���?\r��g�+	�i��ٴ#�`\�ȇ�z\�a�-�b+\��\�\�+|��\\*˂k�+�˒\�\�\ZQieaƃ`��-��*�γH-\�e0k|�-{0���\�B\\ϕ\�\�r\r^�7\�\�Z�-\�\�z�g\�%�%�)\��n\0?^L\�\�k�\�IƲa\�q�\�\�+x�(:�*�Iq}\�z\�\�\�|�\�$\�uj�����wQ�X\�M��\r\0w�\�\�Q��q���)B<5\��\��d/&�_S�.Zn\�xW>�bv\�+�@b��j%���zL<]\�`Ɣi\rw\Z�\�v�\�2\'\�L\�0�\�sV�\��\�\��ǲ;9^P\���}B�� \�Y\�6�\��Ϯ\�P\�k,���t�\��ûdV}���.\�\�\�ޝ\�\�\�\�8s�\0NW��E�s�=3�ܶ\�\��tcD�:\�N\�\�-���>]\�\�KF�7t�w�%F��\�U+�\�:_\�\�~EC\'nĹ�\Z\�SXr��;A\�\�J~6\r�\\\���]^\��\�8����\���.�t�U��d\�J~f\�\�\�d$Keo&\0��p	�Qs�h\�)\�u	X\�J�V�{:�\�\�b<\�(\�&#�\n\��\"�\�<�|Vn\�@pg��\�Fc��k�\���\�Y\�{\���\�p(�3�xMh\�\�h�\�~7~<\�ŏ�Z|\�\���m\r^�7\�z������%�S�r\��p<�g\�Nhh{S-�\���e�B`�\�ת\�\�\����??\��\�X5�؃����ȏ\��Sp �K�\�Cp��B	q(\�)\�\�Z\Z퍩\�L\�\�01\�K阏�04=���Z4Wf`�Ot�Q�\�ϥ�vB܂m�\�\�fŁY �\�;�3���p��\�B\�\���ǹS	\�\�<�kv1\�k�\�BF\�D\�*�\�\Z\�\�\�(Nֆq�\�\"� \�{�\Z�,�y�l�h�\�ز\'�\��3�^�k~0���,��@�\�����Ç\��>�\��\� ?,��\"{�\�z~�̫U\�)�\�\���d�,!�kdaւk��\�\�7\�\�\�	\��G\��\�h\��\�\�>�\��\�\�F]�W�8���L�\�2BL�b\�#\�\�4]k�Wk\�x�ӍW<0�\��\Z\�\�\�)|ϝ�\�\�!\�\�ɖ|�<��A�3\�ȫ=I�-\�\�u\�m\�+��ʭ�Ed�\�h��۠?�\�J�;��M��LW�qoӦ\�εp=\��׽\�eC�\�\�-��E��j	p���~>��\�|>\�\��\\�~�\r�64\n\��\�G�\�9��s�-\�\�3�\'\�aO��k\�0�\�*M��,�\':�x�E��\�f_^\�\�`�]�^�\�0\�U���8]��w\n\�\�\�}\r��xN ����\0F�u�E��\r\�输X1�\�NU�os%�(f\�.\0_\�/\��8\�\�#Q\�M�\ZV\�̋\�]\�s6��d�G\�\��>�\"dS�\�s�1�ӵQ�,Cot\�\�v�3,�\�\rO呺5Q\��;��y�ҁv�O\�\�;~�\�\��f�\�bo\�+G񄰝��\�pK1�M�R��n�\��+CEt���\nO\�\�U�����rS\�Bn?p=?�LP\��tDW\�\'�\\\�\��Xib�\�׈\�\�c�{8^ĝXD��\�\�\�8_d�ފ\�;=t\��ǋ1|�\��̄�t$B�tK>\�zƑ2쎰 \�g�\�IP\'@	＆y�5�m�r\�%qOB��\�\��p!߿�S-Θ\�O&+�?¿Q��\n�e\�\�\�v��l�yAC�%�v%2\�Ӆs\�\�exI~G��\�\�҅	�i?~>\�C,`\�Gn\�\\w{�|a���.�r�=�H:�)������\�7\�j�\n�\Z\�p�\�\�\�bMA�˺��\�\�Rq_BLh�\����L\�`B�@���L.���)��xv�w|��0b|vcsc�\�\�Dm9��\�;\�]�)m	%���\�\�\�\�{2��d�]!�\�P�ϖ�}\�z+�暕;�\�\�\�9\�}q0���x�?�+�|�3��\�I:�3��\0ˉ�b��\�aEѥk\�\�\�B�X\�,[Egg�$H\���\�\�\�(�`�O�:`\�d\�E�8[&sܩ�j���2g*�cֻY�$ѱ��\�ӱϮ�d�sUx�ڌ\��؍�\���/t���\�٭\��;\�\�J#!�&\�et0B\�\��\�Q����E)!��7��m\�+n\����\�0>�\r\�\��0\���˯7X 2s�+\�%�d\�[�p�@A�)v�s-2\�K���1\�TႽ�H�\�\�8\�\�@.�9��C Vg\r�XAL��	���@|\�\�\�|�O�j�|܍χ}���?��H�aW�w\�u��w�qv<���~�WS�\�\�\����\�\�-�	\�̈́X� ޚ\�a��9`�y��/�ۺ|h�}�-x�\�%�Z�<X�ڲP�n���ӥ�[sqct�Q�N,O\�a��/��Y�EUY6i��\�2L�\�\�X�\�bV���\�=zq�Ihv��|{O8}A7>����թ�|NЯ6��\�$�Û��9^R�\�����Y�oO�\�:5(N񅛝��\�\�\�`O3x9\�\�}�\�\�\��A�V��A��\r�\��\'$�:�u@L�-\"�X��5B<�|w��#�\�~Φ�sz�\0\�\�t\0\�j�p>\'F��\�o�\�{��\�\�B�|��ߟN\�\�K0\'#���\���.�Zm\�\��*�\�O&\np4&\�P\�(G����NU���Oכ�\��걖�̸B�\�z^\�[m��\�C�B�#�\�\�K\"|,�\��&�6�҃<\�\Z�\�\�\�\�d\�\rd�(%�u\�A�q-�&3�1��{�M�\�N�\�\�=)\�f�\�,\\��bq\�\�t�� �!�dK\\̖\�.B۩`��\�\���\�nƇ�:�Z,�ۣ;H���K��U8\�,W�s{y\�\�y�1�\�P+�\�0��9\�\�M\�2\��?⟟m\�H2\�[\�^��TD��U�@+\"�=Ja9\\A<�)����~�M\�}�\�\�t\�IB<�0��\�AT�\�\r!�R/2\�,��\�`�Qb�\�tQ_�=\����s���\�\�\�z�\�\�G,��ػ��W>\�5�\�\�\"��U�p�\��I\�\\\�ˣe\\\�\�\�\�\�l\r\�\��7�_�#\�|\�\�o�{�`�����i�\�6[�u5[B�X\�\�\�\�sp<�\�\�=\�Ÿ\\�\��Z�m6\�V�\�\�\�vӢ\�\�_�g[��Z�#\�\�\�|\�����\�3�\�J��`A�4\�\�b�.�\�8��\�Pg\�\�g��E\�\�f�Up�Ͱ\'-�\�\�)g\\\�`�G\'V��xV�\�\Z#r\�KWO\�\�hJc\\`ori\�x\�^\�\�N\'\�6��o#\�m\�\�\�f5^\�\�\�\�Hp3Q\��t�L�\��m1ޔ���u\�jq�-!^\�`]��B���o���x�\�^%��T:��\\����L\0�+	�z���ƍAMn�ώ`v~3�Ø��(\�\'\'\�=9���|��\'zk)�d�\�t\�dw�7ӡN-�,s�6���\�5N1ߍ\�)\�Xr��|�\�E��	8��\�>q\�_�.��n\�]�\�x�\�Ɍ�\n\�1�hJP�LGEz�,\�F�V�(NDn���<�鉌wd��!+\�\re	(��\"]\�jy����\�ɴ\�&\�fc\ng�\�\�\�\�L\�e�6\�nu_\�\�\�>|\�Z��\�j\�\r�\�\�\��\�b��o��\�˚OdDb���\�\�\�K\�fO\"A�|Gh\�j	#�\�0/�SE8�+Un{�\�p�\\���)��x��q�;C�\�\�OQQb�K���.a#h3t\�YJb��FFR�\�Oǟ�d1��\�>n\�ޱ �ѕ�\�V�U��[\�\�$\�)\\!n\"\�\rQ��\�T]f\�C�~\�\�\Z�:{n��Lo�6ʜ�P5>\�0:l5\�\�z=^�T\�\�B)�g����,\�~�~H\��\�\�\�\�.\�^#u	�%\�s�MXP�(�7�dt�W���\�\�5�p���\�8����\��E�\�BL�U6\��NB<\�V\�\�amm�sX_�\�\�\�$f��\�;3�Ҫ̏�a�O��QF����(\�k�7\�pN>[a\�\�b=�\��\����\�Έ\Zr;�g\�Ƃ\�c\�\�C��e�\� ��k똃j�YaA\�X̐^��\�Վ�U`�Sn6W	���X+d�:c�E~�)\rY\�\�e��\�J��*	\�\r�\�\�\�\��E\�\�\�\����~\�\�m�a\�V\�0Ք���8�\�DS��\n\�\0߫�E\�\0+bm�?z\n}ё\��L4�8�>�	5q���ohG٢�\�Snc�5�ìQ\�V\�\�R�O]�^�rS�(Kn�%*#-Qc�j�R��TM�%\nM�+�\�F/�0fa)\�f`\Ze�+\�\�Sx�d�\0)V\'Y^lh�\��~8b�x4��{�x�օSƹ}9CH�e�m�9^]\�3]�� *\�Ձ��	\�du]91�in�n�)���A\�\'�-	��dn\r�&\���^(`ܺ\�\�3\�\�tI���Bm����j�0�k\�,�0�LL�WhR[\�]j\�\�.!f��\�\�\��<�\�#	���XE	��\\Zfa\'�yX�D��w�\�\�\��,V7������9��\�`qe������\�\�H;&x4�wW\�n�,�b}^�δ-I\�?\�,<N&����x6�@~�?�r�ɢ���\�>]\�s\�@��\�\�>0J�vTaXS��\Z��T{�Z6\�.\�a��(UQ��\�L\�\�W�K��\�-\��H\�PSF[�\�V\ZO�1ڔ�\�HxY\�QЊ�\ZA���\�\�\�h?g\��� \�\��T�^��\�\�~\�\�~\�\�TR�#2��3����\�-SN�+r#ݑ\�\\�\n\�\�ERҪiw>�o�\�P\�Ay�\�\�\�P\n\�:\"\\�w�\"�m~�3�\�0D�dXm����\�7Ӗ�Yj�M.Mc\�\���\�Ut\\q\�|<ǧ�I|:�\�\�\�1�\�һ�\�X�.�cy}�\\�Ń6���)�5\\��\�d��\�\��\�*\�=Q\�DXm�\�\Z��� �rk\��0+\���+�\�co0�y\�\�E�mj]M\Z&{�0C�\�b:�\�h\�2��B��>\\���U�e>Q�F&z\�	2X�9�W\0� �\"\�	my8�\rwёG:\�pcau+�K\�\�Y!\�\�X[�\����\�WQV_��!�k��WbqJ��\�	�Ӎ\��#�tqc�\�\Zc\�\��\�:-E�%V\\\�p۲\�1�\\��\�O\�	�>���)���]5\�Ǹ��\�Q�4�M;\�]\�\0�\�s��x�\�o*B_=]�.\�U���37\�$tU�B[��|v�\���Șu�[=�{Ζ&�d\�b�\�n�\�P7d\��#+>9	!T0r9���<N\��\�e���(LCQJ8�SE(N�\�|�~yR(\n��\Zsٵ˵\�\�Y�\�\�\�L�Am\�a�4\'\�:�q����2���f�vwX���|:�\�gSt\�I��0��ҍ�\�\�_�Ƌ\�Zb\�y\�1T�\�\��*�GS��]`k�@�Zvo�!\�}9�tOLVxc�\�\�A\�\��|���8\�\�B]ҝ\�\07�\�\�z�=d:!nT7���\�Ȅu{r\�\���\ZZ}yH\�;[�+F\�\�\�`��B���\��z	n���8!��K�ܸ|��7fW�	�*6w֨U�m�`uss;;(km\�\�p\'�G:Z��\�\�\�\�6\�\�^\�e��,\����N.Sd��\�]\�wǳ�w��,4-\�\�\��Gğ^\�cv�c=\r��/�\�Zԑ+�0��\�F��!/\n�\�\�c]sZ\�̌ \�\�,tfqf��. \�n���\n�\�+\�c�C[�d^^onr>\�\�!\�\�a��@{\�\��scP]�ڢD\�ơ� ��\�4%Ӆ1l��0��\�D4\'���m}q�zn_\�Tσ0�=IF59X\�-�\\\�?ݑ���L�q:�5\�tcN^\�-�\�h%\�\��|MK�G���\')&\�\�J\�\�{p>׈ǌk=*��U�c�\���US�f\���\�g\�]b�3��T<f��\���\�p\�v�\�;��n\��	t�\�\�H=\Z��\�f~ַ��\�\�~�\�\�R\�1�nNv�3�g\�c���8�g���\�[\�<��c�ЉӁ\�~��N����\�tc\�\��*\"\�e%!\�\\\��\�6vױ�m�xkK{�Q�\�\��H7fƺ\�UX�\�g��2�}V�\'+C\������\�<�\'�?\\.���\���Q<a�x�7��G,��\�\'��r?�<\�¸\�}-�\Zh\�\� ����\�l��5Js\�	�s\�`oz���T�\�a[�M)�Z��[\n0И��F\�\�yʕ\�j��\����ϑ�d��6b\�͐\�\�\�\Zf��8\'4\�\�-���,m\��Д\�*��\�<U�Z��2�Y2:�*I�\�l��SxХB\�<\�ߐ�4\�HX�1�-b[��\�<���2ߙ�\��2P�ɨ����\�W�\�.~�\�\�.��h�\� ^h\��X%6\�\�rm�8�\�\�nNsGv�bgX1N\�/�\n\�͑X\�\�`�)\�\rAX��\�jC\0�Z�\�l\'����ZaY[�� s���1\�Ֆ�s\�6b��E�e\�S=�/J���\�zg\Z\�ϲ�[\�%\�~\�\�^�\nd=\�\��*�\�\�F�\r ˵\�\�L\�\\o,lmcyg�{[X\�\��\��\Z��\�N7�ѡ.\�M�b���S}�|�yA�\�\�a\\l	\�ӄ�1\��\�\n���\�+F�g[,蘏%\'ğ�7X\�\�\�\�WG\�����\�Qw\��[\�NQ\��\�,\�{a��ũ�#Ď�f���]�f\�!f\�!M\�Eh.R\�Жo�G�����	\�oe|��\�XSd2	\��h`v\�0�ku4őz�D�M$���\�(�\�a\�sm\"aNDOu�Ma�OC}���L�\�	\0\�x�G \�W_˚�빻r1ߝ���\"lU\�`JNl�)�_\�1[�\�\��\�?\�B\�\�\�\�\�yK�ǂ0\�\r1�8�N��,\�\�(G\�|\'$KM@\'~��r\����\r\�BC\�j\�\'1|T�X��\�Z��R\��B<Ӗ�n�\�b�ܭ8\�\�O2B�H�W\�\�\Z-��_퐍��:Z\�\�b7tE��uq�9�X\"E���z�+$��#\�r:Z[��o�+�{\�\�\�\�\�\�6Vv7�B�\�\�::��!-f��1ʣj~Z\�ȱ���<�NWGqɍ��o\�Xa~8[�\�P\�2�\�\�\�2J�0\�*n\\�\�\��!����r\�yug\�>ugι\�^u�\�._�\�GkU.\�\��\�\�!\�k0�m\�PG�5�е�C\�T�>f徆b\�\�S\�\�,�\�\�h��Q���\��\0�d\'Y=��hwS��Y OFb\�P�\�F�ܔ��\�@4\�Ql�\�Z�\�q\��Sr\�vGE����\��u�UWOVmt̑::�@,n,w\�!�St\�qbN/ҙ\�t\�\���\�\�#\r���\��}c�\�Y]�\�x�J.�Z\�V6\�X��!\�4\�b��R�?j]	�rX�\n\�q,r-\�S�aD�\�*0YŢ�\�\�%nJ�en\�N-�\�\��	p�\�xS��\�3!��5AEYt]u�aQ�<��:!�k\�\���庉�{\�xy��\�\r��^\�䆜����\�\0o/\�#\"��8A\�kc1%�+`7��N�\��v�����\�t\�,apt\0�s\�\�`~�ۏױ�����!n̸\Z\�{q0��Ǭ4\�$\�96@���G\Z���X�\� _çg���o�L2�\�I�-�䮜:��~u����!t\�\�\�\�}ذ\� ����ݍ\�\�`G\ra�����!֔c��\Z�1\�\��\�\�C�*�{\�!\�\�>��͐%7�Fy�#��\\P�\�\�NӐ\�M\�=�\�R�\�P�ҩ	��$�1#�tdqc\�\�r���d����o��\�	\�)��\�B�>\�L�\�sq\�D6\�+�z\n���\�\�rf���j���\�5\�\�\�r���r\��u�`����\�P�F6P�\�.\�\�xUr\�r|Q�\�\�^\�\�o���a~�.Lq�\�\�\�\�>\�\�;C�+�q\�L�]1[\�\�0s���Y���\��\�\�;x\�?@MUt����MX\ZmS\�vg	�R�:\�|�zMv䲃���\�%��\r�=*!\�a&�F�%R\���L�\�\�\��\�6Oϰ}rB��qx@b\�\��\�[�x\��X�\�\�p�w�\�\�\�tm�m\�\�4�E|�)�\�\�^�� ,2g�S˸\��\�;�\�L��9��\�\�gG�8=D�U�\�e+�#\�\�{k	��\�Cؚ	č*f�\�4\�6�\�p�G�an�\�0#Ƥ�E��1���\\\�,\�\�<\�f���p���\�\�heKS\�\�\�m-\�\�\��>�\�LT&�d�*�dz��\�C��)��`�Aq�-J�\�Qk��=\�Չ.�K�Tw�i\��G#ݹ� K\�hc�\�(�Aݸ[�E�p�D�V\'@�\�Y�N&\�tfB-wS�{5ȗDŉ�\�\�s�\�\�\�\��r��@\\�3:��JcC���([\�:\��m8�m\"\�5\�\"�u�h�W\�\��~�eA\'g�� 1\��~.0\�\�,������}�\�sCG��\�\�\�E��[\"\�\��\�\�	\�~�\�hI�D��b_GS\�W(\'�\�5b�-D���	�\�.6\�p�5�g�xg�\Z݄��N,\�\�\�\�}�\r*N��, �`�\\$4X��\�rc��v/��q���s\�|��\�S\�q\��\��&��2�q\�\�	�\�\�c�cu\'k��؝\�̫�\�o���#�g�%:�\Z>�!2��\�p��\�\�~xq�\�\�%,̎a��./L`qnK�Y�27���ql.Oa��\�\�`�����1C���.��RŠ\0\�\�JUƳ\�1\��&3\�e	�2�\�5�\�r\�=ɢp��\Zc,G\�J1\��1\�Bp�1�J&t5r�$�\�Ih/���F3&DL�\��\�4?�&��4�;?\��Q���s@u�\�3\�Č��Uf|\�\�Mq)t\�4�*��c+\�[��\�\�\�*b0R�+�\�4��d\�<Ɗ|B���^�(�O\�\�.{E�7�o�<\'��3FY.y�t������\�k��\'\�1B(��1{�8�N,c\�2~��\�m\�&H�A�\\\�+_�\�p�&\�\r\r<X}\�\�o�\�t\n\�rֳ<\�~��[����\�{�s_L��3B�;+߄�*ג ޛ\��@�\�\n6F�r�0�NP2:!Q\�)T� \�r��PS*fut\�\�\'��{�\n{\�/�wE]>�\�\�5��\�\�\�%F�����Ivﳄx�\��O�\��\�\�YB�����x}LpO�\�\�O9͜�R.�ٗ�m\�\�x���\���d\�\��\�^^\�\�\�\�6v��������)�\�\Z\Z�@�x�ÎE��\�]\�\�Z\�\�\�>\�.�vw�\\\�\�\�\�\�	����pq`\�\0W{k��;!\�\���n�qG��;B9\�\�0DP\��d\�N�\"\�\�ᾮ�qF��3B=�\�e^Ȏ����\�T\�ţ �N�\�\�\�h�U���>����:ϦtjZ���d4%�9>�@gB\�,c�}u,�8=@�)�䋠m\�\�y\�>K\�B��\��\�8`\�=����5�\\jW\���k��P#೙F���\��}��b�ʘ�@\�\�NA,N\�t�h�y8\�\�	\�ކ��)b�mP\���cn�5r\�\�6�Pf�\�h�:\�W���!?���S��ݭ\�\�:e��\�\�@+	��Tv\�t*\�\�r٭\\~{�3�F6�|Ľe2!��zhb���b\�\�\�\�4�t����\'�>\��5�\�=��\���8{�[ׯ1�ɜ���əQ\�0���\�\�\�k\�o-\�h}�qbO/0/�J���2ޞ�0Z�ϫ!/\�Y�5#\�\�*\�_\�\��\�>>�<Ƨ7���\�\Z�\�^\��\�{�j�Z;\�\�H\�]\�u�n\�\�}��;7Y�ؙ#\�\�\ZQ^vH��F}U�=\�`0�m\�\0���0\�͂�\Zh�\�guMt\�\���@\�BKp\�V�\�z�7�J����&�99�lulu\�\��\��OIm\�`6�L�\�L�\�®[eSܸ\'�gs-\nڋ\�VF�\�\�F�\��\�\�\�x<T��>v\��M	�\"��\�N�\�1<HC]\�q\��X�nW\���gD��qB1cT)�\�\�0+TE\�-wm\�h���ƿ\�\�o��{٠��\\A<=��\�X��x�ˀ�\��Xj���),0.u)\'f�(��\��y8�\0\�J�p%[5\�m\�sG[s0\�^�ƫ\�_�\�\�<�\�g<��#�\�\�ՇOx�\�����e��\���X���?�<ǳwp���CB|�+\�/\�!~y�LPW�\�X$\�\�\�K\�\�}y�xs���[x��\��8?\��\�\�..\�\�\�hk\�Xb��dd��*Ame1\n��UQw\�\�M$D��(\'�i�\�J�FFb$\�\�Ñ���P$G� 56��\n��i\�xBè��L$;\�\�\�\�<츓�� t5�`H\�\�ZA�qj���}\Z\�2�h�P����h���C�4\�Q�\�QwMGwM*e3�T>��\�	\�Ɍ8)�\�L�b\�bq_6��\�`��Nۀcy\'t\�S���\�\�\\\n��\�J%6�\�\�rg$B<ZE\n�\�Ă�4֍�\��Az�\�߹��v/{S\�$O�;��A��%��)7.\r}/+�\�\�@�gD\�\�\��\�@��#:\�j0�k\�\�p;�\�\�v=\�&\�{��`y�n<B�\�p�I�4Y�>\�U�X%�d}�G���2BIxt\��\"\�\r4\�Ɵ��?����\�O��\�?��o\�\�~\�o���\�8~�;\�ȳ\���\��\�%^~�G[\n\�ӝy\\\�\�t\�e��\n\�X/u��+\�\�I���\��*^�o\���C�\�bmc��K\�\�Z�����-\�\�0Z\�ﮩ�YY�P\�8X�j\�ic\�X��\�4V	�2�iY\nAᐑ\r\�/��\�T\�$�	�\�o\�����O���\�	�[W\�{�<7\�KcLX��\�\�>q\�&R\��wգ���Ei��%\��4�\�l,@7A\�\�!\�\�y5��%3S��6I�T�K��OUO\n\�t\�\�|BL JY\�7�	2A= �G�{G�XZ~0V���2\��� $ċ_!���0Mި�\�_Ǒ\�HBlr�����\�\�P�腂0�\�\Z��8\�\����\�n����¤`�Ѕ	qt�;�;0\�zE~Q`yBn�Ћ\�Y=\�2�uH��WGՉ�\�B쫆\�Tf�0��\�\�}u\�V�8R�84A�;�\�\r�\�����\�4\�8�\�\�\��)\�\�\�0�@h���\�_pz��\�ⓝ\\\�-\�j�n���\n\�U뫣e�א�l� \�/e9!~w}�\�\�\�nbwO�\��\�\�����L-\�E�̂o	����\�\Z밾<��\�1\�\�\�.�bfT�~{oj�\����>\�\��]�|\��OdI�+2BQ\'?~R��\n:%c8n/\�\�m��qB\�Չw\�B\�^�>��\0w�Άt5䣫>�Y\�\�D!\�NFV �{�^� \�r�;�xB#��\�\�Rw����\r]��&5\�\��\�\�\�5��8T Ӂ�5\���\�\\S\\H�s\�sr?�\�[�\�LB�\��\�7$\�o\'\�3@\�\�b�*\�EN\���b*\'��\���kSbqv���qB]��,�\�F{h0r\�&�x�2R\�py���q�7ī/�\Zǈ��](\����\"\�}r\�\r4��;\��V���7�\"���\�?؜�x�ŭ-B<� ��\�w�_�\�`s\'��8\�[\�\��2�0N<?Z%\�k�\����i5�,ߧzN�_\�\�g;xK��]\�1�\���6�vpp�K�7�:vvְ���]B��4�̘\08X\�G{S-6W�$�\�\�\'�03>�i��~H�]�\�x?:\�K\�e����`F��PV�\�\�Ԅ\�\�\ZVsxd\n+S8\�p�8\��\�\�~��g1\�� _�!#-�0V\�Y�\�\�Y��.f^q\\B\�O\�\�yY�K|\�vԠ��\��ʅ��K\�A�\�	p[]:\�N�ta���:\�,;*�����z\'zk�\�O�\�\�Íi\�6Ts\�YX\�\�e!�?\�\�_�mf]#\��t])��ƪ�7\��رÂN��Zw6\�\�T&��q�@ﮇ8�{9\�boB\\\�ާ \��VH�{���E�\�pdO� �@j�;�\�X\�\�\��`\�:05ܣ\���>3���a\�.�b�\'{��I��c�6VA��U&\�\�	�\�~B\�/�VE+��\�\ZX4��\�C,�!�z�˻�1�4�Ɖ\��WϮ��9�\�\�e�=^!\�+��?=\\!\�kzX\�\�iuVO�\�\'�Y\��\�!~su��\�/q|~�ã=\�\�\�\�0\�R\�x����Ǜ�ݠ#�G\�\�\�\�m�\�\�Z\�\�\�,�\�3�K\�O�\�4�<3!?Y6\�Z�P�Gp�@��\r\�}\�\��X\���\�ź�4\���\�Y\�/L���=m�P�\�auⲌ�m̼\�@;�E��D�tྞF�\�\�v=\�\�:p{%�	qWK!.FcD\�^��@n�\�6���@,\�S$r>Q\�c/�8��K\�P}��\�\'�3Uv���.�Ѝ\�\�+�Y\�\�U\�u/�\�Hv9�3X�m\�x�Qb���\�$������@�fx)�\�\�P�8L ��7\�E\�˙AvH�,(3���\"?��o\�!�BB�\\\�7���!��Z\�e���4�u\�S[�\�!�{�`eGkS8X\Z\�`U�\Z��k�u\�W�K�Y|*\�\�\��բh*�2_��-\"E\��\n��\�\�~�\��fVqry�O��O_�P#ǻ+�x\��b� �\�!V�2#?ٝa*�a�a8�k��t�%^�zƃ\�9NN�pzv���3\�|��>8\�\�ݙ\�\\]�?\'+t�5c��cum\�+sXZ��\�<]yn�3\�tgs�baՄK��Y\"9�Yt��(\�\�87�\'{�&3�\�V�{���!�q\�/GI\�kQ9w��\0SC�`\�\�C�\�r�\�u}z7\�%\�\�N�mOG-A�B��-\�\�\�\�E\�\�M�9��,�\"])�S\�\�8\�%٘Ş�X\�\��r*z�!�qB\������\\,t\�\�|�h\�\�]�dq\�:���\�-\�|)6ŭYn�s��wĩ�j4d\�\"Ɖ_\�	\�F�!5\�\�ގ�`�kN|�,PH�\�X\�%x=B����͑`�,?<�w\�\0qbY\�	\�\�t\�\���\r0\�`ivL��\�I��\�q\�,O`wy�+���f��G0X\�BMA,�X��t�X��\�@M�rᡆd,�2o���w���Gl�anmǄ�3!~�\�-o/\�xo����\0_\�K\��p��L\�\�\�Y��\���[b~C���z��S\\\\�\�\��\n\'\�89=\�1�>&Т}�\�X��w[t�6��\rwR�\�\�ȋ�83�\��avgQ^���V�N\�\�}�cp�\'�3�\�(\0�Ƣ�\\�2KP֐\\�\�ߊ��.�� Р���j���V��\�X\�\�d�n\�K\'\�\�C��\�T-{�jt�V����\��\�\�XALё;�>Zd���v\�f�\�D�\Z3\�@_}\Z�0D�\'	\�T[�\�e���=E\�\�݊�Xy\��r�^r߻�ff.\�s\��*�{�+�x��7$҉�\�M1?��h��\�\'�i\�t�2Av��8\�\���w�\�c���4�[=Rn-ϓ��WF2�[�7PZ��ɩ1̫Y,\�\'�Ip��jwe\n{kӌ�s�#̾r��(�/\��+$\�]X��u51t\�X5=Ғ���^\�m\��\�_�sz���^�+�\�|��\�̫G{�8%�g�k8\'�F�ő��8��\�W�/w\��\�2�\�\��\�o\�\��\�3\\>}�\�gOq��rN�\�\�\�g��\�G������.\�hm\��!���v\�\�\�\�Kz�\�̋˳Xaf\�C��#�	rZ�#�b\�Q49%��\"�e�rF��(C^\�1���G,�%\"<\0����q��/\�\�\0?�sY�\�\�o\�\�x{�\�\�\��^.�3|���#|<���9/\�j\��\"�S>���ݥu@\0��<\�\�eO�\�〤`g\�\�h�7&b�)	�qA��E�\�O\"��\�c���b\��)��W��L-\��\�\�\�\�-�&\rI\"=\�!h\��Ge�7!�Bz�7��m�\��6;\�\�r���iв�ꑂ����\Z�%)�e}!{ښ\�\�\�>�[�;\�Ԗazv��2���i\�\�\�X�\�\�\�vV�\�]�o.`wa}rs�\�\0�~�M@G�*\�\�&�t`ƈ~B<�!7K\�䪬�<5�_@\�L���_�{~�\�\�u��\�33�>aow��\�X�\�K{\�;�8ۘ���\�[�тˮ���L\�ċ\'x��#�\�+\�\�A�|r�`V\"\�gT_g2��\�pM8=?aAȘ�x[�[,\�7\�\�닄y�\�&\'�ȌK\�lT^,�_��\Zah,�EkI:+��ʙ�`f�g��ߨ\�$G�`�\�\���	\�l}��¨����h[�1d��-qc��\�S��\�\��\�\��\��\�hB��\�\0T%�� \���<x\\\�\��H\�\�š\"-e\�A(M@q�?J\�P�諆<e\�\�\�\"\�Ėp�k�-n���s\�Xf︾2��A���\�\�Y�.�\�\�El\���P\����X�\�ԙ9:��]��&�\�x\�%r>V����Y�\Z�_ \��ǟ\�\�\�gX\�\�\��\�\Z?��\�Ox����\�k8&�\'�\�\�J�	��,N\�\'q�9�3F�sB|u���\�x��J9��\�o�7*�<e��~�B����D�sB=�\�T_\�\�\�h&\�\�88:\�\��yۻ�\�\�6���uƌ){)a��u@J�w�?\Z\n��)Oe\�COS)ڪ!\�0(Ccݍ���T;E�I\�\Z3�����}�\�o\�\�\���\�N(�\�P�\�\��1UM�\�°\�\Z���t,uf\�q\�F3�W���@�d,�w\n\�tb��>	�1\�\��\��\�Y\���u\�6\�ㄳ�{?7:[�\�\�|\�\�ß\nv��\0;��n7��U�=lT&����֎\�/\�1\�\�\�9<�͵9l�\�b�\�\�rbB�1Շ\�_��\\f)ߣ�3s%�p]XG�\����B~zcU~�kf\�s\������\�X\�\��\��1>}�\r\�����8\�[\'\�\"#\�\�z\�4!>ݚQc��Sj�|o	�G��>{��O/��$��D\�\�+�ő\�\�\�	2a&\�Ӭr\�\�0>ԏSF�}B����\�v�w�% 3^�o�a��cWV��\�\�HT$�WS�AmF�;0:؅��n��G�mc;B99\�/��O\��m���EH|\��ae�[\�\�í[`f\0s\�Tܱ��E(�C�\�7�\�Q\�gL྿ߙ���(q\�+\�\r��=��\��\�\�\��ō\��0Y��\�`\�\�G���\�[$�m�X$\�2,Z\�\�t�tY�g�iJV?o\�_�\�P4��-O�Q��fF�\"\�\����������=ʈ\��A.fr6C(\�@���w�nߺ���2�8[b�\Z�	:�;��8���y��\�c�\�n�/`Ki;\�.��E\�aa\�U\���Qi�\�0J�X���Y8��� \�\�\�z��67�\���b�OA,�\��\�K,\�\�b\�\�\0?��+\��75�{���#\�,nl\�\�\nf�\�[\�	�=^\�\�\�N6��l��\"\�Ϯ��\�\�%^�z�\�o^\�׸b��z.N�O�\���Z\��\�R�{zy�\��G88>��U�\�v�\�c��۸G�����M�\�\�\�\�\���ח�@W�[�\�̼�F\��̘r\�I\�\�\�UA�\0�d����\�\�B��\Zm+�г�A�Z>n�P\�O\�ƻ�6)\�N[FB\�:���(m��+p\�\�\�ox�\�?]#���\���o�9E�\�KA<Z應\nF�\�@*\�5��63u��\�k�\�lc$\�\Z��f�b\�Y�\�\�xL\�鿚$cĝy��O�VW\�\�Dy\"=\�A\������g6O\n�B��B\�K�\�&�\�.� \�w���w\�\"����\�7i�\��[\�\�\�dQ� �3ޭ3\�mPz�\�\�\�\�\�>뙕�vt\�z3N�;_�K-+Drr\�8�&Q\"�0\�]y��\��\�X�\� �?��;z�k���K8>��E����\�ć��Y\��[�Y�\�u�	�\�a`��\�TN�Щ/O�p}y��O\��\�\�^�~N7~�\'�_\�\�+Ɗ\�\�p͘q��5.%+܌\Z2}A\�\�\�\�gO�\�E\�O���\'j��\� N���3� \'\�9<Pׁl\�u��\��:V�ֱ�����\r�(h�\'\'�ob��\�Q���C7~�\�\�=\�\��ݵ\�{\�-�	>��4CD\�\0B\�g�0�ճ}nܵ��\���\Z\0&�5�\�?�/!n\"\�:B,�b�\��%���\�\�ɪ@�\�\�\\6\�eSti�j\�L]f\Zc1ל�i���mA\0:�}P�졿v\"\��\�É\0\�$\�7\�\�\�p/�{\� \�\�an\�u5E�\��\�\�R7�1�o���\\�\�އ\�D��9���������\0/+m1\�m+�ȏ�W�0،�,O�\nz���<�\�(���X\�xKpT�jHaq�ف&5l\'�d��B,\�Ͽ��\�\�o����\�\�{x�\�\'��;�>\�\'\�k8|L�����,�\��\nN\�\�G3\���V\'\�Uo\�\��\n�]\\]+��+�_bw1\�}��9�\�;<�O߱\��S.�f��\�D\�o�AW��7��5.���p���\�\�8y�����\Z{�\�{�gإv�O�\��\�\���R\�7 a�w\�IU\�	kAc�\�*f\�к����%t\���*f�\"\�\�\�Q��4\�\�z@	\�\r����7�\��}pGq�\�4P\�\�\�l}(\�+�U�7A�\'���:HMO\�ug�\�1�IŌ�\�\�`�N\�S\�Ox�P�\�bB�\�F\'\����mr�3Gl��T���oz�{>B^Z4B|<\�\��\��!�s\�c}W]\0\�n���1,Ć�d}s�q�sz{cEA,�����~#�-\�]Er7Lf\�PL.���q�O\0��oP\'\�!�K�ܐ\�2��H�_@����\�^\n\�t�\���\�3~\�\�3v\�\nbfc�l��D�V�\�xw	�\�\�\�_Qn|D7>ښS��\�\���\�O�k�z����\�\�x�\�\r�}��H��x�^�甌j���~�C\��\�?z��=.��/	�s�?\'ܧ/^\�P=y�ë�\���/^?C|j�\�yR��\'�o߾�p�B��\�!9��\�\r(/�D{\����!v���\�^���\�)\�s\�ō{ָq\�7n?dk���bg\���\'\�\r=9��\"���!,�|1̜<F�\'�i.��1T\�M\�P�\�\�\�PƠ;#M�\�\���T\�:��\�҂��wy�\�َ9��\��\�;�\�\�f�o+D\�/K$9B�\�@CM%!�&wo#�ş7!v3��\����\��*�\�BL	\�,�7	��l�x�O�TA�\��Y�\�\�Rca�\�\�h�\�>fa���|\��_.�_�����B`\�_�gW|���\�\���0����)��n,�{\�\�+8btP/\rӍ\�p�F7ޜe\����_\�W\�\��8!��\n\��\��\�3�U��	\�+n�Q/\r�\�/\��`~F��\r0_ѩ/fƔ3�\�|\" +w~F��2.�Fr�#4F�����Ν���nBJ�\�)](*GI\�\"\"\�׉\0�\�l\0W�(�揢7k\0�,\"p\�>��A�)\0ߡ�qc�?Cl\�W�\�\�Dc�\�uGg6\�Kv@Ցጡ�`�VVw\�eOhsܐl��xG�溢!\�N�p��d,��[7n�\�\��G\�\�ؠ8\�Y���HP\�m`gq�\�\�i\�\�\�}�W`��#�U�\��d��n��ը\�\�������;�8\�\�c3�X\"�k\�+\� �\"�xK� ^�&\�\�3�dG	4�]\'\�\�=Rܕ��\�N�\�8\�W\���2�R\�V~_|q\n����+��|���Gt\�M�\"H�p\���%vw	�rbqd�\�cF�ÝEċ����C�򍏝m\�\��W��\�sį_\�]X�X\0\�C\�8� �� Vl��\����\��0\�]�#��uO\�}P\�\\2g�ӑ� �\"\�/	�K\\�P9e(h\�a�dY~�\�%w!-�\��\�\�vѬ\�CBf7L-\�an+SWy��L��d\\:���3q\�w�)���y�2��Չ�g�E\�č�\�\�rF��9l\�\�\�aq�&L\�.��\�b��\�]\�>\�_�#�\�{�~pw�o�\�7�\���\�\�����(\n�F��5�|l\�m\'~�\�<2�?g\��#&\��!.HuCZ�G��<\�Ժ,Y >6��n\�\��bB<1>��\�5�����-\�ʍ\r\�ҡ\�Z	��\nŉ	1㄂��q�B?Ħcag\�\��2\�xi�W\�	�\Z\��\n��\�ux��#��7v6\�o�˟�\�S\�\��(���\��w\r�M\��\��b\��\n\�Xr�\\4t����\\^�\�K�P�\"\��8�\��;<��*�\�~PqB�WT�f�ѷ�i�\'����LDg�%f|ue\�\�o\�k棧\�ϯ> ��L\��X�`\�\�-1&�H�oAjR�K\�10t���D�W�\�\�&�\�xp�\�޲@�O$�S�\��n޼K\�#�w\rlp\��`�\�\�[�\�mi�\�\���o��Ew)u\�Oie٭\�\�M�\�!e�.\�\�-e�>\��û<\�\�\�\�\�!\�+�#�\�d_{ı�s�\��\���!6o+z\�\�\�\�tsO���_�{p4���\\\�QP�w,\�E�ara+\�\�w��ʐ�\�M�_\�\�v8/ׅh2\�gqQ!7�#��媵(Bc� �R\�5�beJ���	5V�_91k8:\�\�a$N��ݽ8�\�\�Ą��8����\�}�����\���f.\��ӃM��\�\�\�\�O�\�!~a�X��s��=����.l\0����\�G��\�\'\�\�e���ǯ-\�}�\�\�3n��,C�{�\�p�\�-Af1�\�#��jՎ�7�)��\�}S$�w\"�dM��\�?B�v\r֦�0��\0�o= 8�kl3\�\�\�\�o\0\�;\�&\�6B�-�\�B���6e���ud�pA^�\\�c��G�r3�,-\�|4�h7}\��7i-\�b+\�\�\���N�Dg�?\�\�Ge\�\�(\�8�1�-�\\\�\��\��u���|�^W���\�t~�\�:Oo\�\��\�\�\ru�OR\\(��װ�����u,�W�:�*�b��=\�\�Lw���],6e�M~`F�G\'�\�\�\�\\,#�\Zq\�d\�\�\�MX����@L\�}��3����&��:=\�\�ʉ�+G֟�6B�\'�J7\�7^��\���\�qvJ�/OpM���$į$N�VN�\0�{*�\�\�/	�D\�O?\�\�\��VZ\�-�e^�\�W\�St\�|\�K��\�O,��\�\�w\�xq���\���ŻO(�oR;\�k��dv\�w\� $�	��}(n�G�\�1*���̒^�DW\�\��#<�\���\��\�\�\Zw仁��W�?�k\�\�˾-\�\�h\�\'8#7\�6H��F��Ā��\�H�\�c�_;�\�\�6��f2\n�$��*=\0�h\�\rB]�/Jb=Ե\�R\�%�z\�\�^n�Bg�\�\� 7��5<,\�#�L�\�C8 v��CNN\�߀��HN�\�ܺ_\�`����\�:��װ%0#���H@\�К%���\��\�\��;urO\�\���Z\�\�r���\��̎*\'��\�H (�]�3c\�ϟ)�\��ĉCF�#f\�\��\�\��p\'��8ܚW���X\�xe\\v$Cq\'�q~q�\���\�W�_�\'֏H\�\�)=\�?\�i�\0���\0��E���\�\�x��\�\�\�\�\\��\�S�C\�W�^|�Q2��\�dD�x�� �\���ϨjmW;F��7���w\�!!�	��\�h\�mcj�)F\�N�\�G�\�Rs�a�\�	ftd��\��\�݆	%\��\\\�}��Xd�X��&\�\r�N(�CUj�\�\�;����(\���Nl�)\�a��]P\�\�Xw�\'��1\'�\nC{q��#\�\���T$ #6i�\�pv\�g]�w�烄(O3+����D�\�#�����-\�s�DvV:\\܀��w\�2\�\�\�]l\�\�ck�\0\����c�4@�l\0yg�\�\�\\,\���s�y>\���\nd�P���k+���\�Y���<�^�\�s\�-\�\�7�\�\��\n{;xN\�~\�\�W>\����\0\�a��}ik�Z,i0�k�������v\�c�e}��_ ޜ\�\���x\����\�tb\�C�\Z#~$��ݏ�\�\�5\0l�Y�۬��,\��#��Gу��)=\�t��?��S�v�b9k�7\�ԃ\�h\�\\a�8D�\�t\�\�\�1ڵ;(.���W!n\�\�\��z�M1\�d�\��\��\�{�P\�Ta��H{�R%�(�C�\�:�2\��	T����Qy��j�\�Q�\�\�L_�\��)7�=\�\�y��HDAb2Ð�\rg��M\�!=-\��>��+�cB<,\�rA��\�Chk\�\��\Z˭1Xo�\�I\�\�@9�G\�5َ��~l�La{s	ۄx{w�\�vw6��:\��2qG.!&ȝ�[yt\�bB\\�/��|��*cmE\n\�\�9B�7\�\����O�����\�Ը\�3\�\�\�\�k\�˙��\��k0\�^��:\r߰��C\�Q�慺$w\�$��6\�+\�mj�\��\�\�9��O�vqn+~�\�)!~�\�t\�(B,.,����\�@~�\�����~���唀-�����Y�f^\�A�� \�\�/>�o{k�\�4B��\�az�\�C�\�\�GK��\�\�QX8�\�\�a\�4���v\n�5#��IR�\�H\�-\�.��}`��&�\�>��ʌW\�8�\"�\�\�b9\�V�\�\ndG��z��<\�eJ.j����\\�凖� 4d�17E:e)�\�IDzB(2\�b\�\�$\';x\��� 3#ɱ��/]8\����\�C\\��\�g\�*\�/m�����M\�zG,\�4�Xk\�jS0V[\"��ᲞL�\r\�asF\�<��͕9���8\�[2c�dc\�h���B�M���1\�Qf���\'��~�\���\�����D����\�V0KpG�\n\�_�\�7�\�Q\�<��\�`4d�.My_E�\'?Lw�R��b\Z!��5���;\�q�+����b\�l��!~E����f�xC\0ߊ�LP�X�_�M�Wg&\�o\r@�\�ʒ�d�+?�^~���@�\�ځ��;�d��{f\�\��\�9p�\�\�de#(�))(�X@}�4=��O\�\�\�-ܾcJp�p�.l�\�\�\�\�ߺ�q\�8�׷�\�\�\�jb\�Qi��7\� ����N9A.�!�JN�ܝ��;�� Wѝ����o�\�\�r�\�0\�e��01�q�HeA��\Z{}�x��	wd�;�\\\�\�gOfaw{�]�[��ò��\��\�[\�zea�#sm\�mM�ls��nc�)�aX�\�b�7fʜ1]\�\�eQ*�FO�\'��1\�.�B~\Z��\"�����E�\0\�[I��*�*Q�\0\�\�\��\rb�\'�Y�]\\0�\�`yqsS\�\�b��	��4��Q�h*JDC~\�s\"P��*\�[�\�2vAű^\�c\�ȗ�wAS^��\�cw;K\�X�´�+\�C��O\rN��N���;pt_r�Y���s\n�\�\�\�&�������N������\����`o�\�?�\�\'=\�\�\�\�\�F��\�\�~\�ʟ� �#� \�O\�ʯ�\�#��|\�\�[�n\�UC\�\nV{�h����\�6\�)�u���_\\\�S`n\�[�\�Pwq�\�߻s_#d=�\��oeN�+�%[� \�\Z�\�\��Qm��L��۳G;)�\�\�N�P$N͸!��N,\0W\��\�@u����`\�\� 9\�q�����#�娢��o#6\�	=t\�\�N�\�J;�:\�a\�v���\�n\��tg��C\�T[6&5Y�l\�\�xs\ZƚR1ޔ���L5\��G�;\��a\��	�ЦZ�;\�\Z�ɶ\�GG>a.\�;rg����yr�C\nZy�1um�N<#�\'�OYHM..bxl}�\�h�CSM1���������X��Ǡ2+\Z\�(KAib�W~�\";\��A2�h\�\�5q�h\���\0��Ԗ\�\�G\���!\�\�D};��k� ��@_\��\��[��Op~}�3\�\�%��\�qru�SJn\�rry��\�C,/\�\�\�⚰�j�\r?\�m\r�>BXc6Ĉ\�7��?\�\�ǟ0<�H =\�\�\�\rSKBx��,�3S߂��\�\�57oI�6\�k��L�\�xͿJFE\�\�d�dz9��s�xS\�z\�\�M\�i�N~$x[ \���\���|�\�i��o����`���b�\�O]_!�\�*&k�\�5\�r�\�x�H~�&T��\�\�^,�\�$ve�\�\�l�\� ?d�\���*���b�*Z�&Ca�-�=O�<ޒ\�y�)]}[[F:J\"Pb�,\�;\��\"�{(��O��\�\�D�Z\�7\����^\�iW�dc\�\�1\�z\n�\�\�\���xy\�?db����s|q}�Ch\�hESC�J�\�\�3�\0g%�#\'>���T\0�b|�\�V�eq�O�E[��� ��[\��d{�Ӝy��\�m�\�&�h�d\�j\�[�X\�X�\�|oN����,.Nc�\�G�결8�\�\�~LO�cj���Z\�-�J\�i{�\�2B��:\��\�\�5!�\"��o�Cj2\nq��-N����7\�$\���K\�_=\���+,\��c`��a٥U�K\�@\\R*\�c\��\�0x��\�\��Nn��w\�#k{\�h����\�\���\�1g�3\�Zݿ��aov�w\�oc�\�Hr{�ls�[�=����d�\�P���\�\���tf�hEQ8]7��8�\�d	mc>\��1\�]��<�\�8`(�\�wຜ0Z\��\"GL�8a�\�U\�X��P7\�\�l�\�v�6[�1\�W�)m9f�0�n�\�f�-�8̷&b�%�@�a \�	�\�,R��\�Z20֚�\�\�,֧��1@\�Z\��\09���\�u���\�\�<\�h\�pc6�D;Ֆ# �2\'��u~uc\Z����u%�G�\�@\�k\�\�A�iB}M	*�2�����dD� #\�\�a\�H�@j���U̾���;�\�C�\�2�В恦$Ա���u`�h�:F����|\r\�J�\�T\\�ʓCQ��WV�r\�P���\�\�T���\�Dv��JEy���ܐ\���;� �y�*\'O	�\Z~���\�\���}�\Z\'�\����\�\�\��?\�\�\�\�^a�\�\�WX\�\�\�\�\�(��G12*\Z\��z�z�\�\�Fw7{�v��L�\Z\�PWS���r\�W����9\�H�\nEbD�Wx\��F� >\�)<\�c�P�\Z\�.=�]{\�X$\Z�#К\�\�M\�\�Ý&*�;�aZ\�\�[�\��\�\�\�c�6�n\Z�\�hL\�Ru1[��ł�K�c�Ш\�\�\��\�C.U\�{��w\��P\Zh��\���\n��갇�c\�e��hNS\\6\�V�]5��\�\�e�\�r\�d��Ȍ���&U��\��*tC_S@W������`+����,\�\�;��\��|�;(�r}\�\"\�\���\�\�C{�-\�(F�,��C��r�\\\�&��~BA���\r�\��f����Ͽ����~]4�5��\�CE~*\n\�\�9�aȈ�GJ�\�\�\�;d\�#/\���\�\�\�\�&6\�cN�rA�ZQ��\Z\�\��E��\�\�	0\�\�A,lMn \��;D\�\�D��M\�82�9\�E�\�$ҭ�\�E&НDq\\\�\n9\�\�\�\�\"\�ٔ\�y�\�po\�Է���\��(��AQY�+�[X�\��bd\�!3�9�Ȥ2�\�f�\�\�ENn>\n\n��\�\�\�!/�\0Y�YT��2������Td�Ғ��J�$ 3)Iq��GNj\"��y�\'\�!3!\Z��ȈGzL82bCن 5*I�:\���^��BL�\'�\�Μ�n��qU71	�tD���\�\�\�\�l\rk�\�\"\�\�Fݾ�\�\���\�˚��f�1\\�\��oO�t�*�f\�y\�n��\�~\�T&�\�a��\�ma\�K�\� �\�\�p,\�\�\�1\�S�\�;ږ��\�b�sS�T>�8\�W��.�CH�o \�����C&ߧ \�ᾧ\0\�U\�F����\�\�\�m�\�\�:M�Z��[\�f\�L��m��CxP5a��.�G���G�\���̙�^\r\Z�rQ���\��(ċ�!9\��~.��\�\�d�0g�\�\�\���lg� �{ꮉ��.��&{Y \�\�Q��˒\�\�#���ٳ+}pf�n�\�\�\�lo!�`ƻ�8��ƺ�\��\n\�8WB\�\�Ǹ=@�\�}D8��2\�\�}l�c\�����*\�Q_��\Z\�`A�Lo~\�.��\�z)T\Z��*כHu���\�&\�cT�\�-u[��(w:_�z姑\�0\�Q���Lt�Н\�1\�]�~�H�Q\���lZ��\"\��;��\�@8c^�B�\�t)�:\�妒�o�4��(\n~��dW4&���=ws�+�	t3��\�\�2�\n?��hs6*na�\�{����?)k\�?;\��4��\�&uC\�!����L\�xt�UĪ+��\nC\�\�\�\�[���x\�\�\�Ot\r\�,��ur�\�>\r\�u\�T&�8\�e�\�f�t7��]nՀ�\�:�󵝕)�J�F\n��Hls!�;�\n�\�F��ƈ�t�{�b�L��b�c��w\�p��\�7\�f�\�\Z�3YƂ\�\�1`��E�A7��6\��\�`���qD\�?\�?=�?I\�Ծ�2� �Mg\�\�~�N\�!� \'\n\�T��t�!�\�(\nGK��\�Pg��kT0T\�\�\��\�\�j�\�\��F\'5N�(\0C\�Ab18\\��\'�y8\�i�\�ɴCw�=:R\�r���Y�\�\�`�am:\�)J\�t\Z\�e�\\G��7���ٸ9�4\��\�F�]є\�\�\��\�\�{�\0\r�@eF��q\��\�?\�˗_��/�\�3\�~���~R\�\�x͊�\��\��)�v6չ\�\�\�)�3P�\�ρ�vay�\rˣXc���0���Yl-O\�f�΢lM.\\fQ�*Iv�\��\�\�\�\�Ʈ��A�ZBܔ���@\�37\'��q5gL�A}�/\�҃P��j�<9\0E1n\�	��K\�G�\�}>\�	>ք���Q�=\��o�R�\r_�D�\�5\�\�~���̛\�{;;\�\�:�\�\�\�\\f\nkN[�uɗ\'ܻ�(�;w�\�vݣL��;�\�\���-Ӈ&|�\�W���A\�e\�\��75\�aC f�P�A�\�xA�\�\�<te;���uěb�1E�\�\�&_\�ۡ;�Y6\�\���\�iM��&�\�}�ړ	|�5e�\�K5<�Ͱŀ��)b�X⊉R7LU�cڠ�r7̰��rcIU�c�Zb1�\\�׊��:�\'f�<1Z\�\�L4%:ӝ\�\��9��])ǅu�n,L\rc��\�]s\�f\�Y��c|��.\�J7%X�U\�/P?t\�%_w/MDGq,{$4�\�h\�	GS�(��!�K	`�\�rBV匒\'�\�#?\�\Z��\�d\�-][�\�dP\�^�\���%\� �`\�0v�9\�Gq�&\�K1�)Q�U\�[��βh4\��b��\�k�\�Kn�`��\���ᢛ�b\�p�AƯ�ۻx�ew\�<;9>��!�\�\�\�\�J#�\�CFj:Z1\�yW/XZXa���98V�\�\�\�Y�0\�%\�\�\�\0�~M9�\�a��H]h>\�V���2�e\�g͆�\�\�s�\r\�\0�����\�\�\�\�\�$\�X~�E\�8?֘�\�\�p��\�\�B�x�\��r\�XoZ�QpE,���ӥ�wQx\��Pd��{JU!&���\���h�|����h�6�&��5E[�ک�x3t&��;\�\�\�Ц<�6�z\�A�a��,+e[c(W��\\[�\�Sy�<plQk�\�X�$آ+\�Y}!�3�\�OW�QˢMF\Z\�*Xa硬0%�\�\�M�DVl��aIz�\'\�B\�կ\�$�9 \�\�q^����E�[0\�!\�\�!O\�]|�=c�\�RAT�Q����\��l\�A \�o{Ge\�f\�Y\��Uۛ�\�u�{���z\� YBBH	!�B�D#�r���\�m\�؎7�7�\�\�q�ڱ\�\�o�\�\��:�N�\�9U�T�YIUû~׽\���M�s��R\r~Z�\�k\�}����~�\�KY\�g�X`a�}rt�]\�>`\'\�Zl�\\��\�\�fic/�Oܥ�\���jx|ڦ6m�ё!�������7��\��H/���\�=}h����m�ͮ�ĝ6\�\�l�\�c-�\0+���.�\��U�\04\��\�w�/\�s��\�\�/*<o\�\�-؋�\�{\�����\�W���\�eɓ;��`�\�\�I���\��L�_��o\��>\�$Z�[�\����\�d\���\�1���\�G7ް�G\�\�v��{\�j\�ϊߊ�ǅۑ\�\��+�v\\k\'\�+�J;����\��Nk\"�\�D8�I��Ip^�aaF�eT٥5ն��ڮ0\�k\"d-�����$\�\�\�\�\��E\�\�b\�\�\�\�tۭ�=vKV�\�\�Q+\�>�Ѷn\�d�tu�m~�mڰƶn��ͺz\�03�ֳ\��\�>[��\�\��N�:�֕�to�.\�\Zl��\�&�jl���Q�?8=\�^i�m�6&���7\�\�۲\�\n�\�H` \�bpS�.�d����7\�\�7\�Ó��mPt*\� q[\r�~�,7�^8s\�\�\��3�\��\�v�\�1;}☝<~\�N=bǏ�\�ؑ�{\�\�\�\�vd\�Nۼe�m=x\�\'fT��}�\�}�\�-�w\�\��\�ݽq\�nK�n\\�[\�/۹SG\���]�x���?h\�\�œ{mz�\��ljh�K�\�\�S\��Cv\��a�tb�-\�a\��عC\�\�±\�\�i\�\�۹\�\�l\�\�6�|r�-�\�e��/\�U��]��\�:\�o��>���ֺ�V[wc�u5H�U\�)�\�UY[]�\�W���\�;\����Z\�\�\�[�\��\r�B\�\�㻗\�\�\�}�V1.y|G\�/�]�\'�_\�uɂ�\�>j��V\�|�J\�\�+��7�\�=�Ciw?��	�^\��\�p�tp�\\�P\�s_X:2\\aGG$�Ox|\��=\�O��)Y�SLM�c\�\�\�\����ɮmmѯG��m@\�;��	�����kfl\�\���\Z�5ӂwz\�\�򡸑>�\���6\�\�nS\�\�\�i��\�\�:먵ю\Z_�x�m����Vk�T\�\�^\r�(l���H�B\�-\�6\�\�g�V؀�bG�t5۲Ҧ�\Z�ug��\�\�\�F��h���j]\�U\��.\�I\�ns_���s\�\�%?�\�\�\�=�^��3{�T\�\�_\�>\�	�ܾ�w\�ݽ\�zp��.&o\�\�\�\���C6�q��\r�Xyyz�珵\�*\�W[ee�UT5�ee�ѕ���P�ʲ�\�\���+�\�\�\�-�q�\�\���\�\Z�9�Y��\��D�:�u:�u:��mBy�;��5�~%�޻\��y\�?u���uE�\�M<�\�\�Y�/0��\�\��\�![\�^f�\�ٵҶv�r�����mf\�ݎ\�}\�\�G\�JŁZR\���$�Ȋ;ԄY�\�pc\��\�\�\�߼b\�O�\n\�\Z���\�.�o�\�[�\�\�n�\��\�{\�\�\�	A:;�AO�ؚ�Q��՝�����\Z\�\�P�M�w\�do��w�\n\�f\�.8XO�\�Q��#���E\�!�;\�s�\r6�[wM�k��\�6\�%�筃N\�3\�e���3��k�\��J\�\�_�]�J�\Z?�\�QXc\�\�\�6+\�\r\�ٞ\�F��V���x\�]�\�sr�ݎ\r\�\�o��mU�[g�&\�n�w�\�\���\�W\�/�\���F\Z������B]d�(>X�\�_]f���P��i�6k__�|b/�=�Ǻ`�/�\�\�\�vc�\��Ӛ\"�x`�&��}��}I\�\�>�ŶU�-�\�K\0�\�S^�\�)��g�\�T�w+ܵ\��\"���\��UvH�\��,���HXl�W8�\'\'�&[X\� K��L]\�]\�\�\�\�=v��|\�Y\�\��\��9�\�),�K\0tؔf������&��F\�\��\ZCn}�,0\�6Z��@\�*\�Љ\�\�ݷe\�n]\�����۬\�|\�^=h���\�¼\�=�ޮ�\�a\�g\�Bq\�Ҧ\�p�yF\�N(N\�\�\��??�<\�Dk�#�|�,���\�\�\�l;:k\��D�\�<wR�3[<�����\�\�\�vp\�>\�\��ss6;;\�\�TTU[mm�Tou�\r��^1*��J�|����_eC\�Ͷyn\��\�\�a\�\�L\rt\���;l��-\�,Ț*V\����\�om���h�\�\�&\�:إ�Z[]�\��U�\�\�kl�AV�7\�\�;�iڮ�9l;�ԏ�\�M�\�r�z�M�\�j{�����O�����,\�Û\���a�xr�r����\�\�Sv|~L0_���tn\�ﱛ{e\�v�\�M]T�;Z\�ʖF;=- 뻹c�m\�K\�2gx�ȻT\�\�Gg\�_\��\�c\�<`\�C\�C�\��k\r\����\�\�X��ȺH\�\�\� ��\�>\�/��\�m\\��\Z貉�.\�N�\�\��q��4\�\�bc\�M�\�p\0\��\�!\�m\�Ѽ*h���\�r\�_韼\�uh�mRk��D�fׁm�\�o/u�����/o��W\��;\�F�yt\�אX\�\�m\�\�7۩5�vrM��Z\�\���\�Y\�k��˂ɪ\�ɽ؀\���\�\�0 k;Ш�o�����_~������ӟ^٫\�\��_����d?��\�~\����_\�\�\�܏�/��\�v�\�\�h\�j��������m���\�\���U~����S�B�\�ŷ\�\�/o����\�����\�\'�\�\���d�\�\�\��\�\�����\�\�\�OO\�\��\�>�G�\�h<��\�դ�d�\�L\�K.�q��\�vn��7_ݵ��{m��\�\'���?�\�7��\�s�\�\�3{r\��\r����\�\�\\�ժ\�\�Nڛ\�\�\�\�wOdeoة]3~\�17\�l\'v����\���\�Жq�ȏ��vi�}~n�\�;1�&�m\�c�u\���\�\�n��P�\�\�\�&�\�\�/\�о\�ֶ�\�:ic�&S\�\n\�*m!�_��{�m��Ư\�\��$\�\0�>�2pKn�3Ї�!|tD\�T2�\r�+\�4)h���������\�m\r6\�\�f�l����\�0&?lL�è�/\Z��5\�Y/xp[�\r\nޮ��֬�/@헛0\�\�`s��\�67h�N\�\�}\�¡Mv\�ؼ/8���_؟�n?<�a�?_�\��\�\�\�{�|1�\�wٛ\�\��\��=�+�x��ps\�~�\�\�\�)m��m�7\�6ث�\�\�Օ9{yy\�^\\^g\�/\��wȞ/��S�\�\�v�\�\�U{{\���\�!�\�\�~{�8eߞ�g\'�\�O����\�^^\�`\�]�T|\��`��\�\�v���ۻ\�ڎ.��A3�\�v;�A�\ns-vt�\�M5۾\�v�<�C�\�V�\�\�Я\�q{pn�=\��\�\�?�{�����\�\�\�N{\�B\�_h���߰����\�\�\�\�W�8��䰽�x��\�ޱQ��Ȉ\�3d��\Z��落\�>|k��\�qz���\�K�\nx�ho\��\�w\�\�Ov\��\�k\�ڶf�����W���_cwd]ol\��\�F��2,.��>90`_.nN��޾\\��/Ύۓ3#�\�\�A{r�?\�T�}�t��R�\�Y�e	w�إ\r\r��\�\���_g\�\�j\�\�t���\�\�*YR�T)w�\�6@�\��z�\�Q�\�_\�\�7��M\��\�m/�륵]6\�Znm�u]�\�]ײ�\�\ZA\�\"\�]\�\�H\'\�6	\�FI�\�\�aHCx@�\�ʶ\�\�F\���k>\��UHV\�\�^\�\�\�>��%LV�|u\��\�w7\�oO\�\�Ow\�o��\�o��\�/�6ٯ��گw�\�/7\�\�o��V\�/7\�(\\k�\�\\c�ݘ�\�>��\�n\�\����E\�_nL\�o\�\'�7e�*�:�*�O`}4b?]쵟.�\�O��\�E��\�\�\�\�+��å!{}�[y��\�ⰽ>\�i?-�۟��ۻ+C\�\�[�o�\�\�/W\�\�\�G\�\�{\�\�]��\n�<d?,�\�K��j�Ǿ=\�jώ\�W\�`�}���>�\�5a�/�ۋc\nG\��\�^��d�\�a\�W\�Í��\�f{*}uD�\�ߜl�oNH\n�=\�e_����\Z\�˃\r�ho�=ܳ\�+�耴�\�+�\��Z\�\�\�-�����h�=T\��\�ߨ�-�\�X�}u���\�\���\�kQʥ\�\�*k��\��ӓ��\�T�Ơq�\�gg�},ߞ\��\�w�W�\�^]\�ח�\�>�\�\�d}y@ွ\���\�B��\�\�[\Zl�.7\�jr�8\\��;�\�\0|\\�\���O�Ag�*]\�W�bs�6*h�u\�\�\�\�m������z䊷�\���W[�܂\�:��;7\�g����|$�\��\���\�?:�}v\�~{t\�~�w\�~�t����\�\�~�\�\�^����G]?4a?/�\�ς\�g��V������P�w�\�\�x{yPqI��V�;\�t`~Q���\��z�򷊿�?_T\Z�0 ���~�\0�\�y�{�\�kA��`~��� U��L�\��)�S�ۛ:!\�$�)���N�\��K�\�?�\��\����{&0�>\�f�\�\�ɉr�\����r�\�/\�wc�OPt\�\�\�\�\�\�V{8�$�_j�/6	J	H�&ģM.`�|/j�\�����a�����|��_i\�\�S\�{\Z\�g*�LP�?���\�>�\�#OC@?\�v\�\����k�\0��ɑ&�\�\'Z�O��ǚ5�\�\�\nO6kB6\��S-��\�\�Og\�\�\�v{�Щɭ\�z�\�~�\�\'t\�n�\��s�n�׷\�~��\���\�4V��_\�UZ��\'\�t1[/��GXå\�2\���\n�\�\0w\��\�d�\'��du�ؗ\��\��\��\��b��\�g��ɏ7�؛�fd\�&d\�\�t\�u\�/+=��~�_�e�?	ޟ\�OJ�O�,ˈ�K�@��0;\��#?Ii�N^�\�\�\n^���+\�\���\Z�\�	\�7�	��\��B�\�*\r\�\0+�_	l��\��:a�ݾS�\\\��;��\��\�\�vY�f�Sࡀzqq\�-�3�-�T\�\�+�7C+@��\0z$8(p\�\�}�t�`\�#9�u��\��\��]��O\�UowI��S�\�\n̻�j\�\�=��\�\�Z\�\�\�\�=\�}���\�~Y���쓅?P�q6\�\��\�ɡ�j\�l�G�Kr�IP7\�UC\�R��iA}�U@\�{}AFa�\�\�^\���>d�\�b�\�}\�\r�P\�\�v\�\�zh�`90Xi�|\0*uH���aU�Uf�\�Zk\�m\0hK��\�-�~\�|��\�.\�mo�ܲ��GY\�/\�j �F�N����}���\��<+�^\"����~\0\�#�yT\�$`\��\�?\�\"����\�\�\�%Lr+i\�b�\�K\0^��7$��u}}^?}��{,��xe���/O+.K�ҭl���|yJRHX\�b}�E��\�o�KѮ�\�\���\�=�J�觹W\'�\�-\���X[`�P\n\\\��VeX\�\�\��\"\���+\0\�\n޻;�x�\�V��\�T�\�Ux?X��\\�����\rq\�~�5�`���\��\�Zz$���\Z)�\�H�\����,��~#+\r\�\�\�S�\�g�\�\�9}>��\�b����Ο��\�\�\�vx�\�f�\�lm\�to�;Y\�\�\�\�##\�-�\�+$�[tMV65;m\��\�\�\�\r5։ꫭ��\�No�\�o��<:n\�\�|v@�*oaT��I�vġ}u~PR\\?�H\�\�\�\��^&�2;в\�?���C\�+_\��xA #�:K���N�O=�h@\�P��g\�2\�ҏٵpk,�\�\�\���g��	\�W��^\�\���/o��MiI�>�.��\��K��7�\'��+���H��p8�9&ׁ\�^\�\0\�\n4;��\�\�O�A\�J���{r\�Z�&�~�:wݲ*��\��*0\�\0-\�Yg����su�rYbo�\�W�\��\�dp�e\�3\����=���j	�\�\�M!�\�Y\����u��\�\���p���\Z��θ��D��N0?��;\�\�\�ƫ����\�r��\�c�#\��I��\�2kXa��+lT\�	�}LZ\Z��gP]\�z�f��;~\�u�7\�\�\r6����\�Z�\�\�O\�\�Q{|lH\Z���Our\�\�\�,\�\�\�uK]:��R�~\�\�up�toO�NH�\�kF\'=\�ߩ�\�R�t5�S�\�ԩ,\��#\��\\m����\�T9utQ�zO�T�ʿ\�߮�_��y�Jq��\�\�M���sO��\�\�*k��}-�PP{�V���K�\�mV\ZȲ\�g�\Z\��\�H\�\���F����n\�\'\�\�A��z��U0�\�\�[\�m�.R\�\�\�Ϯ\0v��~\�K�\�V��TOVU\�w�7H@I()\�a�\�<,C�\�ܖn�\0P�f}��m5\�\�V\��\��\���|�Ƥ��\�\�CJo�S\�۞ڸ3m\��&}m��I\0\�H7\�\����S[�y�z\��\��b<L��j�տ�ItW�L8~1>Ӥ�7\�W��M��L��\�k{�U�]��|\�;;�\��.\�O\�⭷\�&�\��\�sM+lFᔠ\��\�\�jA�{ݐmj�I��\�m���F覆-Ívz}�?���\�>{r��=�<\�߼�/o\�\�Ўv\��kG[uҚ�]}J[��c-:mڱV\�lKIw����7+\�b7�4\�\��:9�͚-E\�\�l�jG>S�� | \�>ۥ4*~_�wU\�\�v��~\�n�~J�M\�ͭM�\�V�6O\\�mn����+\�e�T~\�aP�6lH?\�-��Y�֡\�C��\�\�?�zC�^\�\\o\�6\�\�\�\r5vq\�j;;\�+?Uvd�\�v�\�P�\�����\Z[XSc�?9��\��d��XmG\'��͸��҄�q\�_\'\nU��	�.�ԅ���흓N*}T����(u�+�/:>	���Ԏ���U\�tΓ(w\�x䟙I�2�Exb�b�>\�9��\�L���㡞J���ZR|m�]\\�c�&���5���\�\�\�+\�\�*GM<\���jw�q�]\�Rk�5n�\�,�xZO7��\�z��a��͍u\�\\��t5\Z��s+���\�&;\�l\���\�5o\�\��{7.ٗ+<1\�O]\�\�b74\�\�\�veS�]X\�lg\�\Z\�t^ZX\�`\�6إ���\�\Z튫ɮmn�\�\Z\�\�&���^�\�.�kP��\�ۢ«rtMu?ޜ\�\�\�[\Z\�\�F\�48��\�����^\�oj�\�\�\�\�ģ��Z\�آ|�}}s�\�#+&y�E�e�!���m\��3]خ����w\�\�ָͬ�]\�P\��\�\�n]Uo\�-��6(����u�=Zi��m$\�x�����=3#����\��H�\0\�	�x$��\�`N\n\"\�<&�\�\�kG�V\��sIj\'�\�\�\'\�B�sV �thaMQ	�d��\�\�U��\���\�ٙ\n�\��\�שp8�\���\'\�.*~i]�-\n�+\�\�\r�xc�Υ@V|q��U\�s��\Z�j;4\\iS:�ٕ�� >!�\']�xzb؆;�l���/\�:\�*�I\�r{]�u4u\�\�Č޽\�Ο�c�이�\�dA\�tp\�\�\�D��\�ɩ\�A\�\�նw�\���H��\�\�h�\�kT�\�\�hEG\'x\�*\�\�f�\��K�\���\�\ZU\\::Vm\'d��\�<i�NL���R�)\�\�i,���d\�?��\�.�\���`�4��\��\r�\�])�.W\�@w\\\r�F��\��9o\�ԁ=0T)p*l\�@���+l��\����s�M\�Y�6�l\�\�+mM\�*ۤ��]��m�m���5�j\�sԄ{\�NY�\���R\�J�&V}WN\�*��\�nB\�#�8�\'��w)$N?���vf\�\�.\��w\�u���\�8�+ŕG�}d_G�7�\�]�\����\�Z�s\'屐扵ʣ�\�6J�\�wjHSvpd��gwd���\�(\�\�[��\�>,^v�W���@\�Ӎ+m�y���,�k�.˭l۾=\�ǣ}�5V�Btw�=�\�s;�p\�ڪԠ�\�\��\�֙	;�Q�\�탼��ڶ���y��ڶ \�)\��8�:\�F�\�v�\�W�[��X��X�]���r�\\��W��Pi*ur0i��O\�=����ξ\\\� \�/��I\�\�uv	 \�\�Mʗ����o/�5/���X\�y�8y�E������sSW�Ͷ\�*��t�Yϭ]�Zs\�\n\�ԅG�\�\�m��}�N\�*۠6���v\�Ǵ\�Ψ�	�޵\�\�S8\��$P��\�I��A��}1ȣ��1m\�V;է\rm\�*D�\�}�\�&)M>�\�Ń?�\�v^����[5��4�Ǔm\���$\�W:)��4\�zWz虜�>�k;�w�x��?7�\�\�\�\�VێQ\��\�\��\��QY\��l}�\�c�u��\�\��f\�C�\�ת��W\�_��_\�����O{��3�/��\����M\�Řl�\�A\�A�J\\r�X�Sڬ�o�6�T��\���z+�\�πy��]\�n���\�}�4�z[s��=^�-k\�\�\�&��r�*2f2\':W\�\�dn$��fʤQ\�Z\�\����&N{,\�Z ��m�lT�ڐ\�]�\�Z�ʬ��̆d=��	܀��Σ�\�\n��QTY\�)�\�@?Ť�pM��v�G\�d�.t\�\�ǚن,V�G�\�v�ےh\�\�H\�ʧ�l\�[ӱ\"\�\�dX���\\г�L ʀ�\�a��\��&\�	n&\��G���R@#@_\�i�_�2\�\�\�W������\�fZ\��VZ����\\�IY_4!�y��\�,��\�;�o�\���_�\��\�\��g���\�\�Fs��7U\�@S�\r5W�#�m�2�\�Z\�vX�	\�7��Ke�����\�\�hf�9�q�@ݔ�E�6S\�a���o�:U\�\�ْ���@S|	X\�: \\ױ�\�4\�O?P��\�\n\�DKy��\�\0���X\�\�\�VW�sҩ!֚z��?��\�\�Y��DhV\�7\�E\���5i f촡.q�-A,��$��<���\�Xq`\��\� )d��!\�sb�\�1�2/��1�4a�Ԓ\�R\���U�����\��a{�ɬ�\\��;:u��l�N�\�XnSMIӲ\n\��w�\��\��j��?���㿦ϴ�\�?�\�=�\�3�6T\��`;\0�ԓC,K\�+Hk$V\���7�\�K-�Fz)�L\�Me��4��&q\0\�$%\�\���\n���Oy����H+��i0\�)\0�%U]\�aa9�\05\'HޙV~�L�\rVh�#ni\�Eb�~A\�!\�Q�k\�\�#���b�\0~�1�mcX\��m\\��\�\0xӸ\04\�/B�T� Ƃ\'�5aԖ�C,a�g2\���(\\�\�k;W8\��\�r��k\�\�ݕ�?D��9�\�\�\�\�+��_\�=�6z&�__�\�W\'\�\�\����I���\�v\�\�p}�\�]<\�1A]�WA����j�\�;�/��h��{e���=}|\�\�j\�ߩ\�o�b4\�VQ��?\� K����\�{v\0�ާ[�0�%�0#�^�ܘ\�	\��\�iW�2Y\�P\�s\�*(�O\Z\���ڿB\�!���+��\�\n\\N0pL��5�K0e�Qy(�\�+\�\r+ܧ��������yX�k�	�3\�.\�a\�\�\'v	\�ߋ6\�\�W����\���tp�\�\�@�vY%�%�\���ƍf@�\�K�\Z����z�8,rJ\'�C�\���\�s\�@L�\r\�\�v(�X >2Yg\��\�lqؿ��zq\�\�\\���7\�\�k3v��\�i��\\!�\�N��f����\�S��OO\�݋\��\�\�U�/< �y#x\'b�[Ҕ\�<�\��0\�\�Dg{�B�N\�)\\\�\00\�`�\�%@N\�2\�G�\�\���XU��\�g-��\�ªr�\�m8�K\�W!0%\�ő\��I�\� (! �EL\0T\0\�6���\�=�Yi\�\�\�P�\�0j��X*W: &�\�r\�T&�S��+\�\'�=\\�%�#:�%\�µH~�\�\�l\�\r\�q/�@V\�i\�$`��I\\ �5r\��p!j�\�^,���ta�_\�ū��`\�ǂ�Ѐ\����\�޵￺c��ܖ\�\���oث��u\�\�\�:\�\�bދ�ǲ�OH\�Xd�X\0�\0&��v\�K��3 P	2��\0XT\���Z���\�GU\0\�\�\�\�2\�W�\���7@.B\�.�\0;0��\�(��Yb��\�X \�7\�\'\�\�\0�U��ꠥ8c��l�s 3�>>�@�\�He�u	\�%���nF)T��\�i���(�3.\�\Z�9Yg\�2\�� Vz]\�\�*��\0�`up0\"/\�\�Jp�W\�w�\�	\��}��\\�����C�yDVy\�\�\\���\�g���n\�Y\��g\����t־�sҞ\�8\�˧����o\'+��a\��]f�\�r�\�$�\n\��y�9)����s�ԥ�e\���T\"N;��O\���R�`t8�TrX%\�\\��[\���ް�q\"�GX0�\�].�la= ���)\�B+Mq �.�\0-}9�\�&�\�_9�\�&(\�T\�X�\�.��~� ^.\�Om�G]@^�=]�a���\0�eƂsq���%\�p\�\�\�ࢸ�K�\�7\'�\�ݎ\�G�/�+�-ы���\�.{v�۞�\�k\����\� �7�G쇏\0y\�~�6ne__\�f\�|�þ��S�\��/>��ξ9;j;\�\Zt��Rv�3!k�\�E�ң-r��	 �&P��ni\Z�	%B���4\�y\0% U\'\0u0�VZ�:s%%�f/F\�]�#\�\�`\rW\0p�\�\�\�\�\�	\�\�O4�6q	\�-�7��	`\0\r��{Í�+J֙\�n�<Ԑ\�\'��&��X�\�W�mE�\�8\�?Б�@F\��Q�\�\�p�%�\�\�V$h\�-��U����Cq{\�\�lH|��B>	\�~���t���#h\��\�\�\�\�<\�\�n�\0�y�\�珞��\�EY\�K�ՠa+�dO��[�~���\�\�\�\��\'\�\��t��b\\�~�\��\�\�\�b��x<\�xB\�q@V\�^�\�j$���n�l�F\�\�A\\\0�\�%�sW�Sy@\0�	\\�K\��U���^s9<�\�\��\0\�]	|b\�Nd���y,`\�\�H��\�!&\��z�	|T�Xy	�\�Ɓ\����� �\�%E��(��s���\�Š^\�\�p�\�ݍ\�r`�\�IXo\�\0\r�Xd��	��nYb.\�����\�\�\0d��n�\��7\�\�����P��\�\�c]�Չ.�\�d�}s�\�\�\�\�j�\�;[\�v~X\�\��V[X\�d�\�[l\�h]Z�UW��\r�\�!nkd\��o^9B`dB4�\�\�J\\�\��V�3�����2,/�\'�#\���&�O�\�\�\\?\�jN!\���J�f%H��A�]!]�ŖK\�\����@Ĉ�C�\�\�]q,�d�clĩ϶H\�6]\�v�\��\�>%�X��\�U�\Zq\0�\�L?\�Ř\�q\�\�;\�\�JR\���/��\�P\�N�;����3�ȕvmK� n�\'G\�\�\�vmꛓ�\Z=R� �uMv^О�m�\Z\�\�g\�4ڞ\�\Z\r�Һ\�V�%\�{�%��9/+\�\"�\�c\n\��#�[d\�)\�	�<\�;l5\�n13p�B`K���9q��\�4$w�zH�\�\�\�0��	dx@\\���&��,bX��$|T,o:�ˬp������\�R}�\r\�U�>\�@�@J\�\'\�@*t�Jc)��8*\�-A\\u�Sj�\�(�)K�ܥ\0d\0���\�8[蒔N\'����\�}҆|k.\\\r\�X\�\�\�j�Cdg\�JH\�cA��\�vs�\�>\�V뺵�\�n����\�\���\�\�n�k�\�v���C�=��\'}+��6Y\�A��v�\\\'\�k�AQ|Xu�U�\�J�g\�\�\�\�r\�,A*�i�gp\'@�u�\\����mx{�T8���z^��\��QA�\0\�wT\�R��M\�<�5� N\�3�)���\�|a\�T�r\��R\�@�> \��\�T�˷��\�7\���Ѕ�.!��s�CLX�\�\0\�:(\�ܨ�xX\�8\�Ҵ\�\���e\�RI\0\'\�q5R��^Ȋ3�5�_���\n\�7\\%��\�;V\�I\�[o�&\�ɹ�M7>p\�\�\ry�\��\�6t\�\�\�I�\�_\�\�a�\�wK�\� |H}�O�ݰ\�G*\� \� ��\�\�\�@n~1\0�6�\'��0ÅpK�zq!E:\���\����\�\�W�hP����K\�]�4�R8,\�`\�(C[�\�a�\�|w�>\�\��\\\�Q���@Ni\�\"�\��z�\�\�\"-\�Wģ]��1\��\�}K�m\�pX\�\�hR\0�����\�E\�\�\�����V�p3܇Na\�g�\���n�R��	M}n��\��*?K#\�	:\����T\��yl����g\�+\�\�b��\'�ĸX\�~�L�3\"�d��Ku�C���XR\������3u��\Z�fR�\�+ �� \�\�*\"=�v�u�r�	hc�\�$��@�IO  ��W\n��NB.\�Z�˒;�z��hK�X\�^AL]\�;o�|0r�s9q�(�����%\�,M�\\\' &ۥ�\�\'i�Zc�/vX!~0��\�\'���@�\���[\��\�kvđ�,�. .�\��6�\�\�\��\�y2��\���\����?7Pne\����`\�\�7\��N(\�%�\�vԮ��H@�0:\��Ic�b�d?ق�P@\�\'\r�;66�g\n��u�A�O&y0q��́\�Jpf w�U\'�N`&}܀\������BN~�����3A�\�	Ջ\�\0T\"m3�\�dy\\\�qs}\�\�$M��[^ű��/���+n�4q\���\�{�y\�x\\�\0\��\�eRN[\�Is�\"\�/\�\�t�\0��+�������?;*��K\�>\�\��\�\�!�����Y������\��!.\��Ҋ_ܹ�E\��Dz�\0n1\��\�\n]W�am3Hnu�\�\�\�&! X\�\r�g\�\'\�}9\�2\�\0�x����9�އǓ�MЦ2 �\0^)\�>�fY\�\�|�8 �M\Z_�ӆ���\�r�Q@I=�5�4S\�b|i�\0/\�\�q\�zc�C\�pp�3�\����M.ڲv��\�k2�\\0�%\�\��\�c��̸\�m0h�\��\�2̨K\Z\�\�\Z`���/\�\n\�r)�S��@�r�\�O\�s��IX\\�\�I\r���,`s9���\'m8\��C�\�Q6D9\�N?\�dD��u[j\�\�`�<p��Gn��\�\'NФ�H�\�Ӧr�*�J��\�kަoW�14�<���\04\�\�\�mQ�|�\�~L�+`�����OiL\�ɧ�[\�,\�!�]�}\�(s�3\�@\�@t�w Ý\�Й f?���\�\'�O�\�ݑ\�G/A,\�\n�\�\�b\rn� \�g��d��n\�\"A\�\�C���t��N	f!�@\�X�%YB\�p@\�I�Q\��(���\�O��;��\�*�	\��4��\0%�\�<D�p�]�9,0\�i5\�-�9s��v1Ii���\�8�@��֥�\�!\�ÜϘ\0>\�@\�\�T��>�\��\�?,<oO�\�\"���)�D�),s1\�\'�\�\0\�%K0;\�\�Mp�yKE�wo?����\0�qv-P.C�\n	d.\�\�],p��c�	\�n��ܝ�#\�~?Y��xX���\0\�R�v�\0\",. t����\�޾Ў�\"\�K5�t:�ю�T�\�	6��1\�&�S\��Y	�bY@r:W��\Z*��y{\�\�\�\��C��\�B1�\�D�~c;�S/\���\�-�\�>$YyE��Э�D�i\�\�\�\��\"�(\�\'A\�\"g Ĝ\�\�ZH��\�/`\�\�e��m\�\��\�.@\�Ea��+R�XT�8����\�w\�\��y,\�AV:\0v	��١���`�\�\��p�0A�\0=��\�D]�{�\�\��w�}(�_�\�b\';�ׯq���\0(\��z���\�\�Jpxq#`T/�yv·#H\�\�!S�\�\�\�)�\�W�N\�b��~r_o�3NN>\��^Q�\����\�E��� G�O�0i~����\���\��E\�r@f@<#h�\�N�&Ч;�ו\\\n��3\���a��U`	$�4�;���\�𙱬]\�Z,��\�KV� C\�h�NY�\�8�^7�\� \�\�b�\�m귴�\�W���\�s\��Dj��\�	�T�\�AQ>q\�W�K\�e�R@|�\�ࢰ\�-U\�A�>�il�\�\��<��6\�\"�\�\�r?\�	�}\�b�[j ͠F�>`)@\'\��\�Ax�\�#�<\�-�8��|O\�\� �eP\�#<R\�C��ۓ!���\�g���@\�v]V9��6\�\n`#\�&��4@\�Tڄ/��;\�\�h���K�\�\�^.9�X_&N>i~j��,A-�P��o+��	|�\�\��T��L(\�RjW�E\�p���\�V�(�+�\�ۦ^ɋ1�7\�b��I�G\n�!\�\�F\�N	r\�$\�\�F?\�&�p\�}f\�x\���s�5v8Ss��G2�K�I?a�K�1m\�-�\�j�u:\�\�\��q+?��ؼ7��-\�Zx(3m\0*�:�*�Yn�XJ=NV�>eYўz\�k�N`�1m+�\�\�n��o��\\�E^Q\\�\�~7x��\�a���\�l\'�f\��r\��V{\�byċy%�~�6�4�\�\nG\\\�(���za�K咃-\0��/�o!x�x�τ3\�\�-�`D��\�\'D\�\�\�w&�\��9\�\�ϖۭx\Z����e��q�\�R\0��<O\�m�\0����n�r�\�u�*���\�\�\�zQ8\�}y[\�\�.�P\�-��.����TN�EXP\0L\�P\�i\�E��\�.��%��\��1dQ\'&D@\�c\��x_��8\�b^��h�\�l�K�\��\�\�U�\ZR@	��]����-AK\\��%�:\�S�\���[��� Ƣ�\��\�i�N\�\�!V�\0?.���\�\�(\�߸\�@XJ�b\\	�1u\�O\�u� �\�4D��\�\��0\��z\nú��%0Ku(��\�_:\�\�Ia�SF}�V5f�Ø\��U@K���.\�)��t\�	��}���\'�*Z\�W�}�~QW*�[Pi���T,�OB�^ \�J�6T���M�q�\�~\0v��¿H\\�\�\"���a\�\��EXb��A�J>q�\�\�\0��E@̿v@L9֘�ڸE��\�yY�G\�\0q��(NPJ�\��$�<\�	\�T/\�\'\0Jq\0�MV\�G��Þ\���\�\�\���\�%\�~\�?\�\0\��\�pa�z\�10.�H\�U\�\�\�ʣq\�\�\�t\�#^\�+\�\�eQ�1@a\��\�Cm\�{yj�\"�\�(C\�>rr\'������\"Ћ���\�X\�v�K�\�\n�\�	\�c���-2��\�\��o(��6a�`\�/(��Ka{\�$�N�\�\'�z9/\0Ni\�G��\'ܕ\�\�oIj\�\�T\��|\�a��m�bX���+�)�m���4�\�\�\�\�ߧ@\�01�\\Z\�?\��T���\nۋ�������o\�\��3\�&n����\0Q>�y\�ȓFsiB���\0)Vv�\\	�\�\�Il\�-x�u\"t�	d�\�XT�t(�m�1�@xe���`&\�\�\�a�P�g\Zu9I\�H~\�\n\'\00�\'�x�T�7\�\�R=\�Jl\���·�\�R\�C\�\"/�y��\�*�\�:\��\0\0Q\��\�~�\�%ؤGQ>\�eiN0}�/�#E]\�HG�\�Rl��?S�\��E�\�xy.�r\�T��~�\�H\�8; T\\>��\�\r\�i%..�, ��=�1>�C V\��b\�	 |�\�ޒ�U�C�\�{�5\��!i�j\�`\����\�ߝD\�G:���<^G\n��&O��\�:\�/\�넊m]\�ˢ~	��\�N\0� \�̉/Yƨ��ا\�}.Wq\�C\�o�\��B�:9@\��V:&R��`	\�n��:@��u�5�P�P,m5�ƺ��\��	b\���8�\�Kc��?~ܝ�\��Xd̭4�\�7\�R\�:E9�թN�`ޢ��\� \0��\�D�B�.��9D��JP�IG\�l��M\�\�R�1�@�h\0�:T�ϊ�\�5\��G�K0��\�a�\����\�~G\\�B�:�<\��\�\�\�\�xP�\�+P���\�2 \rȋ�	Cs�\�݅*\0�O,O��Q\'\\��\"x\�?얘[hE�\�\�b��[����l,!V�zXn,-r\�U\"\n��0G:�\"�4�\�y~�s\�Jy��蓰ؖ<.���?\�s)mV\�9�4��~�b۞�0�]V�����갍�v����د\�ʵ<]P�\�\��^\\\�UX�p�\�\�} \���QВ\�*]��W�[cA\Z��\�h\�J\�}�:�<�/�\�\�N\�@��].�a��\"/CܐM\�+�ȧ=�<�\�/B]�\��\0\�=�r�a\�_\�&\�\\\�v�N\�k\��6�z\�\��Z�6�o\�>�[�Jp�r�,\� ��n�i*\�i;)/\�s�\�VHy팥���L1�:��#�z�1e�\�R\�\�%\�\�\�\�\�z}�E\�\�R;�@��\���\�x$�I\�G\�x����\�B43�E�\�e<�R�N\0\\Xe���\�9I�*0�!\�\�+�¢\��xn[��N�L\�I;�Gbl\\�2,*�>����\r\�4\�\�Q\�\'�\�\�/\�$�\�J��)ޢ�\�\'/�u��(\�\Z>q�p�\0�\0�6JoK_K��|\�dP�m3�\��s�:޿\�CKm#\�\�\�!i~=\�s�	a=\�O\�#6\�+��~��0�A�\�wV�\�0KXU\�5�#\�u\�?\��; �B�v	\�2��[�\�b�ʁ\�Gd|^\�B�tX�]��]�\�*C\��x��\'��O�8��\�m@!!\0\"�i��c�����\�g�W\�m�~ڶO��\�xJ}\"��0\�G\�\�罺`\'����ʾĜ��v�� ,���\0ȥɑ�%��q�8ҟKq�I}��\�s�Kەl��9ly\�!�\�PF\��\�Iui2d\�>G�1\�\�vq\'�1�%\��b�ѿ�C\�{��\�/\�c����\�\�R�?�u\�	����;��S��D�hK:�H���<�\�x���\�\0=VRO`\�2�\��{�\"pіI��6�ǽ\�b~Q�ϼ����	���\�v%|`6\�\�:\�:Q���m:�Kp%��&F��K\�%q�?�\�\\���t�\�\�m\n��R=m��&\�\�D*A��d�\�e�\� \�?�����W\��M}�d/l�U�>\�fP �o(���O�ʪV�YuQ�\r�\�qR�\�\�F\06ʩ\�Z\�G(�G��~�\�@qaaqD��҄IԈ\�\�\'�D:\��G*�\�}�\'��|\\���1?�XNd�\02M���|9�(/׶\�FQ)?�TO����R}��2\�^�C݈7�<N�E�S�A*\�u�t��\�^���=��F����X�(\�\�ǼL�:uRY\�2��]\�\�&��\����\�I\�Wg\�m����/\�,o���/y\�\�r�wm\"oY�*\�|�^��?@p\n?wX7�\0)&*N\nNF���&���m�\�Eއ�CŲ�\��G(�!��,T\�#�u���l��c(\�y.��ƙ \�a�8\�~\�U\'\�\�c��\��Y��\�^~��z��\�!cA\�?��P��ޛ(\�\�\�1\�M�b\��/�S\�(ȷ�\�\���Ɖ*�O\�)�|y^Ns�};J\�XKA\�\'���\�b[\�>�JyE\�Q\���G�-��-�hms<�\���,��B?\�ǅ_�]�m\���\�\Zol^\�\�\�Y>�]e\�&�\��X�\���=��E8\\\�\�#)�\0K��W[\�\�\�,w�c���J�\�AZ��\�l�]^_g�\�jm�P�Mu�e�U\�ݰҺ�GO\�[i\��\0D-�<��<u\Z\�jY�*\r�R�\��\�Ť�\���\�&F1]�$�bݢ����ۡ\�ɶ\\�\�L\�&�_ \�[\�R\�/��\�\\\��ʪ�\�)��:\�,�ӣc�_τ�\�\�x�h\�O\�1�\�d)�� �\�\�\�x\'\�\'b�\��}\�*B�\r�ǅ%\��u\�H܉\�BO�\�\�]������/\��C읫lS\�*�U\�K^\�Xc�|u\�:A\\k��\�)M^�\�f�\�m���%_�x{��\Z\��\�O\��&+;&P}qC.�^mgfj\��e9\��iY\�s\�cWV\�\\\\[g\�\�؅��l\��\�z\�E\�\��\�\�V\�\�\��1m\�\��j\�@�m����U���\�\���\�\�#\�\��!U>I���\�>k*(n\�5\�\��\�$����\�CM\\P	\�*\��S�;޺J�\�v��6\�\n\�\�,?�T3�Y}t�\��5\�2�~\\f96)<\'�%.�����\n\�ʫf.�[m�\���\�j\��N���P�eA\��+lCw��\�iAԸ8\�#:ጕ7�s`�u��\�\'K\�+u�\�w�ר���U��o�em\�+�yi\� �V.+\�\Zr������\�|\��\�;\��\�w\�b\�\�R>Ͱ(K��\"}���/\�8Z\�V�X\�	_�4-�{~�Z�*V\�`YW\�X\�n�����ӱ�(D>\�\�%ս��\��\�\�-*}!�ɺ$�.��\�o�\�/������{�E\r��ء/x(\��T�j����td�ڎI\�u�Yݓ;Yv�\�f3�\�/�\�E ��h�W���4��\�\�\�FT\��Hi�����yW$&\�E�c2\0�y�:#�X\r�\�cf5\�*\�YM6\��d��\'\�*b�\n�\�@\�XK\�7\�(\��M��:\�t?.\�a��-P^�\0JxY?}\�E��=\� \�rZ\'��N�9�܋:�4�E��Eչ\�\'��bS]>�\�\'_:\�\�P��U�\�\��X~�\��q�ӄ\�;\�e\�S\�\�b\�v����\���~β<\�d\�)\�\�\�\�\��5�i/\��Dܗ�e��\�\�T��yW��8kO��O:6>>���A����\�6$_\Z�\�\'*�\�:\�R�\�c5زu,\�\"7bc�FĲZ\�V\�\nYJ?�Ee�X\�%K��~@\0:�C�?2*\��,�\�a\�q,?����,���I\�\�\�&8OK\��E�L\�,f�ZeiI[�>+�58���\�&\���\�\��0�M\�ut\08\'dIX���\�\�\"\�\�c,+#+}|�/��\�a�\\YS�\�=�\��\�?<Ra�d�����\�#\�;��b±\\��\�\�x,\�i�S\�놔>��c�c\�P�З��>�҇�*��Y��\�܏&\�v�`\�K\�\'�\�\�\��/�,�{h8-wK�es]C�rʑ�@�{4-w\�r��}��\�f�/��㓏��2��^\'����\��ex٧�?��~aX�l�mU\�\�\�\��R\�4��b-�X�U��~�~\n7JiQD`�9N:\�\�\n����\�d\"(\���\�۝�\�\�#r�p/�C\�~�,o\�a\�C{؁��Oi^�Ni�~\'U\'^\"͎/�\�\�k\"Ƙ��U�K\"�0\�e�4���\�.]\�&\�\�,]��|OK|�\�1m\�\��v\�\��3\�\�}}\n\�2\'򥯲|IY�a),%�\�^\��ӊCQNXTZ#}�u2bїX\�qxۼ�\�$FKsQ��\�^V��Y4&�]j}\�v���\�G\0}1F�Xt�:\��W1s}�����m0���K$\�+e|\�7��\�\n#��B|#�/�ćO�,+1�$_� +�\�\�W\�}\��ii�ϋ\�H\�tQ�\��\�6\�(���/g\�\�\�\�\�ׅ��5\��F@Z��<�\�\�\��\�\�!uR[�\�SI���>b��\��`\��e\�\0��[�1�|-)>Yʛ�\�yC�Wp�0�?\�\�X)��v\\\�\�w��1x���\��0_\���^/�^Qz�ҟ���l�\�x\�}i�VغB^�l�8\�x��ZƷ�\�/~�5ڰ\r\�i_\�/i��k*�7��Ϸ\�Ry\Z��k\��,}\�8�I�:\�\�4~^\�\�1L\0h\�\�\�,]P�D<�\�\�\�8Q�Й^�\�z�_�G�>r�$M��\��L�,�,�.`��6���\�Ǘ\����j<�%\��L���z\n\��郄|S,}1�;���f|?�؏�\���R��Hq\�I<ZȘ�6ObQ\�+>�fC(^�)\��#\\&��md5��m�\"���\�\�>�\�㌤��\�\�k@�\�.נR�\�u\�#T\�+�\�\�\���i\��r^�<RM�\�.uc�ź\��\�\�S\�q-�g�����\�\�G\�xd\����\�U�W�l�\�_\�\�vK!��D\�k�K\�\�ˡibH��\�\�\�\�\�\0�I\�\�\�u��\�Q\�{\n\�\�_�\�\�\�q�\�V\�p����G�\���D�x<W@\�Px|\�v|,���y� �\�u\�\�GQ��m.S�/ě�z3C*N2�S�u؎?���1\�x<C\\쯴�\\�H3&�@\�C�/�e\�П��yʯ\�o�\��N�\�\�9��\�%�\�\��O\����\��@��x\�\"\��ߺ6Z��}\�a�<\�R� � \�\�\�\'Ln_�\�c\�C�E�P����\\�)�[�~z���_R�ԏ\�|I\�p|r_^\'\�x��\�㍌d\�x&\���}��8vT\�c/<b\�cUڏ�@A\�\�\�\�Qu�}y�~\n\��~\�\�\�t,|�R>\�,=0u���\���S�L�\���q��5\�G�����#N~��\��eWO\rb\�\0\0\0\0IEND�B`�',1,NULL,NULL,NULL,NULL,1,'2016-06-11 03:12:54',1),(4,1,'company.1',NULL,NULL,NULL,NULL,NULL,NULL,NULL,NULL,NULL,NULL,NULL,NULL,NULL,NULL,0,NULL,NULL,NULL,NULL,1,'2017-09-04 13:00:56',1),(5,1,'company.2',NULL,NULL,NULL,NULL,NULL,NULL,NULL,NULL,NULL,NULL,NULL,NULL,NULL,NULL,0,NULL,NULL,NULL,NULL,1,'2017-09-04 13:04:23',1),(6,1,'company.3',NULL,NULL,NULL,NULL,NULL,NULL,NULL,NULL,NULL,NULL,NULL,NULL,NULL,NULL,0,NULL,NULL,NULL,NULL,1,'2017-09-04 13:13:12',1),(7,1,'company.4',NULL,NULL,NULL,NULL,NULL,NULL,NULL,NULL,NULL,NULL,NULL,NULL,NULL,NULL,0,NULL,NULL,NULL,NULL,1,'2017-09-04 13:27:19',1),(8,1,'company.5',NULL,NULL,NULL,NULL,NULL,NULL,NULL,NULL,NULL,NULL,NULL,NULL,NULL,NULL,0,NULL,NULL,NULL,NULL,1,'2017-09-04 13:46:46',1),(9,1,'company.6',NULL,NULL,NULL,NULL,NULL,NULL,NULL,NULL,NULL,NULL,NULL,NULL,NULL,NULL,0,NULL,NULL,NULL,NULL,1,'2017-09-04 14:11:13',1),(10,1,'company.7',NULL,NULL,NULL,NULL,NULL,NULL,NULL,NULL,NULL,NULL,NULL,NULL,NULL,NULL,0,NULL,NULL,NULL,NULL,1,'2017-09-04 14:40:49',1),(11,1,'company.8',NULL,NULL,NULL,NULL,NULL,NULL,NULL,NULL,NULL,NULL,NULL,NULL,NULL,NULL,0,NULL,NULL,NULL,NULL,1,'2017-09-04 15:16:06',1),(12,1,'company.9',NULL,NULL,NULL,NULL,NULL,NULL,NULL,NULL,NULL,NULL,NULL,NULL,NULL,NULL,0,NULL,NULL,NULL,NULL,1,'2017-09-04 15:56:25',1),(13,1,'company.10',NULL,NULL,NULL,NULL,NULL,NULL,NULL,NULL,NULL,NULL,NULL,NULL,NULL,NULL,0,NULL,NULL,NULL,NULL,1,'2017-09-04 16:42:07',1),(14,1,'company.11',NULL,NULL,NULL,NULL,NULL,NULL,NULL,NULL,NULL,NULL,NULL,NULL,NULL,NULL,0,NULL,NULL,NULL,NULL,1,'2017-09-04 17:32:42',1),(15,1,'company.12',NULL,NULL,NULL,NULL,NULL,NULL,NULL,NULL,NULL,NULL,NULL,NULL,NULL,NULL,0,NULL,NULL,NULL,NULL,1,'2017-09-04 18:29:19',1),(16,1,'company.13',NULL,NULL,NULL,NULL,NULL,NULL,NULL,NULL,NULL,NULL,NULL,NULL,NULL,NULL,0,NULL,NULL,NULL,NULL,1,'2017-09-04 19:31:09',1),(17,1,'company.14',NULL,NULL,NULL,NULL,NULL,NULL,NULL,NULL,NULL,NULL,NULL,NULL,NULL,NULL,0,NULL,NULL,NULL,NULL,1,'2017-09-04 20:38:19',1),(18,1,'company.15',NULL,NULL,NULL,NULL,NULL,NULL,NULL,NULL,NULL,NULL,NULL,NULL,NULL,NULL,0,NULL,NULL,NULL,NULL,1,'2017-09-04 21:50:32',1),(19,1,'company.16',NULL,NULL,NULL,NULL,NULL,NULL,NULL,NULL,NULL,NULL,NULL,NULL,NULL,NULL,0,NULL,NULL,NULL,NULL,1,'2017-09-04 23:07:54',1),(20,1,'company.17',NULL,NULL,NULL,NULL,NULL,NULL,NULL,NULL,NULL,NULL,NULL,NULL,NULL,NULL,0,NULL,NULL,NULL,NULL,1,'2017-09-05 00:30:34',1),(21,1,'company.18',NULL,NULL,NULL,NULL,NULL,NULL,NULL,NULL,NULL,NULL,NULL,NULL,NULL,NULL,0,NULL,NULL,NULL,NULL,1,'2017-09-05 01:58:42',1),(22,1,'company.19',NULL,NULL,NULL,NULL,NULL,NULL,NULL,NULL,NULL,NULL,NULL,NULL,NULL,NULL,0,NULL,NULL,NULL,NULL,1,'2017-09-05 03:31:54',1);
/*!40000 ALTER TABLE `company` ENABLE KEYS */;
UNLOCK TABLES;

--
-- Table structure for table `driver`
--

DROP TABLE IF EXISTS `driver`;
/*!40101 SET @saved_cs_client     = @@character_set_client */;
/*!40101 SET character_set_client = utf8 */;
CREATE TABLE `driver` (
  `Id` int(11) NOT NULL AUTO_INCREMENT,
  `DriverID` varchar(45) DEFAULT NULL,
  `FirstName` varchar(100) DEFAULT NULL,
  `MiddleName` varchar(100) DEFAULT NULL,
  `LastName` varchar(100) DEFAULT NULL,
  `DisplayName` varchar(255) DEFAULT NULL,
  `DOB` date DEFAULT NULL,
  `SSN` varchar(45) DEFAULT NULL,
  `FEIN` varchar(45) DEFAULT NULL,
  `Address1` varchar(45) DEFAULT NULL,
  `Address2` varchar(255) DEFAULT NULL,
  `City` varchar(45) DEFAULT NULL,
  `StateId` int(11) DEFAULT NULL,
  `ZipCode` varchar(45) DEFAULT NULL,
  `HomePhone` varchar(45) DEFAULT NULL,
  `CellPhone` varchar(45) DEFAULT NULL,
  `CellPhoneCarrier` varchar(45) DEFAULT NULL,
  `Email` varchar(45) DEFAULT NULL,
  `Fax` varchar(45) DEFAULT NULL,
  `SendSMS` tinyint(1) NOT NULL DEFAULT '0',
  `SendEMail` tinyint(1) NOT NULL DEFAULT '0',
  `EmergencyContactName` varchar(45) DEFAULT NULL,
  `EmergencyContactPhone` varchar(45) DEFAULT NULL,
  `Relationship` varchar(45) DEFAULT NULL,
  `MedicalExpirationDate` date DEFAULT NULL,
  `PreEmploymentDrugTest` tinyint(1) NOT NULL DEFAULT '0',
  `PreEmploymentDrugTestDate` date DEFAULT NULL,
  `PreEmploymentDrugMVR` tinyint(1) NOT NULL DEFAULT '0',
  `PreEmploymentDrugMVRDate` date DEFAULT NULL,
  `RateType` int(11) NOT NULL DEFAULT '0',
  `RateAmountLoaded` decimal(19,4) DEFAULT NULL,
  `RateAmountEmpty` decimal(19,4) DEFAULT NULL,
  `RateAmountBobtail` decimal(19,4) DEFAULT NULL,
  `TeamRateAmountLoaded` decimal(19,4) DEFAULT NULL,
  `TeamRateAmountEmpty` decimal(19,4) DEFAULT NULL,
  `TeamRateAmountBobtail` decimal(19,4) DEFAULT NULL,
  `HireDate` date DEFAULT NULL,
  `TerminationDate` date DEFAULT NULL,
  `FuelCard` varchar(45) DEFAULT NULL,
  `DispatchedBy` int(11) DEFAULT NULL,
  `PayMathod` varchar(45) DEFAULT NULL,
  `CDL` varchar(45) DEFAULT NULL,
  `CDLStateId` int(11) DEFAULT NULL,
  `CDLExpirationDate` date DEFAULT NULL,
  `CDLClass` varchar(45) DEFAULT NULL,
  `CDLEndorsement` varchar(45) DEFAULT NULL,
  `YearsOfEprience` tinyint(4) DEFAULT NULL,
  `Note` varchar(500) DEFAULT NULL,
  `IsActive` tinyint(1) NOT NULL DEFAULT '1',
  `ModifiedBy` int(11) NOT NULL,
  `ModifiedDate` datetime NOT NULL,
  `CompanyId` int(11) NOT NULL,
  PRIMARY KEY (`Id`),
  UNIQUE KEY `DriverID_UNIQUE` (`DriverID`),
  KEY `fkey_driver_wsatate1_idx` (`CDLStateId`),
  KEY `fkey_driver_wstate_idx` (`StateId`),
  KEY `fkey_driver_user_idx` (`DispatchedBy`),
  CONSTRAINT `fkey_driver_user` FOREIGN KEY (`DispatchedBy`) REFERENCES `user` (`Id`) ON DELETE NO ACTION ON UPDATE NO ACTION,
  CONSTRAINT `fkey_driver_wsatate1` FOREIGN KEY (`CDLStateId`) REFERENCES `w_state` (`Id`) ON DELETE NO ACTION ON UPDATE NO ACTION,
  CONSTRAINT `fkey_driver_wstate` FOREIGN KEY (`StateId`) REFERENCES `w_state` (`Id`) ON DELETE NO ACTION ON UPDATE NO ACTION
) ENGINE=InnoDB AUTO_INCREMENT=232 DEFAULT CHARSET=utf8;
/*!40101 SET character_set_client = @saved_cs_client */;

--
-- Dumping data for table `driver`
--

LOCK TABLES `driver` WRITE;
/*!40000 ALTER TABLE `driver` DISABLE KEYS */;
INSERT INTO `driver` VALUES (1,'1000#','Vladica','Vlad','Pavlovic','Vladica Pavlovic','1983-05-05','1222','  -','Bulevar Nemenjica 7 /1',NULL,'Leskovac',4,'16000','   -   -','+381638125','a','pvlada@gmail.com',NULL,1,1,NULL,'   -   -',NULL,'2017-07-31',1,NULL,1,NULL,0,122.0000,11111.0000,NULL,0.2500,0.2400,0.2400,NULL,NULL,NULL,2,'1099',NULL,26,'2017-05-15',NULL,'PSN',NULL,NULL,1,0,'2017-08-09 18:30:03',1),(2,'1010#','Jelena',NULL,'Karleusa','Jelena Karleusa',NULL,'   -  -','  -',NULL,NULL,'Belgrade',14,'11000','   -   -','0637889789',NULL,'jk@gmail.com',NULL,0,0,NULL,'   -   -',NULL,'2016-11-26',0,NULL,0,NULL,0,0.0000,0.0000,NULL,NULL,NULL,NULL,NULL,NULL,NULL,NULL,NULL,NULL,36,NULL,'A',NULL,NULL,NULL,1,1,'2015-04-12 22:56:27',1),(3,'1020#','Pera',NULL,'Peric','Pera Peric',NULL,'   -  -','  -','Leskovac',NULL,'Leskovac',19,'16000','   -   -','   -   -',NULL,'tyjfj@gh.com',NULL,1,1,NULL,'   -   -',NULL,'2016-01-08',0,NULL,0,NULL,0,0.0000,0.0000,NULL,NULL,NULL,NULL,NULL,NULL,NULL,4,NULL,NULL,NULL,'2015-04-14',NULL,'TPS',NULL,NULL,1,1,'2015-04-13 01:36:34',1),(31,'1030#','Nenad','V','Marinkovic','Nenad Marinkovic','2016-06-01','123-45-6565','44-4444444','545 ',NULL,'Chicago',14,'45000','444-444-4444','1564654564',NULL,'test100@gmail.com',NULL,1,1,'11','111-111-1111','111','2016-06-04',0,'2016-06-01',1,'2016-06-02',1,87.0000,87.0000,87.0000,NULL,NULL,NULL,'2016-06-03','2016-06-05','11',2,'aa','cdl1',3,'2016-06-03','B',NULL,11,'111',1,0,'0001-01-01 00:00:00',1),(32,'1040#','Marina',NULL,'Tosic','Marina Tosic','1974-05-15','   -  -','  -',NULL,NULL,NULL,NULL,NULL,'   -   -',NULL,NULL,NULL,NULL,0,0,NULL,'   -   -',NULL,NULL,0,NULL,0,NULL,0,0.0000,0.0000,NULL,NULL,NULL,NULL,NULL,NULL,NULL,NULL,NULL,NULL,NULL,NULL,NULL,NULL,NULL,NULL,0,0,'0001-01-01 00:00:00',1),(34,'212442','Test','9999','Test','Test Test','1987-07-07','4764764767','68758',NULL,NULL,NULL,4,NULL,NULL,NULL,NULL,NULL,NULL,0,0,NULL,NULL,NULL,'2016-07-26',0,NULL,0,NULL,0,NULL,NULL,NULL,NULL,NULL,NULL,NULL,NULL,NULL,NULL,NULL,NULL,NULL,'2016-07-27',NULL,'PS',NULL,NULL,1,0,'2017-08-09 20:45:28',2),(35,'Test driver','John',NULL,'Doe','John Doe','2015-10-11','1312','123',NULL,NULL,NULL,NULL,NULL,NULL,NULL,NULL,NULL,NULL,0,0,NULL,NULL,NULL,NULL,0,NULL,0,NULL,0,0.4700,0.4700,0.4700,0.2800,0.2800,0.2800,NULL,NULL,NULL,NULL,NULL,NULL,NULL,NULL,NULL,NULL,NULL,NULL,1,0,'0001-01-01 00:00:00',1),(36,'56487TRD','Firstone',NULL,'Lastone','Firstone Lastone','1965-08-09','24343444334','4356',NULL,NULL,NULL,NULL,NULL,NULL,NULL,NULL,'info@essoho.com',NULL,1,1,NULL,NULL,NULL,NULL,0,NULL,0,NULL,0,0.5000,0.5000,0.3500,0.2700,0.2700,0.1700,'2017-07-04',NULL,NULL,NULL,'1099','4ff3ef534435636356',1,NULL,NULL,NULL,NULL,NULL,1,0,'0001-01-01 00:00:00',3),(37,'rrrrr','Driverone',NULL,'Driveronelast','Driverone','1972-07-06','76767','878yuy',NULL,NULL,NULL,NULL,NULL,NULL,NULL,NULL,NULL,NULL,0,0,NULL,NULL,NULL,NULL,0,NULL,0,NULL,0,NULL,NULL,NULL,NULL,NULL,NULL,NULL,NULL,NULL,NULL,NULL,NULL,NULL,NULL,NULL,NULL,NULL,NULL,1,0,'0001-01-01 00:00:00',3),(38,'5645trd','Firsttwo',NULL,'Lasttwo','Firsttwo','1970-07-15','73467623ruyfuey','75yfuy62r3',NULL,NULL,NULL,NULL,NULL,NULL,NULL,NULL,NULL,NULL,0,0,NULL,NULL,NULL,NULL,0,NULL,0,NULL,0,NULL,NULL,NULL,NULL,NULL,NULL,NULL,NULL,NULL,NULL,'W2',NULL,NULL,NULL,NULL,NULL,NULL,NULL,1,0,'0001-01-01 00:00:00',0),(39,'sfsf','firjj',NULL,'svs','sdvsf','2017-07-01','sfv','sfs',NULL,NULL,NULL,NULL,NULL,NULL,NULL,NULL,NULL,NULL,0,0,NULL,NULL,NULL,NULL,0,NULL,0,NULL,0,NULL,NULL,NULL,NULL,NULL,NULL,NULL,NULL,NULL,NULL,'W2',NULL,NULL,NULL,NULL,NULL,NULL,NULL,1,0,'0001-01-01 00:00:00',0),(40,'jd1','John1',NULL,'Doe1','John1 Doe1','1977-07-12','fge564564','dby5546',NULL,NULL,NULL,NULL,NULL,NULL,NULL,NULL,NULL,NULL,0,0,NULL,NULL,NULL,NULL,0,NULL,0,NULL,0,NULL,NULL,NULL,NULL,NULL,NULL,NULL,NULL,NULL,NULL,'W2',NULL,NULL,NULL,NULL,NULL,NULL,NULL,1,0,'0001-01-01 00:00:00',2),(41,'JB10','Jason',NULL,'Button','Jason Button','1965-08-11','5654364567','456747dhgdh',NULL,NULL,NULL,NULL,NULL,NULL,NULL,NULL,NULL,NULL,0,0,NULL,NULL,NULL,NULL,0,NULL,0,NULL,0,0.4800,0.4800,0.4800,0.2700,0.2700,0.2700,NULL,NULL,NULL,NULL,'W2',NULL,NULL,NULL,NULL,NULL,NULL,NULL,1,0,'2017-08-09 20:07:54',3),(42,NULL,'Natalya',NULL,'Koziak','driver_Natalya_Koziak',NULL,NULL,NULL,NULL,NULL,NULL,NULL,NULL,NULL,NULL,NULL,NULL,NULL,0,0,NULL,NULL,NULL,NULL,0,NULL,0,NULL,0,NULL,NULL,NULL,NULL,NULL,NULL,NULL,NULL,NULL,NULL,NULL,NULL,NULL,NULL,NULL,NULL,NULL,NULL,0,1,'2017-09-04 13:00:57',4),(43,NULL,'Jon',NULL,'Ewings','driver_Jon_Ewings',NULL,NULL,NULL,NULL,NULL,NULL,NULL,NULL,NULL,NULL,NULL,NULL,NULL,0,0,NULL,NULL,NULL,NULL,0,NULL,0,NULL,0,NULL,NULL,NULL,NULL,NULL,NULL,NULL,NULL,NULL,NULL,NULL,NULL,NULL,NULL,NULL,NULL,NULL,NULL,0,1,'2017-09-04 13:00:57',4),(44,NULL,'Ethel',NULL,'Antley','driver_Ethel_Antley',NULL,NULL,NULL,NULL,NULL,NULL,NULL,NULL,NULL,NULL,NULL,NULL,NULL,0,0,NULL,NULL,NULL,NULL,0,NULL,0,NULL,0,NULL,NULL,NULL,NULL,NULL,NULL,NULL,NULL,NULL,NULL,NULL,NULL,NULL,NULL,NULL,NULL,NULL,NULL,0,1,'2017-09-04 13:00:57',4),(45,NULL,'Isis',NULL,'Cothern','driver_Isis_Cothern',NULL,NULL,NULL,NULL,NULL,NULL,NULL,NULL,NULL,NULL,NULL,NULL,NULL,0,0,NULL,NULL,NULL,NULL,0,NULL,0,NULL,0,NULL,NULL,NULL,NULL,NULL,NULL,NULL,NULL,NULL,NULL,NULL,NULL,NULL,NULL,NULL,NULL,NULL,NULL,0,1,'2017-09-04 13:00:57',4),(46,NULL,'Nathan',NULL,'Shawnee','driver_Nathan_Shawnee',NULL,NULL,NULL,NULL,NULL,NULL,NULL,NULL,NULL,NULL,NULL,NULL,NULL,0,0,NULL,NULL,NULL,NULL,0,NULL,0,NULL,0,NULL,NULL,NULL,NULL,NULL,NULL,NULL,NULL,NULL,NULL,NULL,NULL,NULL,NULL,NULL,NULL,NULL,NULL,0,1,'2017-09-04 13:00:57',4),(47,NULL,'Rhea',NULL,'Leasure','driver_Rhea_Leasure',NULL,NULL,NULL,NULL,NULL,NULL,NULL,NULL,NULL,NULL,NULL,NULL,NULL,0,0,NULL,NULL,NULL,NULL,0,NULL,0,NULL,0,NULL,NULL,NULL,NULL,NULL,NULL,NULL,NULL,NULL,NULL,NULL,NULL,NULL,NULL,NULL,NULL,NULL,NULL,0,1,'2017-09-04 13:00:57',4),(48,NULL,'Petra',NULL,'Sakshaug','driver_Petra_Sakshaug',NULL,NULL,NULL,NULL,NULL,NULL,NULL,NULL,NULL,NULL,NULL,NULL,NULL,0,0,NULL,NULL,NULL,NULL,0,NULL,0,NULL,0,NULL,NULL,NULL,NULL,NULL,NULL,NULL,NULL,NULL,NULL,NULL,NULL,NULL,NULL,NULL,NULL,NULL,NULL,0,1,'2017-09-04 13:00:57',4),(49,NULL,'Asha',NULL,'Disilvestro','driver_Asha_Disilvestro',NULL,NULL,NULL,NULL,NULL,NULL,NULL,NULL,NULL,NULL,NULL,NULL,NULL,0,0,NULL,NULL,NULL,NULL,0,NULL,0,NULL,0,NULL,NULL,NULL,NULL,NULL,NULL,NULL,NULL,NULL,NULL,NULL,NULL,NULL,NULL,NULL,NULL,NULL,NULL,0,1,'2017-09-04 13:00:57',4),(50,NULL,'Janessa',NULL,'Hazlip','driver_Janessa_Hazlip',NULL,NULL,NULL,NULL,NULL,NULL,NULL,NULL,NULL,NULL,NULL,NULL,NULL,0,0,NULL,NULL,NULL,NULL,0,NULL,0,NULL,0,NULL,NULL,NULL,NULL,NULL,NULL,NULL,NULL,NULL,NULL,NULL,NULL,NULL,NULL,NULL,NULL,NULL,NULL,0,1,'2017-09-04 13:00:57',4),(51,NULL,'Alisa',NULL,'Mantz','driver_Alisa_Mantz',NULL,NULL,NULL,NULL,NULL,NULL,NULL,NULL,NULL,NULL,NULL,NULL,NULL,0,0,NULL,NULL,NULL,NULL,0,NULL,0,NULL,0,NULL,NULL,NULL,NULL,NULL,NULL,NULL,NULL,NULL,NULL,NULL,NULL,NULL,NULL,NULL,NULL,NULL,NULL,0,1,'2017-09-04 13:00:57',4),(52,NULL,'Karlyn',NULL,'Mock','driver_Karlyn_Mock',NULL,NULL,NULL,NULL,NULL,NULL,NULL,NULL,NULL,NULL,NULL,NULL,NULL,0,0,NULL,NULL,NULL,NULL,0,NULL,0,NULL,0,NULL,NULL,NULL,NULL,NULL,NULL,NULL,NULL,NULL,NULL,NULL,NULL,NULL,NULL,NULL,NULL,NULL,NULL,0,1,'2017-09-04 13:04:23',5),(53,NULL,'Bennett',NULL,'Gemmill','driver_Bennett_Gemmill',NULL,NULL,NULL,NULL,NULL,NULL,NULL,NULL,NULL,NULL,NULL,NULL,NULL,0,0,NULL,NULL,NULL,NULL,0,NULL,0,NULL,0,NULL,NULL,NULL,NULL,NULL,NULL,NULL,NULL,NULL,NULL,NULL,NULL,NULL,NULL,NULL,NULL,NULL,NULL,0,1,'2017-09-04 13:04:23',5),(54,NULL,'Ernestina',NULL,'Long','driver_Ernestina_Long',NULL,NULL,NULL,NULL,NULL,NULL,NULL,NULL,NULL,NULL,NULL,NULL,NULL,0,0,NULL,NULL,NULL,NULL,0,NULL,0,NULL,0,NULL,NULL,NULL,NULL,NULL,NULL,NULL,NULL,NULL,NULL,NULL,NULL,NULL,NULL,NULL,NULL,NULL,NULL,0,1,'2017-09-04 13:04:23',5),(55,NULL,'Lizzette',NULL,'Dern','driver_Lizzette_Dern',NULL,NULL,NULL,NULL,NULL,NULL,NULL,NULL,NULL,NULL,NULL,NULL,NULL,0,0,NULL,NULL,NULL,NULL,0,NULL,0,NULL,0,NULL,NULL,NULL,NULL,NULL,NULL,NULL,NULL,NULL,NULL,NULL,NULL,NULL,NULL,NULL,NULL,NULL,NULL,0,1,'2017-09-04 13:04:23',5),(56,NULL,'Irving',NULL,'Gonez','driver_Irving_Gonez',NULL,NULL,NULL,NULL,NULL,NULL,NULL,NULL,NULL,NULL,NULL,NULL,NULL,0,0,NULL,NULL,NULL,NULL,0,NULL,0,NULL,0,NULL,NULL,NULL,NULL,NULL,NULL,NULL,NULL,NULL,NULL,NULL,NULL,NULL,NULL,NULL,NULL,NULL,NULL,0,1,'2017-09-04 13:04:23',5),(57,NULL,'Winona',NULL,'Barraz','driver_Winona_Barraz',NULL,NULL,NULL,NULL,NULL,NULL,NULL,NULL,NULL,NULL,NULL,NULL,NULL,0,0,NULL,NULL,NULL,NULL,0,NULL,0,NULL,0,NULL,NULL,NULL,NULL,NULL,NULL,NULL,NULL,NULL,NULL,NULL,NULL,NULL,NULL,NULL,NULL,NULL,NULL,0,1,'2017-09-04 13:04:23',5),(58,NULL,'Araceli',NULL,'Fabrizius','driver_Araceli_Fabrizius',NULL,NULL,NULL,NULL,NULL,NULL,NULL,NULL,NULL,NULL,NULL,NULL,NULL,0,0,NULL,NULL,NULL,NULL,0,NULL,0,NULL,0,NULL,NULL,NULL,NULL,NULL,NULL,NULL,NULL,NULL,NULL,NULL,NULL,NULL,NULL,NULL,NULL,NULL,NULL,0,1,'2017-09-04 13:04:23',5),(59,NULL,'Bud',NULL,'Walby','driver_Bud_Walby',NULL,NULL,NULL,NULL,NULL,NULL,NULL,NULL,NULL,NULL,NULL,NULL,NULL,0,0,NULL,NULL,NULL,NULL,0,NULL,0,NULL,0,NULL,NULL,NULL,NULL,NULL,NULL,NULL,NULL,NULL,NULL,NULL,NULL,NULL,NULL,NULL,NULL,NULL,NULL,0,1,'2017-09-04 13:04:23',5),(60,NULL,'Victoria',NULL,'Peels','driver_Victoria_Peels',NULL,NULL,NULL,NULL,NULL,NULL,NULL,NULL,NULL,NULL,NULL,NULL,NULL,0,0,NULL,NULL,NULL,NULL,0,NULL,0,NULL,0,NULL,NULL,NULL,NULL,NULL,NULL,NULL,NULL,NULL,NULL,NULL,NULL,NULL,NULL,NULL,NULL,NULL,NULL,0,1,'2017-09-04 13:04:23',5),(61,NULL,'Rich',NULL,'Gasman','driver_Rich_Gasman',NULL,NULL,NULL,NULL,NULL,NULL,NULL,NULL,NULL,NULL,NULL,NULL,NULL,0,0,NULL,NULL,NULL,NULL,0,NULL,0,NULL,0,NULL,NULL,NULL,NULL,NULL,NULL,NULL,NULL,NULL,NULL,NULL,NULL,NULL,NULL,NULL,NULL,NULL,NULL,0,1,'2017-09-04 13:04:23',5),(62,NULL,'Shanti',NULL,'Tsuji','driver_Shanti_Tsuji',NULL,NULL,NULL,NULL,NULL,NULL,NULL,NULL,NULL,NULL,NULL,NULL,NULL,0,0,NULL,NULL,NULL,NULL,0,NULL,0,NULL,0,NULL,NULL,NULL,NULL,NULL,NULL,NULL,NULL,NULL,NULL,NULL,NULL,NULL,NULL,NULL,NULL,NULL,NULL,0,1,'2017-09-04 13:13:12',6),(63,NULL,'Cristine',NULL,'Mosbrucker','driver_Cristine_Mosbrucker',NULL,NULL,NULL,NULL,NULL,NULL,NULL,NULL,NULL,NULL,NULL,NULL,NULL,0,0,NULL,NULL,NULL,NULL,0,NULL,0,NULL,0,NULL,NULL,NULL,NULL,NULL,NULL,NULL,NULL,NULL,NULL,NULL,NULL,NULL,NULL,NULL,NULL,NULL,NULL,0,1,'2017-09-04 13:13:12',6),(64,NULL,'Vikki',NULL,'Richberg','driver_Vikki_Richberg',NULL,NULL,NULL,NULL,NULL,NULL,NULL,NULL,NULL,NULL,NULL,NULL,NULL,0,0,NULL,NULL,NULL,NULL,0,NULL,0,NULL,0,NULL,NULL,NULL,NULL,NULL,NULL,NULL,NULL,NULL,NULL,NULL,NULL,NULL,NULL,NULL,NULL,NULL,NULL,0,1,'2017-09-04 13:13:12',6),(65,NULL,'Emerson',NULL,'Soderblom','driver_Emerson_Soderblom',NULL,NULL,NULL,NULL,NULL,NULL,NULL,NULL,NULL,NULL,NULL,NULL,NULL,0,0,NULL,NULL,NULL,NULL,0,NULL,0,NULL,0,NULL,NULL,NULL,NULL,NULL,NULL,NULL,NULL,NULL,NULL,NULL,NULL,NULL,NULL,NULL,NULL,NULL,NULL,0,1,'2017-09-04 13:13:12',6),(66,NULL,'Hosea',NULL,'Mcelfresh','driver_Hosea_Mcelfresh',NULL,NULL,NULL,NULL,NULL,NULL,NULL,NULL,NULL,NULL,NULL,NULL,NULL,0,0,NULL,NULL,NULL,NULL,0,NULL,0,NULL,0,NULL,NULL,NULL,NULL,NULL,NULL,NULL,NULL,NULL,NULL,NULL,NULL,NULL,NULL,NULL,NULL,NULL,NULL,0,1,'2017-09-04 13:13:12',6),(67,NULL,'Lloyd',NULL,'Celestine','driver_Lloyd_Celestine',NULL,NULL,NULL,NULL,NULL,NULL,NULL,NULL,NULL,NULL,NULL,NULL,NULL,0,0,NULL,NULL,NULL,NULL,0,NULL,0,NULL,0,NULL,NULL,NULL,NULL,NULL,NULL,NULL,NULL,NULL,NULL,NULL,NULL,NULL,NULL,NULL,NULL,NULL,NULL,0,1,'2017-09-04 13:13:12',6),(68,NULL,'Lauralee',NULL,'Fland','driver_Lauralee_Fland',NULL,NULL,NULL,NULL,NULL,NULL,NULL,NULL,NULL,NULL,NULL,NULL,NULL,0,0,NULL,NULL,NULL,NULL,0,NULL,0,NULL,0,NULL,NULL,NULL,NULL,NULL,NULL,NULL,NULL,NULL,NULL,NULL,NULL,NULL,NULL,NULL,NULL,NULL,NULL,0,1,'2017-09-04 13:13:12',6),(69,NULL,'Venice',NULL,'Carper','driver_Venice_Carper',NULL,NULL,NULL,NULL,NULL,NULL,NULL,NULL,NULL,NULL,NULL,NULL,NULL,0,0,NULL,NULL,NULL,NULL,0,NULL,0,NULL,0,NULL,NULL,NULL,NULL,NULL,NULL,NULL,NULL,NULL,NULL,NULL,NULL,NULL,NULL,NULL,NULL,NULL,NULL,0,1,'2017-09-04 13:13:12',6),(70,NULL,'Brian',NULL,'Palovick','driver_Brian_Palovick',NULL,NULL,NULL,NULL,NULL,NULL,NULL,NULL,NULL,NULL,NULL,NULL,NULL,0,0,NULL,NULL,NULL,NULL,0,NULL,0,NULL,0,NULL,NULL,NULL,NULL,NULL,NULL,NULL,NULL,NULL,NULL,NULL,NULL,NULL,NULL,NULL,NULL,NULL,NULL,0,1,'2017-09-04 13:13:12',6),(71,NULL,'Carrol',NULL,'Pallone','driver_Carrol_Pallone',NULL,NULL,NULL,NULL,NULL,NULL,NULL,NULL,NULL,NULL,NULL,NULL,NULL,0,0,NULL,NULL,NULL,NULL,0,NULL,0,NULL,0,NULL,NULL,NULL,NULL,NULL,NULL,NULL,NULL,NULL,NULL,NULL,NULL,NULL,NULL,NULL,NULL,NULL,NULL,0,1,'2017-09-04 13:13:12',6),(72,NULL,'Bertie',NULL,'Krebbs','driver_Bertie_Krebbs',NULL,NULL,NULL,NULL,NULL,NULL,NULL,NULL,NULL,NULL,NULL,NULL,NULL,0,0,NULL,NULL,NULL,NULL,0,NULL,0,NULL,0,NULL,NULL,NULL,NULL,NULL,NULL,NULL,NULL,NULL,NULL,NULL,NULL,NULL,NULL,NULL,NULL,NULL,NULL,0,1,'2017-09-04 13:27:19',7),(73,NULL,'Ross',NULL,'Mulryan','driver_Ross_Mulryan',NULL,NULL,NULL,NULL,NULL,NULL,NULL,NULL,NULL,NULL,NULL,NULL,NULL,0,0,NULL,NULL,NULL,NULL,0,NULL,0,NULL,0,NULL,NULL,NULL,NULL,NULL,NULL,NULL,NULL,NULL,NULL,NULL,NULL,NULL,NULL,NULL,NULL,NULL,NULL,0,1,'2017-09-04 13:27:19',7),(74,NULL,'Eddie',NULL,'Dehl','driver_Eddie_Dehl',NULL,NULL,NULL,NULL,NULL,NULL,NULL,NULL,NULL,NULL,NULL,NULL,NULL,0,0,NULL,NULL,NULL,NULL,0,NULL,0,NULL,0,NULL,NULL,NULL,NULL,NULL,NULL,NULL,NULL,NULL,NULL,NULL,NULL,NULL,NULL,NULL,NULL,NULL,NULL,0,1,'2017-09-04 13:27:19',7),(75,NULL,'Jarrod',NULL,'Hillsgrove','driver_Jarrod_Hillsgrove',NULL,NULL,NULL,NULL,NULL,NULL,NULL,NULL,NULL,NULL,NULL,NULL,NULL,0,0,NULL,NULL,NULL,NULL,0,NULL,0,NULL,0,NULL,NULL,NULL,NULL,NULL,NULL,NULL,NULL,NULL,NULL,NULL,NULL,NULL,NULL,NULL,NULL,NULL,NULL,0,1,'2017-09-04 13:27:19',7),(76,NULL,'Colton',NULL,'Lookadoo','driver_Colton_Lookadoo',NULL,NULL,NULL,NULL,NULL,NULL,NULL,NULL,NULL,NULL,NULL,NULL,NULL,0,0,NULL,NULL,NULL,NULL,0,NULL,0,NULL,0,NULL,NULL,NULL,NULL,NULL,NULL,NULL,NULL,NULL,NULL,NULL,NULL,NULL,NULL,NULL,NULL,NULL,NULL,0,1,'2017-09-04 13:27:19',7),(77,NULL,'Timika',NULL,'Morthland','driver_Timika_Morthland',NULL,NULL,NULL,NULL,NULL,NULL,NULL,NULL,NULL,NULL,NULL,NULL,NULL,0,0,NULL,NULL,NULL,NULL,0,NULL,0,NULL,0,NULL,NULL,NULL,NULL,NULL,NULL,NULL,NULL,NULL,NULL,NULL,NULL,NULL,NULL,NULL,NULL,NULL,NULL,0,1,'2017-09-04 13:27:19',7),(78,NULL,'Benton',NULL,'Pavloski','driver_Benton_Pavloski',NULL,NULL,NULL,NULL,NULL,NULL,NULL,NULL,NULL,NULL,NULL,NULL,NULL,0,0,NULL,NULL,NULL,NULL,0,NULL,0,NULL,0,NULL,NULL,NULL,NULL,NULL,NULL,NULL,NULL,NULL,NULL,NULL,NULL,NULL,NULL,NULL,NULL,NULL,NULL,0,1,'2017-09-04 13:27:19',7),(79,NULL,'Marilou',NULL,'Dayal','driver_Marilou_Dayal',NULL,NULL,NULL,NULL,NULL,NULL,NULL,NULL,NULL,NULL,NULL,NULL,NULL,0,0,NULL,NULL,NULL,NULL,0,NULL,0,NULL,0,NULL,NULL,NULL,NULL,NULL,NULL,NULL,NULL,NULL,NULL,NULL,NULL,NULL,NULL,NULL,NULL,NULL,NULL,0,1,'2017-09-04 13:27:19',7),(80,NULL,'Ta',NULL,'Tkacik','driver_Ta_Tkacik',NULL,NULL,NULL,NULL,NULL,NULL,NULL,NULL,NULL,NULL,NULL,NULL,NULL,0,0,NULL,NULL,NULL,NULL,0,NULL,0,NULL,0,NULL,NULL,NULL,NULL,NULL,NULL,NULL,NULL,NULL,NULL,NULL,NULL,NULL,NULL,NULL,NULL,NULL,NULL,0,1,'2017-09-04 13:27:19',7),(81,NULL,'Hortencia',NULL,'Pfingsten','driver_Hortencia_Pfingsten',NULL,NULL,NULL,NULL,NULL,NULL,NULL,NULL,NULL,NULL,NULL,NULL,NULL,0,0,NULL,NULL,NULL,NULL,0,NULL,0,NULL,0,NULL,NULL,NULL,NULL,NULL,NULL,NULL,NULL,NULL,NULL,NULL,NULL,NULL,NULL,NULL,NULL,NULL,NULL,0,1,'2017-09-04 13:27:19',7),(82,NULL,'Geraldo',NULL,'Curreri','driver_Geraldo_Curreri',NULL,NULL,NULL,NULL,NULL,NULL,NULL,NULL,NULL,NULL,NULL,NULL,NULL,0,0,NULL,NULL,NULL,NULL,0,NULL,0,NULL,0,NULL,NULL,NULL,NULL,NULL,NULL,NULL,NULL,NULL,NULL,NULL,NULL,NULL,NULL,NULL,NULL,NULL,NULL,0,1,'2017-09-04 13:46:46',8),(83,NULL,'Elmo',NULL,'Dad','driver_Elmo_Dad',NULL,NULL,NULL,NULL,NULL,NULL,NULL,NULL,NULL,NULL,NULL,NULL,NULL,0,0,NULL,NULL,NULL,NULL,0,NULL,0,NULL,0,NULL,NULL,NULL,NULL,NULL,NULL,NULL,NULL,NULL,NULL,NULL,NULL,NULL,NULL,NULL,NULL,NULL,NULL,0,1,'2017-09-04 13:46:46',8),(84,NULL,'Jesse',NULL,'Neighbors','driver_Jesse_Neighbors',NULL,NULL,NULL,NULL,NULL,NULL,NULL,NULL,NULL,NULL,NULL,NULL,NULL,0,0,NULL,NULL,NULL,NULL,0,NULL,0,NULL,0,NULL,NULL,NULL,NULL,NULL,NULL,NULL,NULL,NULL,NULL,NULL,NULL,NULL,NULL,NULL,NULL,NULL,NULL,0,1,'2017-09-04 13:46:46',8),(85,NULL,'Ivory',NULL,'Baessler','driver_Ivory_Baessler',NULL,NULL,NULL,NULL,NULL,NULL,NULL,NULL,NULL,NULL,NULL,NULL,NULL,0,0,NULL,NULL,NULL,NULL,0,NULL,0,NULL,0,NULL,NULL,NULL,NULL,NULL,NULL,NULL,NULL,NULL,NULL,NULL,NULL,NULL,NULL,NULL,NULL,NULL,NULL,0,1,'2017-09-04 13:46:46',8),(86,NULL,'Shanika',NULL,'Cesena','driver_Shanika_Cesena',NULL,NULL,NULL,NULL,NULL,NULL,NULL,NULL,NULL,NULL,NULL,NULL,NULL,0,0,NULL,NULL,NULL,NULL,0,NULL,0,NULL,0,NULL,NULL,NULL,NULL,NULL,NULL,NULL,NULL,NULL,NULL,NULL,NULL,NULL,NULL,NULL,NULL,NULL,NULL,0,1,'2017-09-04 13:46:46',8),(87,NULL,'Ozell',NULL,'Siverling','driver_Ozell_Siverling',NULL,NULL,NULL,NULL,NULL,NULL,NULL,NULL,NULL,NULL,NULL,NULL,NULL,0,0,NULL,NULL,NULL,NULL,0,NULL,0,NULL,0,NULL,NULL,NULL,NULL,NULL,NULL,NULL,NULL,NULL,NULL,NULL,NULL,NULL,NULL,NULL,NULL,NULL,NULL,0,1,'2017-09-04 13:46:46',8),(88,NULL,'Louis',NULL,'Odgers','driver_Louis_Odgers',NULL,NULL,NULL,NULL,NULL,NULL,NULL,NULL,NULL,NULL,NULL,NULL,NULL,0,0,NULL,NULL,NULL,NULL,0,NULL,0,NULL,0,NULL,NULL,NULL,NULL,NULL,NULL,NULL,NULL,NULL,NULL,NULL,NULL,NULL,NULL,NULL,NULL,NULL,NULL,0,1,'2017-09-04 13:46:46',8),(89,NULL,'Tommie',NULL,'Giguere','driver_Tommie_Giguere',NULL,NULL,NULL,NULL,NULL,NULL,NULL,NULL,NULL,NULL,NULL,NULL,NULL,0,0,NULL,NULL,NULL,NULL,0,NULL,0,NULL,0,NULL,NULL,NULL,NULL,NULL,NULL,NULL,NULL,NULL,NULL,NULL,NULL,NULL,NULL,NULL,NULL,NULL,NULL,0,1,'2017-09-04 13:46:46',8),(90,NULL,'Roxanna',NULL,'Hlavka','driver_Roxanna_Hlavka',NULL,NULL,NULL,NULL,NULL,NULL,NULL,NULL,NULL,NULL,NULL,NULL,NULL,0,0,NULL,NULL,NULL,NULL,0,NULL,0,NULL,0,NULL,NULL,NULL,NULL,NULL,NULL,NULL,NULL,NULL,NULL,NULL,NULL,NULL,NULL,NULL,NULL,NULL,NULL,0,1,'2017-09-04 13:46:46',8),(91,NULL,'Reid',NULL,'Robinso','driver_Reid_Robinso',NULL,NULL,NULL,NULL,NULL,NULL,NULL,NULL,NULL,NULL,NULL,NULL,NULL,0,0,NULL,NULL,NULL,NULL,0,NULL,0,NULL,0,NULL,NULL,NULL,NULL,NULL,NULL,NULL,NULL,NULL,NULL,NULL,NULL,NULL,NULL,NULL,NULL,NULL,NULL,0,1,'2017-09-04 13:46:46',8),(92,NULL,'Miles',NULL,'Galentine','driver_Miles_Galentine',NULL,NULL,NULL,NULL,NULL,NULL,NULL,NULL,NULL,NULL,NULL,NULL,NULL,0,0,NULL,NULL,NULL,NULL,0,NULL,0,NULL,0,NULL,NULL,NULL,NULL,NULL,NULL,NULL,NULL,NULL,NULL,NULL,NULL,NULL,NULL,NULL,NULL,NULL,NULL,0,1,'2017-09-04 14:11:14',9),(93,NULL,'Marc',NULL,'Askiew','driver_Marc_Askiew',NULL,NULL,NULL,NULL,NULL,NULL,NULL,NULL,NULL,NULL,NULL,NULL,NULL,0,0,NULL,NULL,NULL,NULL,0,NULL,0,NULL,0,NULL,NULL,NULL,NULL,NULL,NULL,NULL,NULL,NULL,NULL,NULL,NULL,NULL,NULL,NULL,NULL,NULL,NULL,0,1,'2017-09-04 14:11:14',9),(94,NULL,'Tracy',NULL,'Schepens','driver_Tracy_Schepens',NULL,NULL,NULL,NULL,NULL,NULL,NULL,NULL,NULL,NULL,NULL,NULL,NULL,0,0,NULL,NULL,NULL,NULL,0,NULL,0,NULL,0,NULL,NULL,NULL,NULL,NULL,NULL,NULL,NULL,NULL,NULL,NULL,NULL,NULL,NULL,NULL,NULL,NULL,NULL,0,1,'2017-09-04 14:11:14',9),(95,NULL,'Fausto',NULL,'Kearley','driver_Fausto_Kearley',NULL,NULL,NULL,NULL,NULL,NULL,NULL,NULL,NULL,NULL,NULL,NULL,NULL,0,0,NULL,NULL,NULL,NULL,0,NULL,0,NULL,0,NULL,NULL,NULL,NULL,NULL,NULL,NULL,NULL,NULL,NULL,NULL,NULL,NULL,NULL,NULL,NULL,NULL,NULL,0,1,'2017-09-04 14:11:14',9),(96,NULL,'Fletcher',NULL,'Cervone','driver_Fletcher_Cervone',NULL,NULL,NULL,NULL,NULL,NULL,NULL,NULL,NULL,NULL,NULL,NULL,NULL,0,0,NULL,NULL,NULL,NULL,0,NULL,0,NULL,0,NULL,NULL,NULL,NULL,NULL,NULL,NULL,NULL,NULL,NULL,NULL,NULL,NULL,NULL,NULL,NULL,NULL,NULL,0,1,'2017-09-04 14:11:14',9),(97,NULL,'Soila',NULL,'Jorda','driver_Soila_Jorda',NULL,NULL,NULL,NULL,NULL,NULL,NULL,NULL,NULL,NULL,NULL,NULL,NULL,0,0,NULL,NULL,NULL,NULL,0,NULL,0,NULL,0,NULL,NULL,NULL,NULL,NULL,NULL,NULL,NULL,NULL,NULL,NULL,NULL,NULL,NULL,NULL,NULL,NULL,NULL,0,1,'2017-09-04 14:11:14',9),(98,NULL,'Julius',NULL,'Mciwraith','driver_Julius_Mciwraith',NULL,NULL,NULL,NULL,NULL,NULL,NULL,NULL,NULL,NULL,NULL,NULL,NULL,0,0,NULL,NULL,NULL,NULL,0,NULL,0,NULL,0,NULL,NULL,NULL,NULL,NULL,NULL,NULL,NULL,NULL,NULL,NULL,NULL,NULL,NULL,NULL,NULL,NULL,NULL,0,1,'2017-09-04 14:11:14',9),(99,NULL,'Sadie',NULL,'Lahey','driver_Sadie_Lahey',NULL,NULL,NULL,NULL,NULL,NULL,NULL,NULL,NULL,NULL,NULL,NULL,NULL,0,0,NULL,NULL,NULL,NULL,0,NULL,0,NULL,0,NULL,NULL,NULL,NULL,NULL,NULL,NULL,NULL,NULL,NULL,NULL,NULL,NULL,NULL,NULL,NULL,NULL,NULL,0,1,'2017-09-04 14:11:14',9),(100,NULL,'Carly',NULL,'Mannan','driver_Carly_Mannan',NULL,NULL,NULL,NULL,NULL,NULL,NULL,NULL,NULL,NULL,NULL,NULL,NULL,0,0,NULL,NULL,NULL,NULL,0,NULL,0,NULL,0,NULL,NULL,NULL,NULL,NULL,NULL,NULL,NULL,NULL,NULL,NULL,NULL,NULL,NULL,NULL,NULL,NULL,NULL,0,1,'2017-09-04 14:11:14',9),(101,NULL,'Russel',NULL,'Dishinger','driver_Russel_Dishinger',NULL,NULL,NULL,NULL,NULL,NULL,NULL,NULL,NULL,NULL,NULL,NULL,NULL,0,0,NULL,NULL,NULL,NULL,0,NULL,0,NULL,0,NULL,NULL,NULL,NULL,NULL,NULL,NULL,NULL,NULL,NULL,NULL,NULL,NULL,NULL,NULL,NULL,NULL,NULL,0,1,'2017-09-04 14:11:14',9),(102,NULL,'Brandee',NULL,'Sumatzkuku','driver_Brandee_Sumatzkuku',NULL,NULL,NULL,NULL,NULL,NULL,NULL,NULL,NULL,NULL,NULL,NULL,NULL,0,0,NULL,NULL,NULL,NULL,0,NULL,0,NULL,0,NULL,NULL,NULL,NULL,NULL,NULL,NULL,NULL,NULL,NULL,NULL,NULL,NULL,NULL,NULL,NULL,NULL,NULL,0,1,'2017-09-04 14:40:50',10),(103,NULL,'Gretta',NULL,'Marinello','driver_Gretta_Marinello',NULL,NULL,NULL,NULL,NULL,NULL,NULL,NULL,NULL,NULL,NULL,NULL,NULL,0,0,NULL,NULL,NULL,NULL,0,NULL,0,NULL,0,NULL,NULL,NULL,NULL,NULL,NULL,NULL,NULL,NULL,NULL,NULL,NULL,NULL,NULL,NULL,NULL,NULL,NULL,0,1,'2017-09-04 14:40:50',10),(104,NULL,'Janette',NULL,'Chiong','driver_Janette_Chiong',NULL,NULL,NULL,NULL,NULL,NULL,NULL,NULL,NULL,NULL,NULL,NULL,NULL,0,0,NULL,NULL,NULL,NULL,0,NULL,0,NULL,0,NULL,NULL,NULL,NULL,NULL,NULL,NULL,NULL,NULL,NULL,NULL,NULL,NULL,NULL,NULL,NULL,NULL,NULL,0,1,'2017-09-04 14:40:50',10),(105,NULL,'Kieth',NULL,'Durett','driver_Kieth_Durett',NULL,NULL,NULL,NULL,NULL,NULL,NULL,NULL,NULL,NULL,NULL,NULL,NULL,0,0,NULL,NULL,NULL,NULL,0,NULL,0,NULL,0,NULL,NULL,NULL,NULL,NULL,NULL,NULL,NULL,NULL,NULL,NULL,NULL,NULL,NULL,NULL,NULL,NULL,NULL,0,1,'2017-09-04 14:40:50',10),(106,NULL,'Mariann',NULL,'Bahadue','driver_Mariann_Bahadue',NULL,NULL,NULL,NULL,NULL,NULL,NULL,NULL,NULL,NULL,NULL,NULL,NULL,0,0,NULL,NULL,NULL,NULL,0,NULL,0,NULL,0,NULL,NULL,NULL,NULL,NULL,NULL,NULL,NULL,NULL,NULL,NULL,NULL,NULL,NULL,NULL,NULL,NULL,NULL,0,1,'2017-09-04 14:40:50',10),(107,NULL,'Jada',NULL,'Roseland','driver_Jada_Roseland',NULL,NULL,NULL,NULL,NULL,NULL,NULL,NULL,NULL,NULL,NULL,NULL,NULL,0,0,NULL,NULL,NULL,NULL,0,NULL,0,NULL,0,NULL,NULL,NULL,NULL,NULL,NULL,NULL,NULL,NULL,NULL,NULL,NULL,NULL,NULL,NULL,NULL,NULL,NULL,0,1,'2017-09-04 14:40:50',10),(108,NULL,'Lourie',NULL,'Ference','driver_Lourie_Ference',NULL,NULL,NULL,NULL,NULL,NULL,NULL,NULL,NULL,NULL,NULL,NULL,NULL,0,0,NULL,NULL,NULL,NULL,0,NULL,0,NULL,0,NULL,NULL,NULL,NULL,NULL,NULL,NULL,NULL,NULL,NULL,NULL,NULL,NULL,NULL,NULL,NULL,NULL,NULL,0,1,'2017-09-04 14:40:50',10),(109,NULL,'Michale',NULL,'Infantino','driver_Michale_Infantino',NULL,NULL,NULL,NULL,NULL,NULL,NULL,NULL,NULL,NULL,NULL,NULL,NULL,0,0,NULL,NULL,NULL,NULL,0,NULL,0,NULL,0,NULL,NULL,NULL,NULL,NULL,NULL,NULL,NULL,NULL,NULL,NULL,NULL,NULL,NULL,NULL,NULL,NULL,NULL,0,1,'2017-09-04 14:40:50',10),(110,NULL,'Eunice',NULL,'Gelormino','driver_Eunice_Gelormino',NULL,NULL,NULL,NULL,NULL,NULL,NULL,NULL,NULL,NULL,NULL,NULL,NULL,0,0,NULL,NULL,NULL,NULL,0,NULL,0,NULL,0,NULL,NULL,NULL,NULL,NULL,NULL,NULL,NULL,NULL,NULL,NULL,NULL,NULL,NULL,NULL,NULL,NULL,NULL,0,1,'2017-09-04 14:40:50',10),(111,NULL,'Felton',NULL,'Jolla','driver_Felton_Jolla',NULL,NULL,NULL,NULL,NULL,NULL,NULL,NULL,NULL,NULL,NULL,NULL,NULL,0,0,NULL,NULL,NULL,NULL,0,NULL,0,NULL,0,NULL,NULL,NULL,NULL,NULL,NULL,NULL,NULL,NULL,NULL,NULL,NULL,NULL,NULL,NULL,NULL,NULL,NULL,0,1,'2017-09-04 14:40:50',10),(112,NULL,'Chad',NULL,'Krahulec','driver_Chad_Krahulec',NULL,NULL,NULL,NULL,NULL,NULL,NULL,NULL,NULL,NULL,NULL,NULL,NULL,0,0,NULL,NULL,NULL,NULL,0,NULL,0,NULL,0,NULL,NULL,NULL,NULL,NULL,NULL,NULL,NULL,NULL,NULL,NULL,NULL,NULL,NULL,NULL,NULL,NULL,NULL,0,1,'2017-09-04 15:16:06',11),(113,NULL,'Denisse',NULL,'Fauteux','driver_Denisse_Fauteux',NULL,NULL,NULL,NULL,NULL,NULL,NULL,NULL,NULL,NULL,NULL,NULL,NULL,0,0,NULL,NULL,NULL,NULL,0,NULL,0,NULL,0,NULL,NULL,NULL,NULL,NULL,NULL,NULL,NULL,NULL,NULL,NULL,NULL,NULL,NULL,NULL,NULL,NULL,NULL,0,1,'2017-09-04 15:16:06',11),(114,NULL,'Glenn',NULL,'Rogosky','driver_Glenn_Rogosky',NULL,NULL,NULL,NULL,NULL,NULL,NULL,NULL,NULL,NULL,NULL,NULL,NULL,0,0,NULL,NULL,NULL,NULL,0,NULL,0,NULL,0,NULL,NULL,NULL,NULL,NULL,NULL,NULL,NULL,NULL,NULL,NULL,NULL,NULL,NULL,NULL,NULL,NULL,NULL,0,1,'2017-09-04 15:16:06',11),(115,NULL,'Bart',NULL,'Pih','driver_Bart_Pih',NULL,NULL,NULL,NULL,NULL,NULL,NULL,NULL,NULL,NULL,NULL,NULL,NULL,0,0,NULL,NULL,NULL,NULL,0,NULL,0,NULL,0,NULL,NULL,NULL,NULL,NULL,NULL,NULL,NULL,NULL,NULL,NULL,NULL,NULL,NULL,NULL,NULL,NULL,NULL,0,1,'2017-09-04 15:16:06',11),(116,NULL,'Louis',NULL,'Sario','driver_Louis_Sario',NULL,NULL,NULL,NULL,NULL,NULL,NULL,NULL,NULL,NULL,NULL,NULL,NULL,0,0,NULL,NULL,NULL,NULL,0,NULL,0,NULL,0,NULL,NULL,NULL,NULL,NULL,NULL,NULL,NULL,NULL,NULL,NULL,NULL,NULL,NULL,NULL,NULL,NULL,NULL,0,1,'2017-09-04 15:16:06',11),(117,NULL,'Titus',NULL,'Weirick','driver_Titus_Weirick',NULL,NULL,NULL,NULL,NULL,NULL,NULL,NULL,NULL,NULL,NULL,NULL,NULL,0,0,NULL,NULL,NULL,NULL,0,NULL,0,NULL,0,NULL,NULL,NULL,NULL,NULL,NULL,NULL,NULL,NULL,NULL,NULL,NULL,NULL,NULL,NULL,NULL,NULL,NULL,0,1,'2017-09-04 15:16:06',11),(118,NULL,'Valentin',NULL,'Trac','driver_Valentin_Trac',NULL,NULL,NULL,NULL,NULL,NULL,NULL,NULL,NULL,NULL,NULL,NULL,NULL,0,0,NULL,NULL,NULL,NULL,0,NULL,0,NULL,0,NULL,NULL,NULL,NULL,NULL,NULL,NULL,NULL,NULL,NULL,NULL,NULL,NULL,NULL,NULL,NULL,NULL,NULL,0,1,'2017-09-04 15:16:06',11),(119,NULL,'Steve',NULL,'Klinck','driver_Steve_Klinck',NULL,NULL,NULL,NULL,NULL,NULL,NULL,NULL,NULL,NULL,NULL,NULL,NULL,0,0,NULL,NULL,NULL,NULL,0,NULL,0,NULL,0,NULL,NULL,NULL,NULL,NULL,NULL,NULL,NULL,NULL,NULL,NULL,NULL,NULL,NULL,NULL,NULL,NULL,NULL,0,1,'2017-09-04 15:16:06',11),(120,NULL,'Dave',NULL,'Arguin','driver_Dave_Arguin',NULL,NULL,NULL,NULL,NULL,NULL,NULL,NULL,NULL,NULL,NULL,NULL,NULL,0,0,NULL,NULL,NULL,NULL,0,NULL,0,NULL,0,NULL,NULL,NULL,NULL,NULL,NULL,NULL,NULL,NULL,NULL,NULL,NULL,NULL,NULL,NULL,NULL,NULL,NULL,0,1,'2017-09-04 15:16:06',11),(121,NULL,'Melissa',NULL,'Mordan','driver_Melissa_Mordan',NULL,NULL,NULL,NULL,NULL,NULL,NULL,NULL,NULL,NULL,NULL,NULL,NULL,0,0,NULL,NULL,NULL,NULL,0,NULL,0,NULL,0,NULL,NULL,NULL,NULL,NULL,NULL,NULL,NULL,NULL,NULL,NULL,NULL,NULL,NULL,NULL,NULL,NULL,NULL,0,1,'2017-09-04 15:16:06',11),(122,NULL,'Alyson',NULL,'Bjorklund','driver_Alyson_Bjorklund',NULL,NULL,NULL,NULL,NULL,NULL,NULL,NULL,NULL,NULL,NULL,NULL,NULL,0,0,NULL,NULL,NULL,NULL,0,NULL,0,NULL,0,NULL,NULL,NULL,NULL,NULL,NULL,NULL,NULL,NULL,NULL,NULL,NULL,NULL,NULL,NULL,NULL,NULL,NULL,0,1,'2017-09-04 15:56:26',12),(123,NULL,'Valencia',NULL,'Hachey','driver_Valencia_Hachey',NULL,NULL,NULL,NULL,NULL,NULL,NULL,NULL,NULL,NULL,NULL,NULL,NULL,0,0,NULL,NULL,NULL,NULL,0,NULL,0,NULL,0,NULL,NULL,NULL,NULL,NULL,NULL,NULL,NULL,NULL,NULL,NULL,NULL,NULL,NULL,NULL,NULL,NULL,NULL,0,1,'2017-09-04 15:56:26',12),(124,NULL,'Donnell',NULL,'Matier','driver_Donnell_Matier',NULL,NULL,NULL,NULL,NULL,NULL,NULL,NULL,NULL,NULL,NULL,NULL,NULL,0,0,NULL,NULL,NULL,NULL,0,NULL,0,NULL,0,NULL,NULL,NULL,NULL,NULL,NULL,NULL,NULL,NULL,NULL,NULL,NULL,NULL,NULL,NULL,NULL,NULL,NULL,0,1,'2017-09-04 15:56:26',12),(125,NULL,'Eddie',NULL,'Akiona','driver_Eddie_Akiona',NULL,NULL,NULL,NULL,NULL,NULL,NULL,NULL,NULL,NULL,NULL,NULL,NULL,0,0,NULL,NULL,NULL,NULL,0,NULL,0,NULL,0,NULL,NULL,NULL,NULL,NULL,NULL,NULL,NULL,NULL,NULL,NULL,NULL,NULL,NULL,NULL,NULL,NULL,NULL,0,1,'2017-09-04 15:56:26',12),(126,NULL,'Bradly',NULL,'Mathiasen','driver_Bradly_Mathiasen',NULL,NULL,NULL,NULL,NULL,NULL,NULL,NULL,NULL,NULL,NULL,NULL,NULL,0,0,NULL,NULL,NULL,NULL,0,NULL,0,NULL,0,NULL,NULL,NULL,NULL,NULL,NULL,NULL,NULL,NULL,NULL,NULL,NULL,NULL,NULL,NULL,NULL,NULL,NULL,0,1,'2017-09-04 15:56:26',12),(127,NULL,'Connie',NULL,'Silverthorn','driver_Connie_Silverthorn',NULL,NULL,NULL,NULL,NULL,NULL,NULL,NULL,NULL,NULL,NULL,NULL,NULL,0,0,NULL,NULL,NULL,NULL,0,NULL,0,NULL,0,NULL,NULL,NULL,NULL,NULL,NULL,NULL,NULL,NULL,NULL,NULL,NULL,NULL,NULL,NULL,NULL,NULL,NULL,0,1,'2017-09-04 15:56:26',12),(128,NULL,'Beau',NULL,'Rouhoff','driver_Beau_Rouhoff',NULL,NULL,NULL,NULL,NULL,NULL,NULL,NULL,NULL,NULL,NULL,NULL,NULL,0,0,NULL,NULL,NULL,NULL,0,NULL,0,NULL,0,NULL,NULL,NULL,NULL,NULL,NULL,NULL,NULL,NULL,NULL,NULL,NULL,NULL,NULL,NULL,NULL,NULL,NULL,0,1,'2017-09-04 15:56:26',12),(129,NULL,'Phillip',NULL,'Steinbrenner','driver_Phillip_Steinbrenner',NULL,NULL,NULL,NULL,NULL,NULL,NULL,NULL,NULL,NULL,NULL,NULL,NULL,0,0,NULL,NULL,NULL,NULL,0,NULL,0,NULL,0,NULL,NULL,NULL,NULL,NULL,NULL,NULL,NULL,NULL,NULL,NULL,NULL,NULL,NULL,NULL,NULL,NULL,NULL,0,1,'2017-09-04 15:56:26',12),(130,NULL,'Florentina',NULL,'Rumley','driver_Florentina_Rumley',NULL,NULL,NULL,NULL,NULL,NULL,NULL,NULL,NULL,NULL,NULL,NULL,NULL,0,0,NULL,NULL,NULL,NULL,0,NULL,0,NULL,0,NULL,NULL,NULL,NULL,NULL,NULL,NULL,NULL,NULL,NULL,NULL,NULL,NULL,NULL,NULL,NULL,NULL,NULL,0,1,'2017-09-04 15:56:26',12),(131,NULL,'Imogene',NULL,'Manske','driver_Imogene_Manske',NULL,NULL,NULL,NULL,NULL,NULL,NULL,NULL,NULL,NULL,NULL,NULL,NULL,0,0,NULL,NULL,NULL,NULL,0,NULL,0,NULL,0,NULL,NULL,NULL,NULL,NULL,NULL,NULL,NULL,NULL,NULL,NULL,NULL,NULL,NULL,NULL,NULL,NULL,NULL,0,1,'2017-09-04 15:56:26',12),(132,NULL,'Bruno',NULL,'Seddon','driver_Bruno_Seddon',NULL,NULL,NULL,NULL,NULL,NULL,NULL,NULL,NULL,NULL,NULL,NULL,NULL,0,0,NULL,NULL,NULL,NULL,0,NULL,0,NULL,0,NULL,NULL,NULL,NULL,NULL,NULL,NULL,NULL,NULL,NULL,NULL,NULL,NULL,NULL,NULL,NULL,NULL,NULL,0,1,'2017-09-04 16:42:07',13),(133,NULL,'Elmer',NULL,'Talat','driver_Elmer_Talat',NULL,NULL,NULL,NULL,NULL,NULL,NULL,NULL,NULL,NULL,NULL,NULL,NULL,0,0,NULL,NULL,NULL,NULL,0,NULL,0,NULL,0,NULL,NULL,NULL,NULL,NULL,NULL,NULL,NULL,NULL,NULL,NULL,NULL,NULL,NULL,NULL,NULL,NULL,NULL,0,1,'2017-09-04 16:42:07',13),(134,NULL,'Marcela',NULL,'Ashauer','driver_Marcela_Ashauer',NULL,NULL,NULL,NULL,NULL,NULL,NULL,NULL,NULL,NULL,NULL,NULL,NULL,0,0,NULL,NULL,NULL,NULL,0,NULL,0,NULL,0,NULL,NULL,NULL,NULL,NULL,NULL,NULL,NULL,NULL,NULL,NULL,NULL,NULL,NULL,NULL,NULL,NULL,NULL,0,1,'2017-09-04 16:42:07',13),(135,NULL,'Marry',NULL,'Fayer','driver_Marry_Fayer',NULL,NULL,NULL,NULL,NULL,NULL,NULL,NULL,NULL,NULL,NULL,NULL,NULL,0,0,NULL,NULL,NULL,NULL,0,NULL,0,NULL,0,NULL,NULL,NULL,NULL,NULL,NULL,NULL,NULL,NULL,NULL,NULL,NULL,NULL,NULL,NULL,NULL,NULL,NULL,0,1,'2017-09-04 16:42:07',13),(136,NULL,'Britta',NULL,'Vandorp','driver_Britta_Vandorp',NULL,NULL,NULL,NULL,NULL,NULL,NULL,NULL,NULL,NULL,NULL,NULL,NULL,0,0,NULL,NULL,NULL,NULL,0,NULL,0,NULL,0,NULL,NULL,NULL,NULL,NULL,NULL,NULL,NULL,NULL,NULL,NULL,NULL,NULL,NULL,NULL,NULL,NULL,NULL,0,1,'2017-09-04 16:42:07',13),(137,NULL,'Cleotilde',NULL,'Lett','driver_Cleotilde_Lett',NULL,NULL,NULL,NULL,NULL,NULL,NULL,NULL,NULL,NULL,NULL,NULL,NULL,0,0,NULL,NULL,NULL,NULL,0,NULL,0,NULL,0,NULL,NULL,NULL,NULL,NULL,NULL,NULL,NULL,NULL,NULL,NULL,NULL,NULL,NULL,NULL,NULL,NULL,NULL,0,1,'2017-09-04 16:42:07',13),(138,NULL,'Scott',NULL,'Pavlov','driver_Scott_Pavlov',NULL,NULL,NULL,NULL,NULL,NULL,NULL,NULL,NULL,NULL,NULL,NULL,NULL,0,0,NULL,NULL,NULL,NULL,0,NULL,0,NULL,0,NULL,NULL,NULL,NULL,NULL,NULL,NULL,NULL,NULL,NULL,NULL,NULL,NULL,NULL,NULL,NULL,NULL,NULL,0,1,'2017-09-04 16:42:07',13),(139,NULL,'Moshe',NULL,'Didio','driver_Moshe_Didio',NULL,NULL,NULL,NULL,NULL,NULL,NULL,NULL,NULL,NULL,NULL,NULL,NULL,0,0,NULL,NULL,NULL,NULL,0,NULL,0,NULL,0,NULL,NULL,NULL,NULL,NULL,NULL,NULL,NULL,NULL,NULL,NULL,NULL,NULL,NULL,NULL,NULL,NULL,NULL,0,1,'2017-09-04 16:42:07',13),(140,NULL,'Laci',NULL,'Laginess','driver_Laci_Laginess',NULL,NULL,NULL,NULL,NULL,NULL,NULL,NULL,NULL,NULL,NULL,NULL,NULL,0,0,NULL,NULL,NULL,NULL,0,NULL,0,NULL,0,NULL,NULL,NULL,NULL,NULL,NULL,NULL,NULL,NULL,NULL,NULL,NULL,NULL,NULL,NULL,NULL,NULL,NULL,0,1,'2017-09-04 16:42:07',13),(141,NULL,'Cathey',NULL,'Bullert','driver_Cathey_Bullert',NULL,NULL,NULL,NULL,NULL,NULL,NULL,NULL,NULL,NULL,NULL,NULL,NULL,0,0,NULL,NULL,NULL,NULL,0,NULL,0,NULL,0,NULL,NULL,NULL,NULL,NULL,NULL,NULL,NULL,NULL,NULL,NULL,NULL,NULL,NULL,NULL,NULL,NULL,NULL,0,1,'2017-09-04 16:42:07',13),(142,NULL,'Abraham',NULL,'Castelhano','driver_Abraham_Castelhano',NULL,NULL,NULL,NULL,NULL,NULL,NULL,NULL,NULL,NULL,NULL,NULL,NULL,0,0,NULL,NULL,NULL,NULL,0,NULL,0,NULL,0,NULL,NULL,NULL,NULL,NULL,NULL,NULL,NULL,NULL,NULL,NULL,NULL,NULL,NULL,NULL,NULL,NULL,NULL,0,1,'2017-09-04 17:32:42',14),(143,NULL,'Adan',NULL,'Ket','driver_Adan_Ket',NULL,NULL,NULL,NULL,NULL,NULL,NULL,NULL,NULL,NULL,NULL,NULL,NULL,0,0,NULL,NULL,NULL,NULL,0,NULL,0,NULL,0,NULL,NULL,NULL,NULL,NULL,NULL,NULL,NULL,NULL,NULL,NULL,NULL,NULL,NULL,NULL,NULL,NULL,NULL,0,1,'2017-09-04 17:32:42',14),(144,NULL,'Takako',NULL,'Napier','driver_Takako_Napier',NULL,NULL,NULL,NULL,NULL,NULL,NULL,NULL,NULL,NULL,NULL,NULL,NULL,0,0,NULL,NULL,NULL,NULL,0,NULL,0,NULL,0,NULL,NULL,NULL,NULL,NULL,NULL,NULL,NULL,NULL,NULL,NULL,NULL,NULL,NULL,NULL,NULL,NULL,NULL,0,1,'2017-09-04 17:32:42',14),(145,NULL,'Hanh',NULL,'Drullard','driver_Hanh_Drullard',NULL,NULL,NULL,NULL,NULL,NULL,NULL,NULL,NULL,NULL,NULL,NULL,NULL,0,0,NULL,NULL,NULL,NULL,0,NULL,0,NULL,0,NULL,NULL,NULL,NULL,NULL,NULL,NULL,NULL,NULL,NULL,NULL,NULL,NULL,NULL,NULL,NULL,NULL,NULL,0,1,'2017-09-04 17:32:42',14),(146,NULL,'Nichelle',NULL,'Dooling','driver_Nichelle_Dooling',NULL,NULL,NULL,NULL,NULL,NULL,NULL,NULL,NULL,NULL,NULL,NULL,NULL,0,0,NULL,NULL,NULL,NULL,0,NULL,0,NULL,0,NULL,NULL,NULL,NULL,NULL,NULL,NULL,NULL,NULL,NULL,NULL,NULL,NULL,NULL,NULL,NULL,NULL,NULL,0,1,'2017-09-04 17:32:42',14),(147,NULL,'Christene',NULL,'Hatt','driver_Christene_Hatt',NULL,NULL,NULL,NULL,NULL,NULL,NULL,NULL,NULL,NULL,NULL,NULL,NULL,0,0,NULL,NULL,NULL,NULL,0,NULL,0,NULL,0,NULL,NULL,NULL,NULL,NULL,NULL,NULL,NULL,NULL,NULL,NULL,NULL,NULL,NULL,NULL,NULL,NULL,NULL,0,1,'2017-09-04 17:32:42',14),(148,NULL,'Dorsey',NULL,'Skogstad','driver_Dorsey_Skogstad',NULL,NULL,NULL,NULL,NULL,NULL,NULL,NULL,NULL,NULL,NULL,NULL,NULL,0,0,NULL,NULL,NULL,NULL,0,NULL,0,NULL,0,NULL,NULL,NULL,NULL,NULL,NULL,NULL,NULL,NULL,NULL,NULL,NULL,NULL,NULL,NULL,NULL,NULL,NULL,0,1,'2017-09-04 17:32:42',14),(149,NULL,'Heriberto',NULL,'Markell','driver_Heriberto_Markell',NULL,NULL,NULL,NULL,NULL,NULL,NULL,NULL,NULL,NULL,NULL,NULL,NULL,0,0,NULL,NULL,NULL,NULL,0,NULL,0,NULL,0,NULL,NULL,NULL,NULL,NULL,NULL,NULL,NULL,NULL,NULL,NULL,NULL,NULL,NULL,NULL,NULL,NULL,NULL,0,1,'2017-09-04 17:32:42',14),(150,NULL,'Ben',NULL,'Claycomb','driver_Ben_Claycomb',NULL,NULL,NULL,NULL,NULL,NULL,NULL,NULL,NULL,NULL,NULL,NULL,NULL,0,0,NULL,NULL,NULL,NULL,0,NULL,0,NULL,0,NULL,NULL,NULL,NULL,NULL,NULL,NULL,NULL,NULL,NULL,NULL,NULL,NULL,NULL,NULL,NULL,NULL,NULL,0,1,'2017-09-04 17:32:42',14),(151,NULL,'Zachary',NULL,'Meryman','driver_Zachary_Meryman',NULL,NULL,NULL,NULL,NULL,NULL,NULL,NULL,NULL,NULL,NULL,NULL,NULL,0,0,NULL,NULL,NULL,NULL,0,NULL,0,NULL,0,NULL,NULL,NULL,NULL,NULL,NULL,NULL,NULL,NULL,NULL,NULL,NULL,NULL,NULL,NULL,NULL,NULL,NULL,0,1,'2017-09-04 17:32:42',14),(152,NULL,'Lorrie',NULL,'Piedra','driver_Lorrie_Piedra',NULL,NULL,NULL,NULL,NULL,NULL,NULL,NULL,NULL,NULL,NULL,NULL,NULL,0,0,NULL,NULL,NULL,NULL,0,NULL,0,NULL,0,NULL,NULL,NULL,NULL,NULL,NULL,NULL,NULL,NULL,NULL,NULL,NULL,NULL,NULL,NULL,NULL,NULL,NULL,0,1,'2017-09-04 18:29:20',15),(153,NULL,'Teddy',NULL,'Rama','driver_Teddy_Rama',NULL,NULL,NULL,NULL,NULL,NULL,NULL,NULL,NULL,NULL,NULL,NULL,NULL,0,0,NULL,NULL,NULL,NULL,0,NULL,0,NULL,0,NULL,NULL,NULL,NULL,NULL,NULL,NULL,NULL,NULL,NULL,NULL,NULL,NULL,NULL,NULL,NULL,NULL,NULL,0,1,'2017-09-04 18:29:20',15),(154,NULL,'Ivory',NULL,'Malinak','driver_Ivory_Malinak',NULL,NULL,NULL,NULL,NULL,NULL,NULL,NULL,NULL,NULL,NULL,NULL,NULL,0,0,NULL,NULL,NULL,NULL,0,NULL,0,NULL,0,NULL,NULL,NULL,NULL,NULL,NULL,NULL,NULL,NULL,NULL,NULL,NULL,NULL,NULL,NULL,NULL,NULL,NULL,0,1,'2017-09-04 18:29:20',15),(155,NULL,'Cinthia',NULL,'Grams','driver_Cinthia_Grams',NULL,NULL,NULL,NULL,NULL,NULL,NULL,NULL,NULL,NULL,NULL,NULL,NULL,0,0,NULL,NULL,NULL,NULL,0,NULL,0,NULL,0,NULL,NULL,NULL,NULL,NULL,NULL,NULL,NULL,NULL,NULL,NULL,NULL,NULL,NULL,NULL,NULL,NULL,NULL,0,1,'2017-09-04 18:29:20',15),(156,NULL,'Rosana',NULL,'Sardi','driver_Rosana_Sardi',NULL,NULL,NULL,NULL,NULL,NULL,NULL,NULL,NULL,NULL,NULL,NULL,NULL,0,0,NULL,NULL,NULL,NULL,0,NULL,0,NULL,0,NULL,NULL,NULL,NULL,NULL,NULL,NULL,NULL,NULL,NULL,NULL,NULL,NULL,NULL,NULL,NULL,NULL,NULL,0,1,'2017-09-04 18:29:20',15),(157,NULL,'Marlin',NULL,'Weinfurter','driver_Marlin_Weinfurter',NULL,NULL,NULL,NULL,NULL,NULL,NULL,NULL,NULL,NULL,NULL,NULL,NULL,0,0,NULL,NULL,NULL,NULL,0,NULL,0,NULL,0,NULL,NULL,NULL,NULL,NULL,NULL,NULL,NULL,NULL,NULL,NULL,NULL,NULL,NULL,NULL,NULL,NULL,NULL,0,1,'2017-09-04 18:29:20',15),(158,NULL,'Ronna',NULL,'Flaim','driver_Ronna_Flaim',NULL,NULL,NULL,NULL,NULL,NULL,NULL,NULL,NULL,NULL,NULL,NULL,NULL,0,0,NULL,NULL,NULL,NULL,0,NULL,0,NULL,0,NULL,NULL,NULL,NULL,NULL,NULL,NULL,NULL,NULL,NULL,NULL,NULL,NULL,NULL,NULL,NULL,NULL,NULL,0,1,'2017-09-04 18:29:20',15),(159,NULL,'Franklin',NULL,'Rasanen','driver_Franklin_Rasanen',NULL,NULL,NULL,NULL,NULL,NULL,NULL,NULL,NULL,NULL,NULL,NULL,NULL,0,0,NULL,NULL,NULL,NULL,0,NULL,0,NULL,0,NULL,NULL,NULL,NULL,NULL,NULL,NULL,NULL,NULL,NULL,NULL,NULL,NULL,NULL,NULL,NULL,NULL,NULL,0,1,'2017-09-04 18:29:20',15),(160,NULL,'Marion',NULL,'Feltmann','driver_Marion_Feltmann',NULL,NULL,NULL,NULL,NULL,NULL,NULL,NULL,NULL,NULL,NULL,NULL,NULL,0,0,NULL,NULL,NULL,NULL,0,NULL,0,NULL,0,NULL,NULL,NULL,NULL,NULL,NULL,NULL,NULL,NULL,NULL,NULL,NULL,NULL,NULL,NULL,NULL,NULL,NULL,0,1,'2017-09-04 18:29:20',15),(161,NULL,'Eva',NULL,'Feagins','driver_Eva_Feagins',NULL,NULL,NULL,NULL,NULL,NULL,NULL,NULL,NULL,NULL,NULL,NULL,NULL,0,0,NULL,NULL,NULL,NULL,0,NULL,0,NULL,0,NULL,NULL,NULL,NULL,NULL,NULL,NULL,NULL,NULL,NULL,NULL,NULL,NULL,NULL,NULL,NULL,NULL,NULL,0,1,'2017-09-04 18:29:20',15),(162,NULL,'Thomas',NULL,'Lubbers','driver_Thomas_Lubbers',NULL,NULL,NULL,NULL,NULL,NULL,NULL,NULL,NULL,NULL,NULL,NULL,NULL,0,0,NULL,NULL,NULL,NULL,0,NULL,0,NULL,0,NULL,NULL,NULL,NULL,NULL,NULL,NULL,NULL,NULL,NULL,NULL,NULL,NULL,NULL,NULL,NULL,NULL,NULL,0,1,'2017-09-04 19:31:09',16),(163,NULL,'Portia',NULL,'Zuccaro','driver_Portia_Zuccaro',NULL,NULL,NULL,NULL,NULL,NULL,NULL,NULL,NULL,NULL,NULL,NULL,NULL,0,0,NULL,NULL,NULL,NULL,0,NULL,0,NULL,0,NULL,NULL,NULL,NULL,NULL,NULL,NULL,NULL,NULL,NULL,NULL,NULL,NULL,NULL,NULL,NULL,NULL,NULL,0,1,'2017-09-04 19:31:09',16),(164,NULL,'Krystle',NULL,'Martin','driver_Krystle_Martin',NULL,NULL,NULL,NULL,NULL,NULL,NULL,NULL,NULL,NULL,NULL,NULL,NULL,0,0,NULL,NULL,NULL,NULL,0,NULL,0,NULL,0,NULL,NULL,NULL,NULL,NULL,NULL,NULL,NULL,NULL,NULL,NULL,NULL,NULL,NULL,NULL,NULL,NULL,NULL,0,1,'2017-09-04 19:31:09',16),(165,NULL,'Octavia',NULL,'Farrant','driver_Octavia_Farrant',NULL,NULL,NULL,NULL,NULL,NULL,NULL,NULL,NULL,NULL,NULL,NULL,NULL,0,0,NULL,NULL,NULL,NULL,0,NULL,0,NULL,0,NULL,NULL,NULL,NULL,NULL,NULL,NULL,NULL,NULL,NULL,NULL,NULL,NULL,NULL,NULL,NULL,NULL,NULL,0,1,'2017-09-04 19:31:09',16),(166,NULL,'Chang',NULL,'Mckeand','driver_Chang_Mckeand',NULL,NULL,NULL,NULL,NULL,NULL,NULL,NULL,NULL,NULL,NULL,NULL,NULL,0,0,NULL,NULL,NULL,NULL,0,NULL,0,NULL,0,NULL,NULL,NULL,NULL,NULL,NULL,NULL,NULL,NULL,NULL,NULL,NULL,NULL,NULL,NULL,NULL,NULL,NULL,0,1,'2017-09-04 19:31:09',16),(167,NULL,'Tim',NULL,'Steckler','driver_Tim_Steckler',NULL,NULL,NULL,NULL,NULL,NULL,NULL,NULL,NULL,NULL,NULL,NULL,NULL,0,0,NULL,NULL,NULL,NULL,0,NULL,0,NULL,0,NULL,NULL,NULL,NULL,NULL,NULL,NULL,NULL,NULL,NULL,NULL,NULL,NULL,NULL,NULL,NULL,NULL,NULL,0,1,'2017-09-04 19:31:09',16),(168,NULL,'Malinda',NULL,'Burross','driver_Malinda_Burross',NULL,NULL,NULL,NULL,NULL,NULL,NULL,NULL,NULL,NULL,NULL,NULL,NULL,0,0,NULL,NULL,NULL,NULL,0,NULL,0,NULL,0,NULL,NULL,NULL,NULL,NULL,NULL,NULL,NULL,NULL,NULL,NULL,NULL,NULL,NULL,NULL,NULL,NULL,NULL,0,1,'2017-09-04 19:31:09',16),(169,NULL,'Marchelle',NULL,'Clonch','driver_Marchelle_Clonch',NULL,NULL,NULL,NULL,NULL,NULL,NULL,NULL,NULL,NULL,NULL,NULL,NULL,0,0,NULL,NULL,NULL,NULL,0,NULL,0,NULL,0,NULL,NULL,NULL,NULL,NULL,NULL,NULL,NULL,NULL,NULL,NULL,NULL,NULL,NULL,NULL,NULL,NULL,NULL,0,1,'2017-09-04 19:31:09',16),(170,NULL,'Sharita',NULL,'Disilvestro','driver_Sharita_Disilvestro',NULL,NULL,NULL,NULL,NULL,NULL,NULL,NULL,NULL,NULL,NULL,NULL,NULL,0,0,NULL,NULL,NULL,NULL,0,NULL,0,NULL,0,NULL,NULL,NULL,NULL,NULL,NULL,NULL,NULL,NULL,NULL,NULL,NULL,NULL,NULL,NULL,NULL,NULL,NULL,0,1,'2017-09-04 19:31:09',16),(171,NULL,'Clair',NULL,'Collings','driver_Clair_Collings',NULL,NULL,NULL,NULL,NULL,NULL,NULL,NULL,NULL,NULL,NULL,NULL,NULL,0,0,NULL,NULL,NULL,NULL,0,NULL,0,NULL,0,NULL,NULL,NULL,NULL,NULL,NULL,NULL,NULL,NULL,NULL,NULL,NULL,NULL,NULL,NULL,NULL,NULL,NULL,0,1,'2017-09-04 19:31:09',16),(172,NULL,'Ezequiel',NULL,'Boucher','driver_Ezequiel_Boucher',NULL,NULL,NULL,NULL,NULL,NULL,NULL,NULL,NULL,NULL,NULL,NULL,NULL,0,0,NULL,NULL,NULL,NULL,0,NULL,0,NULL,0,NULL,NULL,NULL,NULL,NULL,NULL,NULL,NULL,NULL,NULL,NULL,NULL,NULL,NULL,NULL,NULL,NULL,NULL,0,1,'2017-09-04 20:38:20',17),(173,NULL,'Boris',NULL,'Hernanadez','driver_Boris_Hernanadez',NULL,NULL,NULL,NULL,NULL,NULL,NULL,NULL,NULL,NULL,NULL,NULL,NULL,0,0,NULL,NULL,NULL,NULL,0,NULL,0,NULL,0,NULL,NULL,NULL,NULL,NULL,NULL,NULL,NULL,NULL,NULL,NULL,NULL,NULL,NULL,NULL,NULL,NULL,NULL,0,1,'2017-09-04 20:38:20',17),(174,NULL,'Octavio',NULL,'Gaudioso','driver_Octavio_Gaudioso',NULL,NULL,NULL,NULL,NULL,NULL,NULL,NULL,NULL,NULL,NULL,NULL,NULL,0,0,NULL,NULL,NULL,NULL,0,NULL,0,NULL,0,NULL,NULL,NULL,NULL,NULL,NULL,NULL,NULL,NULL,NULL,NULL,NULL,NULL,NULL,NULL,NULL,NULL,NULL,0,1,'2017-09-04 20:38:20',17),(175,NULL,'Kandy',NULL,'Kaleiwahea','driver_Kandy_Kaleiwahea',NULL,NULL,NULL,NULL,NULL,NULL,NULL,NULL,NULL,NULL,NULL,NULL,NULL,0,0,NULL,NULL,NULL,NULL,0,NULL,0,NULL,0,NULL,NULL,NULL,NULL,NULL,NULL,NULL,NULL,NULL,NULL,NULL,NULL,NULL,NULL,NULL,NULL,NULL,NULL,0,1,'2017-09-04 20:38:20',17),(176,NULL,'Londa',NULL,'Kellin','driver_Londa_Kellin',NULL,NULL,NULL,NULL,NULL,NULL,NULL,NULL,NULL,NULL,NULL,NULL,NULL,0,0,NULL,NULL,NULL,NULL,0,NULL,0,NULL,0,NULL,NULL,NULL,NULL,NULL,NULL,NULL,NULL,NULL,NULL,NULL,NULL,NULL,NULL,NULL,NULL,NULL,NULL,0,1,'2017-09-04 20:38:20',17),(177,NULL,'Mohammad',NULL,'Verdejo','driver_Mohammad_Verdejo',NULL,NULL,NULL,NULL,NULL,NULL,NULL,NULL,NULL,NULL,NULL,NULL,NULL,0,0,NULL,NULL,NULL,NULL,0,NULL,0,NULL,0,NULL,NULL,NULL,NULL,NULL,NULL,NULL,NULL,NULL,NULL,NULL,NULL,NULL,NULL,NULL,NULL,NULL,NULL,0,1,'2017-09-04 20:38:20',17),(178,NULL,'Grazyna',NULL,'Willmes','driver_Grazyna_Willmes',NULL,NULL,NULL,NULL,NULL,NULL,NULL,NULL,NULL,NULL,NULL,NULL,NULL,0,0,NULL,NULL,NULL,NULL,0,NULL,0,NULL,0,NULL,NULL,NULL,NULL,NULL,NULL,NULL,NULL,NULL,NULL,NULL,NULL,NULL,NULL,NULL,NULL,NULL,NULL,0,1,'2017-09-04 20:38:20',17),(179,NULL,'Elisha',NULL,'Loken','driver_Elisha_Loken',NULL,NULL,NULL,NULL,NULL,NULL,NULL,NULL,NULL,NULL,NULL,NULL,NULL,0,0,NULL,NULL,NULL,NULL,0,NULL,0,NULL,0,NULL,NULL,NULL,NULL,NULL,NULL,NULL,NULL,NULL,NULL,NULL,NULL,NULL,NULL,NULL,NULL,NULL,NULL,0,1,'2017-09-04 20:38:20',17),(180,NULL,'Evan',NULL,'Herdes','driver_Evan_Herdes',NULL,NULL,NULL,NULL,NULL,NULL,NULL,NULL,NULL,NULL,NULL,NULL,NULL,0,0,NULL,NULL,NULL,NULL,0,NULL,0,NULL,0,NULL,NULL,NULL,NULL,NULL,NULL,NULL,NULL,NULL,NULL,NULL,NULL,NULL,NULL,NULL,NULL,NULL,NULL,0,1,'2017-09-04 20:38:20',17),(181,NULL,'Arminda',NULL,'Psilovikos','driver_Arminda_Psilovikos',NULL,NULL,NULL,NULL,NULL,NULL,NULL,NULL,NULL,NULL,NULL,NULL,NULL,0,0,NULL,NULL,NULL,NULL,0,NULL,0,NULL,0,NULL,NULL,NULL,NULL,NULL,NULL,NULL,NULL,NULL,NULL,NULL,NULL,NULL,NULL,NULL,NULL,NULL,NULL,0,1,'2017-09-04 20:38:20',17),(182,NULL,'Kaycee',NULL,'Kilarjian','driver_Kaycee_Kilarjian',NULL,NULL,NULL,NULL,NULL,NULL,NULL,NULL,NULL,NULL,NULL,NULL,NULL,0,0,NULL,NULL,NULL,NULL,0,NULL,0,NULL,0,NULL,NULL,NULL,NULL,NULL,NULL,NULL,NULL,NULL,NULL,NULL,NULL,NULL,NULL,NULL,NULL,NULL,NULL,0,1,'2017-09-04 21:50:33',18),(183,NULL,'Fidelia',NULL,'Grund','driver_Fidelia_Grund',NULL,NULL,NULL,NULL,NULL,NULL,NULL,NULL,NULL,NULL,NULL,NULL,NULL,0,0,NULL,NULL,NULL,NULL,0,NULL,0,NULL,0,NULL,NULL,NULL,NULL,NULL,NULL,NULL,NULL,NULL,NULL,NULL,NULL,NULL,NULL,NULL,NULL,NULL,NULL,0,1,'2017-09-04 21:50:33',18),(184,NULL,'Darron',NULL,'Farrin','driver_Darron_Farrin',NULL,NULL,NULL,NULL,NULL,NULL,NULL,NULL,NULL,NULL,NULL,NULL,NULL,0,0,NULL,NULL,NULL,NULL,0,NULL,0,NULL,0,NULL,NULL,NULL,NULL,NULL,NULL,NULL,NULL,NULL,NULL,NULL,NULL,NULL,NULL,NULL,NULL,NULL,NULL,0,1,'2017-09-04 21:50:33',18),(185,NULL,'Luz',NULL,'Menge','driver_Luz_Menge',NULL,NULL,NULL,NULL,NULL,NULL,NULL,NULL,NULL,NULL,NULL,NULL,NULL,0,0,NULL,NULL,NULL,NULL,0,NULL,0,NULL,0,NULL,NULL,NULL,NULL,NULL,NULL,NULL,NULL,NULL,NULL,NULL,NULL,NULL,NULL,NULL,NULL,NULL,NULL,0,1,'2017-09-04 21:50:33',18),(186,NULL,'Franklin',NULL,'Gibbons','driver_Franklin_Gibbons',NULL,NULL,NULL,NULL,NULL,NULL,NULL,NULL,NULL,NULL,NULL,NULL,NULL,0,0,NULL,NULL,NULL,NULL,0,NULL,0,NULL,0,NULL,NULL,NULL,NULL,NULL,NULL,NULL,NULL,NULL,NULL,NULL,NULL,NULL,NULL,NULL,NULL,NULL,NULL,0,1,'2017-09-04 21:50:33',18),(187,NULL,'Janetta',NULL,'Guinnip','driver_Janetta_Guinnip',NULL,NULL,NULL,NULL,NULL,NULL,NULL,NULL,NULL,NULL,NULL,NULL,NULL,0,0,NULL,NULL,NULL,NULL,0,NULL,0,NULL,0,NULL,NULL,NULL,NULL,NULL,NULL,NULL,NULL,NULL,NULL,NULL,NULL,NULL,NULL,NULL,NULL,NULL,NULL,0,1,'2017-09-04 21:50:33',18),(188,NULL,'Laurel',NULL,'Vandelaare','driver_Laurel_Vandelaare',NULL,NULL,NULL,NULL,NULL,NULL,NULL,NULL,NULL,NULL,NULL,NULL,NULL,0,0,NULL,NULL,NULL,NULL,0,NULL,0,NULL,0,NULL,NULL,NULL,NULL,NULL,NULL,NULL,NULL,NULL,NULL,NULL,NULL,NULL,NULL,NULL,NULL,NULL,NULL,0,1,'2017-09-04 21:50:33',18),(189,NULL,'Toshia',NULL,'Kerman','driver_Toshia_Kerman',NULL,NULL,NULL,NULL,NULL,NULL,NULL,NULL,NULL,NULL,NULL,NULL,NULL,0,0,NULL,NULL,NULL,NULL,0,NULL,0,NULL,0,NULL,NULL,NULL,NULL,NULL,NULL,NULL,NULL,NULL,NULL,NULL,NULL,NULL,NULL,NULL,NULL,NULL,NULL,0,1,'2017-09-04 21:50:33',18),(190,NULL,'Margart',NULL,'Hetchman','driver_Margart_Hetchman',NULL,NULL,NULL,NULL,NULL,NULL,NULL,NULL,NULL,NULL,NULL,NULL,NULL,0,0,NULL,NULL,NULL,NULL,0,NULL,0,NULL,0,NULL,NULL,NULL,NULL,NULL,NULL,NULL,NULL,NULL,NULL,NULL,NULL,NULL,NULL,NULL,NULL,NULL,NULL,0,1,'2017-09-04 21:50:33',18),(191,NULL,'Olene',NULL,'Deidrick','driver_Olene_Deidrick',NULL,NULL,NULL,NULL,NULL,NULL,NULL,NULL,NULL,NULL,NULL,NULL,NULL,0,0,NULL,NULL,NULL,NULL,0,NULL,0,NULL,0,NULL,NULL,NULL,NULL,NULL,NULL,NULL,NULL,NULL,NULL,NULL,NULL,NULL,NULL,NULL,NULL,NULL,NULL,0,1,'2017-09-04 21:50:33',18),(192,NULL,'Ethel',NULL,'Betita','driver_Ethel_Betita',NULL,NULL,NULL,NULL,NULL,NULL,NULL,NULL,NULL,NULL,NULL,NULL,NULL,0,0,NULL,NULL,NULL,NULL,0,NULL,0,NULL,0,NULL,NULL,NULL,NULL,NULL,NULL,NULL,NULL,NULL,NULL,NULL,NULL,NULL,NULL,NULL,NULL,NULL,NULL,0,1,'2017-09-04 23:07:55',19),(193,NULL,'Dane',NULL,'Fredericks','driver_Dane_Fredericks',NULL,NULL,NULL,NULL,NULL,NULL,NULL,NULL,NULL,NULL,NULL,NULL,NULL,0,0,NULL,NULL,NULL,NULL,0,NULL,0,NULL,0,NULL,NULL,NULL,NULL,NULL,NULL,NULL,NULL,NULL,NULL,NULL,NULL,NULL,NULL,NULL,NULL,NULL,NULL,0,1,'2017-09-04 23:07:55',19),(194,NULL,'Robyn',NULL,'Stegeman','driver_Robyn_Stegeman',NULL,NULL,NULL,NULL,NULL,NULL,NULL,NULL,NULL,NULL,NULL,NULL,NULL,0,0,NULL,NULL,NULL,NULL,0,NULL,0,NULL,0,NULL,NULL,NULL,NULL,NULL,NULL,NULL,NULL,NULL,NULL,NULL,NULL,NULL,NULL,NULL,NULL,NULL,NULL,0,1,'2017-09-04 23:07:55',19),(195,NULL,'Mohammad',NULL,'China','driver_Mohammad_China',NULL,NULL,NULL,NULL,NULL,NULL,NULL,NULL,NULL,NULL,NULL,NULL,NULL,0,0,NULL,NULL,NULL,NULL,0,NULL,0,NULL,0,NULL,NULL,NULL,NULL,NULL,NULL,NULL,NULL,NULL,NULL,NULL,NULL,NULL,NULL,NULL,NULL,NULL,NULL,0,1,'2017-09-04 23:07:55',19),(196,NULL,'Kera',NULL,'Ettienne','driver_Kera_Ettienne',NULL,NULL,NULL,NULL,NULL,NULL,NULL,NULL,NULL,NULL,NULL,NULL,NULL,0,0,NULL,NULL,NULL,NULL,0,NULL,0,NULL,0,NULL,NULL,NULL,NULL,NULL,NULL,NULL,NULL,NULL,NULL,NULL,NULL,NULL,NULL,NULL,NULL,NULL,NULL,0,1,'2017-09-04 23:07:55',19),(197,NULL,'Nidia',NULL,'Gallishaw','driver_Nidia_Gallishaw',NULL,NULL,NULL,NULL,NULL,NULL,NULL,NULL,NULL,NULL,NULL,NULL,NULL,0,0,NULL,NULL,NULL,NULL,0,NULL,0,NULL,0,NULL,NULL,NULL,NULL,NULL,NULL,NULL,NULL,NULL,NULL,NULL,NULL,NULL,NULL,NULL,NULL,NULL,NULL,0,1,'2017-09-04 23:07:55',19),(198,NULL,'Cecilia',NULL,'Worman','driver_Cecilia_Worman',NULL,NULL,NULL,NULL,NULL,NULL,NULL,NULL,NULL,NULL,NULL,NULL,NULL,0,0,NULL,NULL,NULL,NULL,0,NULL,0,NULL,0,NULL,NULL,NULL,NULL,NULL,NULL,NULL,NULL,NULL,NULL,NULL,NULL,NULL,NULL,NULL,NULL,NULL,NULL,0,1,'2017-09-04 23:07:55',19),(199,NULL,'Goldie',NULL,'Gruz','driver_Goldie_Gruz',NULL,NULL,NULL,NULL,NULL,NULL,NULL,NULL,NULL,NULL,NULL,NULL,NULL,0,0,NULL,NULL,NULL,NULL,0,NULL,0,NULL,0,NULL,NULL,NULL,NULL,NULL,NULL,NULL,NULL,NULL,NULL,NULL,NULL,NULL,NULL,NULL,NULL,NULL,NULL,0,1,'2017-09-04 23:07:55',19),(200,NULL,'Francis',NULL,'Nickle','driver_Francis_Nickle',NULL,NULL,NULL,NULL,NULL,NULL,NULL,NULL,NULL,NULL,NULL,NULL,NULL,0,0,NULL,NULL,NULL,NULL,0,NULL,0,NULL,0,NULL,NULL,NULL,NULL,NULL,NULL,NULL,NULL,NULL,NULL,NULL,NULL,NULL,NULL,NULL,NULL,NULL,NULL,0,1,'2017-09-04 23:07:55',19),(201,NULL,'Jacinta',NULL,'Dirkson','driver_Jacinta_Dirkson',NULL,NULL,NULL,NULL,NULL,NULL,NULL,NULL,NULL,NULL,NULL,NULL,NULL,0,0,NULL,NULL,NULL,NULL,0,NULL,0,NULL,0,NULL,NULL,NULL,NULL,NULL,NULL,NULL,NULL,NULL,NULL,NULL,NULL,NULL,NULL,NULL,NULL,NULL,NULL,0,1,'2017-09-04 23:07:55',19),(202,NULL,'Venice',NULL,'Hanek','driver_Venice_Hanek',NULL,NULL,NULL,NULL,NULL,NULL,NULL,NULL,NULL,NULL,NULL,NULL,NULL,0,0,NULL,NULL,NULL,NULL,0,NULL,0,NULL,0,NULL,NULL,NULL,NULL,NULL,NULL,NULL,NULL,NULL,NULL,NULL,NULL,NULL,NULL,NULL,NULL,NULL,NULL,0,1,'2017-09-05 00:30:34',20),(203,NULL,'Bobby',NULL,'Talent','driver_Bobby_Talent',NULL,NULL,NULL,NULL,NULL,NULL,NULL,NULL,NULL,NULL,NULL,NULL,NULL,0,0,NULL,NULL,NULL,NULL,0,NULL,0,NULL,0,NULL,NULL,NULL,NULL,NULL,NULL,NULL,NULL,NULL,NULL,NULL,NULL,NULL,NULL,NULL,NULL,NULL,NULL,0,1,'2017-09-05 00:30:34',20),(204,NULL,'Corazon',NULL,'Mccandless','driver_Corazon_Mccandless',NULL,NULL,NULL,NULL,NULL,NULL,NULL,NULL,NULL,NULL,NULL,NULL,NULL,0,0,NULL,NULL,NULL,NULL,0,NULL,0,NULL,0,NULL,NULL,NULL,NULL,NULL,NULL,NULL,NULL,NULL,NULL,NULL,NULL,NULL,NULL,NULL,NULL,NULL,NULL,0,1,'2017-09-05 00:30:34',20),(205,NULL,'Anthony',NULL,'Mcleland','driver_Anthony_Mcleland',NULL,NULL,NULL,NULL,NULL,NULL,NULL,NULL,NULL,NULL,NULL,NULL,NULL,0,0,NULL,NULL,NULL,NULL,0,NULL,0,NULL,0,NULL,NULL,NULL,NULL,NULL,NULL,NULL,NULL,NULL,NULL,NULL,NULL,NULL,NULL,NULL,NULL,NULL,NULL,0,1,'2017-09-05 00:30:34',20),(206,NULL,'Betsey',NULL,'Egerer','driver_Betsey_Egerer',NULL,NULL,NULL,NULL,NULL,NULL,NULL,NULL,NULL,NULL,NULL,NULL,NULL,0,0,NULL,NULL,NULL,NULL,0,NULL,0,NULL,0,NULL,NULL,NULL,NULL,NULL,NULL,NULL,NULL,NULL,NULL,NULL,NULL,NULL,NULL,NULL,NULL,NULL,NULL,0,1,'2017-09-05 00:30:34',20),(207,NULL,'Ismael',NULL,'Gaffey','driver_Ismael_Gaffey',NULL,NULL,NULL,NULL,NULL,NULL,NULL,NULL,NULL,NULL,NULL,NULL,NULL,0,0,NULL,NULL,NULL,NULL,0,NULL,0,NULL,0,NULL,NULL,NULL,NULL,NULL,NULL,NULL,NULL,NULL,NULL,NULL,NULL,NULL,NULL,NULL,NULL,NULL,NULL,0,1,'2017-09-05 00:30:34',20),(208,NULL,'Rochell',NULL,'Warton','driver_Rochell_Warton',NULL,NULL,NULL,NULL,NULL,NULL,NULL,NULL,NULL,NULL,NULL,NULL,NULL,0,0,NULL,NULL,NULL,NULL,0,NULL,0,NULL,0,NULL,NULL,NULL,NULL,NULL,NULL,NULL,NULL,NULL,NULL,NULL,NULL,NULL,NULL,NULL,NULL,NULL,NULL,0,1,'2017-09-05 00:30:34',20),(209,NULL,'Hugh',NULL,'Dodd','driver_Hugh_Dodd',NULL,NULL,NULL,NULL,NULL,NULL,NULL,NULL,NULL,NULL,NULL,NULL,NULL,0,0,NULL,NULL,NULL,NULL,0,NULL,0,NULL,0,NULL,NULL,NULL,NULL,NULL,NULL,NULL,NULL,NULL,NULL,NULL,NULL,NULL,NULL,NULL,NULL,NULL,NULL,0,1,'2017-09-05 00:30:34',20),(210,NULL,'Courtney',NULL,'Maslakowski','driver_Courtney_Maslakowski',NULL,NULL,NULL,NULL,NULL,NULL,NULL,NULL,NULL,NULL,NULL,NULL,NULL,0,0,NULL,NULL,NULL,NULL,0,NULL,0,NULL,0,NULL,NULL,NULL,NULL,NULL,NULL,NULL,NULL,NULL,NULL,NULL,NULL,NULL,NULL,NULL,NULL,NULL,NULL,0,1,'2017-09-05 00:30:34',20),(211,NULL,'Brendan',NULL,'Russomanno','driver_Brendan_Russomanno',NULL,NULL,NULL,NULL,NULL,NULL,NULL,NULL,NULL,NULL,NULL,NULL,NULL,0,0,NULL,NULL,NULL,NULL,0,NULL,0,NULL,0,NULL,NULL,NULL,NULL,NULL,NULL,NULL,NULL,NULL,NULL,NULL,NULL,NULL,NULL,NULL,NULL,NULL,NULL,0,1,'2017-09-05 00:30:34',20),(212,NULL,'Karyn',NULL,'Bells','driver_Karyn_Bells',NULL,NULL,NULL,NULL,NULL,NULL,NULL,NULL,NULL,NULL,NULL,NULL,NULL,0,0,NULL,NULL,NULL,NULL,0,NULL,0,NULL,0,NULL,NULL,NULL,NULL,NULL,NULL,NULL,NULL,NULL,NULL,NULL,NULL,NULL,NULL,NULL,NULL,NULL,NULL,0,1,'2017-09-05 01:58:43',21),(213,NULL,'Robin',NULL,'Morino','driver_Robin_Morino',NULL,NULL,NULL,NULL,NULL,NULL,NULL,NULL,NULL,NULL,NULL,NULL,NULL,0,0,NULL,NULL,NULL,NULL,0,NULL,0,NULL,0,NULL,NULL,NULL,NULL,NULL,NULL,NULL,NULL,NULL,NULL,NULL,NULL,NULL,NULL,NULL,NULL,NULL,NULL,0,1,'2017-09-05 01:58:43',21),(214,NULL,'Christen',NULL,'Busey','driver_Christen_Busey',NULL,NULL,NULL,NULL,NULL,NULL,NULL,NULL,NULL,NULL,NULL,NULL,NULL,0,0,NULL,NULL,NULL,NULL,0,NULL,0,NULL,0,NULL,NULL,NULL,NULL,NULL,NULL,NULL,NULL,NULL,NULL,NULL,NULL,NULL,NULL,NULL,NULL,NULL,NULL,0,1,'2017-09-05 01:58:43',21),(215,NULL,'Alene',NULL,'Bergmeier','driver_Alene_Bergmeier',NULL,NULL,NULL,NULL,NULL,NULL,NULL,NULL,NULL,NULL,NULL,NULL,NULL,0,0,NULL,NULL,NULL,NULL,0,NULL,0,NULL,0,NULL,NULL,NULL,NULL,NULL,NULL,NULL,NULL,NULL,NULL,NULL,NULL,NULL,NULL,NULL,NULL,NULL,NULL,0,1,'2017-09-05 01:58:43',21),(216,NULL,'Charlette',NULL,'Rickley','driver_Charlette_Rickley',NULL,NULL,NULL,NULL,NULL,NULL,NULL,NULL,NULL,NULL,NULL,NULL,NULL,0,0,NULL,NULL,NULL,NULL,0,NULL,0,NULL,0,NULL,NULL,NULL,NULL,NULL,NULL,NULL,NULL,NULL,NULL,NULL,NULL,NULL,NULL,NULL,NULL,NULL,NULL,0,1,'2017-09-05 01:58:43',21),(217,NULL,'Jonas',NULL,'Keledjian','driver_Jonas_Keledjian',NULL,NULL,NULL,NULL,NULL,NULL,NULL,NULL,NULL,NULL,NULL,NULL,NULL,0,0,NULL,NULL,NULL,NULL,0,NULL,0,NULL,0,NULL,NULL,NULL,NULL,NULL,NULL,NULL,NULL,NULL,NULL,NULL,NULL,NULL,NULL,NULL,NULL,NULL,NULL,0,1,'2017-09-05 01:58:43',21),(218,NULL,'Carroll',NULL,'Layssard','driver_Carroll_Layssard',NULL,NULL,NULL,NULL,NULL,NULL,NULL,NULL,NULL,NULL,NULL,NULL,NULL,0,0,NULL,NULL,NULL,NULL,0,NULL,0,NULL,0,NULL,NULL,NULL,NULL,NULL,NULL,NULL,NULL,NULL,NULL,NULL,NULL,NULL,NULL,NULL,NULL,NULL,NULL,0,1,'2017-09-05 01:58:43',21),(219,NULL,'Aldo',NULL,'Tonnar','driver_Aldo_Tonnar',NULL,NULL,NULL,NULL,NULL,NULL,NULL,NULL,NULL,NULL,NULL,NULL,NULL,0,0,NULL,NULL,NULL,NULL,0,NULL,0,NULL,0,NULL,NULL,NULL,NULL,NULL,NULL,NULL,NULL,NULL,NULL,NULL,NULL,NULL,NULL,NULL,NULL,NULL,NULL,0,1,'2017-09-05 01:58:43',21),(220,NULL,'Afton',NULL,'Brander','driver_Afton_Brander',NULL,NULL,NULL,NULL,NULL,NULL,NULL,NULL,NULL,NULL,NULL,NULL,NULL,0,0,NULL,NULL,NULL,NULL,0,NULL,0,NULL,0,NULL,NULL,NULL,NULL,NULL,NULL,NULL,NULL,NULL,NULL,NULL,NULL,NULL,NULL,NULL,NULL,NULL,NULL,0,1,'2017-09-05 01:58:43',21),(221,NULL,'Nickolas',NULL,'Gamet','driver_Nickolas_Gamet',NULL,NULL,NULL,NULL,NULL,NULL,NULL,NULL,NULL,NULL,NULL,NULL,NULL,0,0,NULL,NULL,NULL,NULL,0,NULL,0,NULL,0,NULL,NULL,NULL,NULL,NULL,NULL,NULL,NULL,NULL,NULL,NULL,NULL,NULL,NULL,NULL,NULL,NULL,NULL,0,1,'2017-09-05 01:58:43',21),(222,NULL,'Norberto',NULL,'Inghem','driver_Norberto_Inghem',NULL,NULL,NULL,NULL,NULL,NULL,NULL,NULL,NULL,NULL,NULL,NULL,NULL,0,0,NULL,NULL,NULL,NULL,0,NULL,0,NULL,0,NULL,NULL,NULL,NULL,NULL,NULL,NULL,NULL,NULL,NULL,NULL,NULL,NULL,NULL,NULL,NULL,NULL,NULL,0,1,'2017-09-05 03:31:55',22),(223,NULL,'Fidel',NULL,'Arismendez','driver_Fidel_Arismendez',NULL,NULL,NULL,NULL,NULL,NULL,NULL,NULL,NULL,NULL,NULL,NULL,NULL,0,0,NULL,NULL,NULL,NULL,0,NULL,0,NULL,0,NULL,NULL,NULL,NULL,NULL,NULL,NULL,NULL,NULL,NULL,NULL,NULL,NULL,NULL,NULL,NULL,NULL,NULL,0,1,'2017-09-05 03:31:55',22),(224,NULL,'Enedina',NULL,'Decio','driver_Enedina_Decio',NULL,NULL,NULL,NULL,NULL,NULL,NULL,NULL,NULL,NULL,NULL,NULL,NULL,0,0,NULL,NULL,NULL,NULL,0,NULL,0,NULL,0,NULL,NULL,NULL,NULL,NULL,NULL,NULL,NULL,NULL,NULL,NULL,NULL,NULL,NULL,NULL,NULL,NULL,NULL,0,1,'2017-09-05 03:31:55',22),(225,NULL,'Herta',NULL,'Mcspedon','driver_Herta_Mcspedon',NULL,NULL,NULL,NULL,NULL,NULL,NULL,NULL,NULL,NULL,NULL,NULL,NULL,0,0,NULL,NULL,NULL,NULL,0,NULL,0,NULL,0,NULL,NULL,NULL,NULL,NULL,NULL,NULL,NULL,NULL,NULL,NULL,NULL,NULL,NULL,NULL,NULL,NULL,NULL,0,1,'2017-09-05 03:31:55',22),(226,NULL,'Larry',NULL,'Caracciolo','driver_Larry_Caracciolo',NULL,NULL,NULL,NULL,NULL,NULL,NULL,NULL,NULL,NULL,NULL,NULL,NULL,0,0,NULL,NULL,NULL,NULL,0,NULL,0,NULL,0,NULL,NULL,NULL,NULL,NULL,NULL,NULL,NULL,NULL,NULL,NULL,NULL,NULL,NULL,NULL,NULL,NULL,NULL,0,1,'2017-09-05 03:31:55',22),(227,NULL,'Isis',NULL,'Geoghan','driver_Isis_Geoghan',NULL,NULL,NULL,NULL,NULL,NULL,NULL,NULL,NULL,NULL,NULL,NULL,NULL,0,0,NULL,NULL,NULL,NULL,0,NULL,0,NULL,0,NULL,NULL,NULL,NULL,NULL,NULL,NULL,NULL,NULL,NULL,NULL,NULL,NULL,NULL,NULL,NULL,NULL,NULL,0,1,'2017-09-05 03:31:55',22),(228,NULL,'Ardell',NULL,'Rauelo','driver_Ardell_Rauelo',NULL,NULL,NULL,NULL,NULL,NULL,NULL,NULL,NULL,NULL,NULL,NULL,NULL,0,0,NULL,NULL,NULL,NULL,0,NULL,0,NULL,0,NULL,NULL,NULL,NULL,NULL,NULL,NULL,NULL,NULL,NULL,NULL,NULL,NULL,NULL,NULL,NULL,NULL,NULL,0,1,'2017-09-05 03:31:55',22),(229,NULL,'Beatris',NULL,'Parziale','driver_Beatris_Parziale',NULL,NULL,NULL,NULL,NULL,NULL,NULL,NULL,NULL,NULL,NULL,NULL,NULL,0,0,NULL,NULL,NULL,NULL,0,NULL,0,NULL,0,NULL,NULL,NULL,NULL,NULL,NULL,NULL,NULL,NULL,NULL,NULL,NULL,NULL,NULL,NULL,NULL,NULL,NULL,0,1,'2017-09-05 03:31:55',22),(230,NULL,'Mervin',NULL,'Slager','driver_Mervin_Slager',NULL,NULL,NULL,NULL,NULL,NULL,NULL,NULL,NULL,NULL,NULL,NULL,NULL,0,0,NULL,NULL,NULL,NULL,0,NULL,0,NULL,0,NULL,NULL,NULL,NULL,NULL,NULL,NULL,NULL,NULL,NULL,NULL,NULL,NULL,NULL,NULL,NULL,NULL,NULL,0,1,'2017-09-05 03:31:55',22),(231,NULL,'Gino',NULL,'Wintz','driver_Gino_Wintz',NULL,NULL,NULL,NULL,NULL,NULL,NULL,NULL,NULL,NULL,NULL,NULL,NULL,0,0,NULL,NULL,NULL,NULL,0,NULL,0,NULL,0,NULL,NULL,NULL,NULL,NULL,NULL,NULL,NULL,NULL,NULL,NULL,NULL,NULL,NULL,NULL,NULL,NULL,NULL,0,1,'2017-09-05 03:31:55',22);
/*!40000 ALTER TABLE `driver` ENABLE KEYS */;
UNLOCK TABLES;

--
-- Table structure for table `driver_uploaded_file_r`
--

DROP TABLE IF EXISTS `driver_uploaded_file_r`;
/*!40101 SET @saved_cs_client     = @@character_set_client */;
/*!40101 SET character_set_client = utf8 */;
CREATE TABLE `driver_uploaded_file_r` (
  `DriverId` int(11) NOT NULL,
  `UploadedFileId` int(11) NOT NULL,
  PRIMARY KEY (`DriverId`,`UploadedFileId`),
  KEY `fk_driver_uploaded_file_FileId_idx` (`UploadedFileId`),
  CONSTRAINT `fk_driver_uploaded_file_DriverId` FOREIGN KEY (`DriverId`) REFERENCES `driver` (`Id`) ON DELETE CASCADE ON UPDATE CASCADE,
  CONSTRAINT `fk_driver_uploaded_file_FileId` FOREIGN KEY (`UploadedFileId`) REFERENCES `uploaded_file` (`Id`) ON DELETE CASCADE ON UPDATE CASCADE
) ENGINE=InnoDB DEFAULT CHARSET=utf8;
/*!40101 SET character_set_client = @saved_cs_client */;

--
-- Dumping data for table `driver_uploaded_file_r`
--

LOCK TABLES `driver_uploaded_file_r` WRITE;
/*!40000 ALTER TABLE `driver_uploaded_file_r` DISABLE KEYS */;
INSERT INTO `driver_uploaded_file_r` VALUES (1,67),(1,68);
/*!40000 ALTER TABLE `driver_uploaded_file_r` ENABLE KEYS */;
UNLOCK TABLES;

--
-- Table structure for table `invoice`
--

DROP TABLE IF EXISTS `invoice`;
/*!40101 SET @saved_cs_client     = @@character_set_client */;
/*!40101 SET character_set_client = utf8 */;
CREATE TABLE `invoice` (
  `LoadId` int(11) NOT NULL,
  `InvoiceNumber` varchar(45) NOT NULL,
  `InvoiceDate` datetime NOT NULL,
  `InvoiceDueDate` datetime NOT NULL,
  `BusinessTaxID` int(11) NOT NULL DEFAULT '0',
  `Total` decimal(19,4) NOT NULL DEFAULT '0.0000',
  `SubTotal` decimal(19,4) NOT NULL DEFAULT '0.0000',
  `AmountPaid` decimal(19,4) NOT NULL DEFAULT '0.0000',
  `Discount` decimal(10,2) NOT NULL DEFAULT '0.00',
  `DiscountAmount` decimal(19,4) NOT NULL DEFAULT '0.0000',
  `TaxInclusive` int(11) NOT NULL DEFAULT '0',
  `Tax` decimal(10,2) NOT NULL DEFAULT '0.00',
  `TaxAmmount` decimal(19,4) NOT NULL DEFAULT '0.0000',
  `BalanceRemaining` decimal(10,4) NOT NULL DEFAULT '0.0000',
  `PaymentDate` datetime NOT NULL,
  `SendReceipt` tinyint(1) NOT NULL DEFAULT '0',
  `ExternalNote` text,
  `ModifiedBy` int(11) NOT NULL DEFAULT '0',
  `ModifiedDate` datetime NOT NULL,
  `IsActive` tinyint(1) NOT NULL DEFAULT '1',
  `CompanyId` int(11) DEFAULT NULL,
  PRIMARY KEY (`LoadId`),
  UNIQUE KEY `LoadId_UNIQUE` (`LoadId`),
  KEY `fkey_invoice_load_loadid_idx` (`LoadId`),
  CONSTRAINT `fkey_invoice_load_loadid` FOREIGN KEY (`LoadId`) REFERENCES `load` (`Id`) ON DELETE CASCADE ON UPDATE CASCADE
) ENGINE=InnoDB DEFAULT CHARSET=utf8;
/*!40101 SET character_set_client = @saved_cs_client */;

--
-- Dumping data for table `invoice`
--

LOCK TABLES `invoice` WRITE;
/*!40000 ALTER TABLE `invoice` DISABLE KEYS */;
INSERT INTO `invoice` VALUES (1,'INV_1','2018-03-01 23:27:34','2018-03-31 23:27:34',0,0.0000,0.0000,0.0000,0.00,0.0000,0,0.00,0.0000,0.0000,'2018-03-01 23:27:34',1,NULL,0,'2018-03-01 23:27:34',1,1);
/*!40000 ALTER TABLE `invoice` ENABLE KEYS */;
UNLOCK TABLES;

--
-- Table structure for table `invoice_item`
--

DROP TABLE IF EXISTS `invoice_item`;
/*!40101 SET @saved_cs_client     = @@character_set_client */;
/*!40101 SET character_set_client = utf8 */;
CREATE TABLE `invoice_item` (
  `Id` int(11) NOT NULL AUTO_INCREMENT,
  `InvoiceId` int(11) NOT NULL,
  `ServiceId` int(11) DEFAULT NULL,
  `ServiceName` varchar(450) DEFAULT NULL,
  `Price` decimal(19,4) DEFAULT NULL,
  `Quantity` decimal(19,4) DEFAULT NULL,
  `Total` decimal(19,4) DEFAULT NULL,
  `Tax` decimal(10,2) DEFAULT NULL,
  `TaxAmmount` decimal(19,4) DEFAULT NULL,
  `Discount` decimal(10,2) DEFAULT NULL,
  `DiscountAmmount` decimal(19,4) DEFAULT NULL,
  `Note` text,
  PRIMARY KEY (`Id`),
  KEY `FK_invoice_idx` (`InvoiceId`),
  CONSTRAINT `FK_invoice` FOREIGN KEY (`InvoiceId`) REFERENCES `invoice` (`LoadId`) ON DELETE NO ACTION ON UPDATE NO ACTION
) ENGINE=InnoDB AUTO_INCREMENT=3 DEFAULT CHARSET=utf8;
/*!40101 SET character_set_client = @saved_cs_client */;

--
-- Dumping data for table `invoice_item`
--

LOCK TABLES `invoice_item` WRITE;
/*!40000 ALTER TABLE `invoice_item` DISABLE KEYS */;
INSERT INTO `invoice_item` VALUES (1,1,1,'Aggreed Ammount',0.0000,1.0000,0.0000,0.00,0.0000,0.00,0.0000,''),(2,1,1,'Fuel Surcharge',0.0000,1.0000,0.0000,0.00,0.0000,0.00,0.0000,'');
/*!40000 ALTER TABLE `invoice_item` ENABLE KEYS */;
UNLOCK TABLES;

--
-- Table structure for table `invoice_payment`
--

DROP TABLE IF EXISTS `invoice_payment`;
/*!40101 SET @saved_cs_client     = @@character_set_client */;
/*!40101 SET character_set_client = utf8 */;
CREATE TABLE `invoice_payment` (
  `Id` int(11) NOT NULL AUTO_INCREMENT,
  `InvoiceId` int(11) DEFAULT NULL,
  `Amount` decimal(19,4) DEFAULT NULL,
  `PaymentDate` datetime DEFAULT NULL,
  `PayedBy` varchar(450) DEFAULT NULL,
  PRIMARY KEY (`Id`),
  KEY `FK_invoice_payment_invoice_idx` (`InvoiceId`),
  CONSTRAINT `FK_invoice_payment_invoice` FOREIGN KEY (`InvoiceId`) REFERENCES `invoice` (`LoadId`) ON DELETE NO ACTION ON UPDATE NO ACTION
) ENGINE=InnoDB DEFAULT CHARSET=utf8;
/*!40101 SET character_set_client = @saved_cs_client */;

--
-- Dumping data for table `invoice_payment`
--

LOCK TABLES `invoice_payment` WRITE;
/*!40000 ALTER TABLE `invoice_payment` DISABLE KEYS */;
/*!40000 ALTER TABLE `invoice_payment` ENABLE KEYS */;
UNLOCK TABLES;

--
-- Table structure for table `load`
--

DROP TABLE IF EXISTS `load`;
/*!40101 SET @saved_cs_client     = @@character_set_client */;
/*!40101 SET character_set_client = utf8 */;
CREATE TABLE `load` (
  `Id` int(11) NOT NULL AUTO_INCREMENT,
  `TourId` int(11) DEFAULT NULL,
  `DispatcherId` int(11) DEFAULT NULL,
  `LoadNumber` varchar(45) DEFAULT NULL,
  `AgreedPrice` decimal(19,4) NOT NULL,
  `FuelSurcharge` decimal(19,4) NOT NULL DEFAULT '1.0000',
  `BillableMiles` decimal(10,2) NOT NULL,
  `EmptyMiles` decimal(10,2) NOT NULL,
  `BobtailMiles` decimal(10,2) NOT NULL,
  `ExtraStops` int(11) NOT NULL,
  `PO` varchar(45) DEFAULT NULL,
  `Confirmation` varchar(45) DEFAULT NULL,
  `BOL` varchar(45) DEFAULT NULL,
  `Commodity` varchar(45) DEFAULT NULL,
  `Weight` decimal(10,3) DEFAULT NULL,
  `Quantity` decimal(10,3) DEFAULT NULL,
  `Size` decimal(10,3) DEFAULT NULL,
  `Temperature` decimal(10,3) DEFAULT NULL,
  `LoadType` int(11) DEFAULT NULL,
  `PartnerShipperId` int(11) DEFAULT NULL,
  `PartnerConsigneeId` int(11) DEFAULT NULL,
  `BrokerageId` int(11) DEFAULT NULL,
  `BrokerId` int(11) DEFAULT NULL,
  `BrokerRating` int(10) DEFAULT NULL,
  `Broker1Id` int(11) DEFAULT NULL,
  `FlatRate` decimal(10,3) DEFAULT NULL,
  `TotalDistanceMi` decimal(10,3) NOT NULL DEFAULT '0.000',
  `TotalDistanceKm` decimal(10,3) NOT NULL DEFAULT '0.000',
  `Chassis` varchar(45) DEFAULT NULL,
  `DateFrom` datetime DEFAULT NULL,
  `DateTo` datetime DEFAULT NULL,
  `BookingDate` datetime DEFAULT NULL,
  `DispatchPaid` tinyint(1) NOT NULL DEFAULT '0',
  `DriverNotes` text,
  `InternalNotes` text,
  `ExternalNotes` text,
  `ShippingNumber` varchar(45) DEFAULT NULL,
  `ShippingNote` text,
  `DeliveryNumber` varchar(45) DEFAULT NULL,
  `DeliveryNote` text,
  `Status` int(11) NOT NULL,
  `PaidInFull` tinyint(1) NOT NULL DEFAULT '0',
  `PendingIssue` tinyint(1) NOT NULL DEFAULT '0',
  `IsActive` tinyint(1) NOT NULL DEFAULT '1',
  `ModifiedBy` int(11) NOT NULL,
  `ModifiedDate` datetime NOT NULL DEFAULT CURRENT_TIMESTAMP,
  `CompanyId` int(11) NOT NULL DEFAULT '0',
  PRIMARY KEY (`Id`),
  KEY `fkey_load_trip_id_idx` (`TourId`),
  KEY `fkey_load_user_id_idx` (`DispatcherId`),
  KEY `fkey_load_driver_id_idx` (`PartnerShipperId`),
  KEY `fkey_partner_consignee_idx` (`PartnerConsigneeId`),
  KEY `fkey_load_broker_partner_Id_idx` (`BrokerageId`),
  KEY `fkey_load_broker_id_idx` (`BrokerId`),
  CONSTRAINT `fkey_load_broker_id` FOREIGN KEY (`BrokerId`) REFERENCES `broker` (`Id`) ON DELETE SET NULL ON UPDATE CASCADE,
  CONSTRAINT `fkey_load_broker_partner_Id` FOREIGN KEY (`BrokerageId`) REFERENCES `client` (`Id`) ON DELETE SET NULL ON UPDATE CASCADE,
  CONSTRAINT `fkey_load_trip_id` FOREIGN KEY (`TourId`) REFERENCES `tour` (`Id`) ON DELETE CASCADE ON UPDATE CASCADE,
  CONSTRAINT `fkey_load_user_dispatcherid` FOREIGN KEY (`DispatcherId`) REFERENCES `user` (`Id`) ON DELETE SET NULL ON UPDATE CASCADE,
  CONSTRAINT `fkey_partner_consignee` FOREIGN KEY (`PartnerConsigneeId`) REFERENCES `client` (`Id`) ON DELETE SET NULL ON UPDATE NO ACTION,
  CONSTRAINT `fkey_partner_shipper` FOREIGN KEY (`PartnerShipperId`) REFERENCES `client` (`Id`) ON DELETE SET NULL ON UPDATE CASCADE
) ENGINE=InnoDB AUTO_INCREMENT=4 DEFAULT CHARSET=utf8;
/*!40101 SET character_set_client = @saved_cs_client */;

--
-- Dumping data for table `load`
--

LOCK TABLES `load` WRITE;
/*!40000 ALTER TABLE `load` DISABLE KEYS */;
INSERT INTO `load` VALUES (1,1,13,'DPAL_1',0.0000,0.0000,0.00,0.00,0.00,0,NULL,'ss',NULL,NULL,NULL,NULL,NULL,NULL,NULL,NULL,NULL,21,2,4,NULL,NULL,0.000,0.000,NULL,'2017-11-02 23:00:00','2017-11-05 23:00:00','2017-11-03 14:32:56',0,NULL,NULL,NULL,NULL,NULL,NULL,NULL,0,0,0,1,1,'2017-11-03 15:33:10',1),(2,2,13,'DPAL_2',0.0000,0.0000,0.00,0.00,0.00,0,NULL,'dsa',NULL,NULL,NULL,NULL,NULL,NULL,NULL,NULL,NULL,NULL,NULL,1,NULL,NULL,0.000,0.000,NULL,'2017-11-09 23:00:00','2017-11-12 23:00:00','2017-11-03 14:33:21',0,NULL,NULL,NULL,NULL,NULL,NULL,NULL,0,0,0,1,1,'2017-11-03 15:33:50',1),(3,2,13,'DPAL_3',0.0000,1.0000,0.00,0.00,0.00,0,NULL,'ssa',NULL,NULL,NULL,NULL,NULL,NULL,NULL,NULL,NULL,NULL,NULL,5,NULL,NULL,0.000,0.000,NULL,'2017-11-08 23:00:00','2017-11-10 23:00:00','2017-11-03 14:34:01',0,NULL,NULL,NULL,NULL,NULL,NULL,NULL,0,0,0,1,1,'2017-11-03 15:34:26',1);
/*!40000 ALTER TABLE `load` ENABLE KEYS */;
UNLOCK TABLES;

--
-- Table structure for table `load_issue`
--

DROP TABLE IF EXISTS `load_issue`;
/*!40101 SET @saved_cs_client     = @@character_set_client */;
/*!40101 SET character_set_client = utf8 */;
CREATE TABLE `load_issue` (
  `Id` int(11) NOT NULL AUTO_INCREMENT,
  `LoadId` int(11) NOT NULL,
  `Description` varchar(450) DEFAULT NULL,
  `IsResolved` tinyint(1) NOT NULL DEFAULT '0',
  PRIMARY KEY (`Id`),
  KEY `FK_load_issue_load_idx` (`LoadId`),
  CONSTRAINT `FK_load_issue_load` FOREIGN KEY (`LoadId`) REFERENCES `load` (`Id`) ON DELETE NO ACTION ON UPDATE NO ACTION
) ENGINE=InnoDB AUTO_INCREMENT=5 DEFAULT CHARSET=utf8;
/*!40101 SET character_set_client = @saved_cs_client */;

--
-- Dumping data for table `load_issue`
--

LOCK TABLES `load_issue` WRITE;
/*!40000 ALTER TABLE `load_issue` DISABLE KEYS */;
INSERT INTO `load_issue` VALUES (3,1,'test',1),(4,1,'xxx',1);
/*!40000 ALTER TABLE `load_issue` ENABLE KEYS */;
UNLOCK TABLES;

--
-- Table structure for table `load_point`
--

DROP TABLE IF EXISTS `load_point`;
/*!40101 SET @saved_cs_client     = @@character_set_client */;
/*!40101 SET character_set_client = utf8 */;
CREATE TABLE `load_point` (
  `Id` int(11) NOT NULL AUTO_INCREMENT,
  `TourId` int(11) DEFAULT NULL,
  `LoadId` int(11) DEFAULT NULL,
  `OrderNumber` int(11) NOT NULL,
  `ActionType` tinyint(2) NOT NULL DEFAULT '0' COMMENT '0 - pickup 1- delivery 2 - parking',
  `DateLoad` datetime NOT NULL,
  `Location` varchar(255) DEFAULT NULL,
  `Country` varchar(450) DEFAULT NULL,
  `State` varchar(450) DEFAULT NULL,
  `City` varchar(450) DEFAULT NULL,
  `Address` varchar(450) DEFAULT NULL,
  `ZipCode` varchar(45) DEFAULT NULL,
  `Description` varchar(255) DEFAULT NULL,
  `Qty` varchar(45) DEFAULT NULL,
  `Weight` decimal(19,4) DEFAULT NULL,
  `DeliveryNotes` varchar(255) DEFAULT NULL,
  `NumbersPO` varchar(100) DEFAULT NULL,
  `Lat` decimal(15,10) DEFAULT NULL,
  `Lng` decimal(15,10) DEFAULT NULL,
  `Distance` decimal(19,4) NOT NULL DEFAULT '0.0000' COMMENT 'Distance to previous load point',
  `DistanceFromStart` decimal(19,4) NOT NULL,
  `EstimatedTime` varchar(120) DEFAULT NULL COMMENT 'Estimated time to previous load point',
  `EmptyPosition` tinyint(1) NOT NULL DEFAULT '0',
  `DriverId` int(11) DEFAULT NULL,
  `CompanyId` int(11) DEFAULT NULL,
  `Contact` varchar(450) DEFAULT NULL,
  `Phone` varchar(450) DEFAULT NULL,
  PRIMARY KEY (`Id`),
  KEY `fkey_load_segment_load_Id_idx` (`LoadId`),
  KEY `fkey_tour_id_idx` (`TourId`),
  CONSTRAINT `fkey_load_id` FOREIGN KEY (`LoadId`) REFERENCES `load` (`Id`) ON DELETE CASCADE ON UPDATE CASCADE
) ENGINE=InnoDB AUTO_INCREMENT=7 DEFAULT CHARSET=utf8;
/*!40101 SET character_set_client = @saved_cs_client */;

--
-- Dumping data for table `load_point`
--

LOCK TABLES `load_point` WRITE;
/*!40000 ALTER TABLE `load_point` DISABLE KEYS */;
INSERT INTO `load_point` VALUES (1,1,1,1,0,'2017-11-02 23:00:00','Denver W Pkwy, Lakewood, CO 80401, USA','United States','CO','Lakewood','Denver West Parkway','80401',NULL,NULL,0.0000,NULL,NULL,39.7426019000,-105.1583989000,0.0000,0.0000,NULL,0,NULL,NULL,NULL,NULL),(2,1,1,2,1,'2017-11-05 23:00:00','Chicago Ave, Evanston, IL, USA','United States','IL','Evanston','Chicago Avenue','',NULL,NULL,0.0000,NULL,NULL,42.0349826000,-87.6795769000,1017.6202,1017.6202,'14 hours 46 mins',0,NULL,NULL,NULL,NULL),(3,2,2,2,0,'2017-11-09 23:00:00','NY-25A, Queens, NY, USA','United States','NY','','New York 25A','',NULL,NULL,0.0000,NULL,NULL,40.7596594000,-73.8471172000,1665.3015,1665.3015,'1 day 1 hour',0,NULL,NULL,NULL,NULL),(4,2,2,4,1,'2017-11-12 23:00:00','Miami Lakes Dr, Miami Lakes, FL, USA','United States','FL','Miami Lakes','Miami Lakes Drive','',NULL,NULL,0.0000,NULL,NULL,25.9086432000,-80.3099433000,3293.7669,7833.6658,'1 day 23 hours',0,NULL,NULL,NULL,NULL),(5,2,3,1,0,'2017-11-08 23:00:00','Seattle Slew Dr, Houston, TX 77065, USA','United States','TX','Houston','Seattle Slew Drive','77065',NULL,NULL,0.0000,NULL,NULL,29.9034197000,-95.5904638000,0.0000,0.0000,NULL,0,NULL,NULL,NULL,NULL),(6,2,3,3,1,'2017-11-10 23:00:00','Seattle Blvd S, Seattle, WA, USA','United States','WA','Seattle','Seattle Boulevard South','',NULL,NULL,0.0000,NULL,NULL,47.5957349000,-122.3274188000,2874.5974,4539.8989,'1 day 18 hours',0,NULL,NULL,NULL,NULL);
/*!40000 ALTER TABLE `load_point` ENABLE KEYS */;
UNLOCK TABLES;

--
-- Table structure for table `load_uploaded_file_r`
--

DROP TABLE IF EXISTS `load_uploaded_file_r`;
/*!40101 SET @saved_cs_client     = @@character_set_client */;
/*!40101 SET character_set_client = utf8 */;
CREATE TABLE `load_uploaded_file_r` (
  `LoadId` int(11) NOT NULL,
  `UploadedFileId` int(11) NOT NULL,
  PRIMARY KEY (`LoadId`,`UploadedFileId`),
  KEY `FK_load_uploaded_file_FileId_idx` (`UploadedFileId`),
  CONSTRAINT `FK_load_uploaded_file_FileId` FOREIGN KEY (`UploadedFileId`) REFERENCES `uploaded_file` (`Id`) ON DELETE NO ACTION ON UPDATE NO ACTION,
  CONSTRAINT `FK_load_uploaded_file_LoadId` FOREIGN KEY (`LoadId`) REFERENCES `load` (`Id`) ON DELETE NO ACTION ON UPDATE NO ACTION
) ENGINE=InnoDB DEFAULT CHARSET=utf8;
/*!40101 SET character_set_client = @saved_cs_client */;

--
-- Dumping data for table `load_uploaded_file_r`
--

LOCK TABLES `load_uploaded_file_r` WRITE;
/*!40000 ALTER TABLE `load_uploaded_file_r` DISABLE KEYS */;
/*!40000 ALTER TABLE `load_uploaded_file_r` ENABLE KEYS */;
UNLOCK TABLES;

--
-- Table structure for table `login_token`
--

DROP TABLE IF EXISTS `login_token`;
/*!40101 SET @saved_cs_client     = @@character_set_client */;
/*!40101 SET character_set_client = utf8 */;
CREATE TABLE `login_token` (
  `token` char(36) NOT NULL,
  `user_id` int(11) NOT NULL,
  `created` datetime NOT NULL,
  `accessed` datetime NOT NULL,
  PRIMARY KEY (`token`)
) ENGINE=InnoDB DEFAULT CHARSET=utf8;
/*!40101 SET character_set_client = @saved_cs_client */;

--
-- Dumping data for table `login_token`
--

LOCK TABLES `login_token` WRITE;
/*!40000 ALTER TABLE `login_token` DISABLE KEYS */;
INSERT INTO `login_token` VALUES ('1f461d49-4266-4961-99e1-9d7147025781',13,'2018-03-01 22:52:01','2018-03-01 23:42:05');
/*!40000 ALTER TABLE `login_token` ENABLE KEYS */;
UNLOCK TABLES;

--
-- Table structure for table `refresh_token`
--

DROP TABLE IF EXISTS `refresh_token`;
/*!40101 SET @saved_cs_client     = @@character_set_client */;
/*!40101 SET character_set_client = utf8 */;
CREATE TABLE `refresh_token` (
  `Id` varchar(45) NOT NULL,
  `Subject` varchar(45) NOT NULL,
  `ClientAppId` varchar(45) NOT NULL,
  `IssuedUTC` datetime NOT NULL,
  `ExpiresUTC` datetime NOT NULL,
  `ProtectedTicket` varchar(1000) NOT NULL,
  PRIMARY KEY (`Id`)
) ENGINE=InnoDB DEFAULT CHARSET=utf8;
/*!40101 SET character_set_client = @saved_cs_client */;

--
-- Dumping data for table `refresh_token`
--

LOCK TABLES `refresh_token` WRITE;
/*!40000 ALTER TABLE `refresh_token` DISABLE KEYS */;
INSERT INTO `refresh_token` VALUES ('ElBotd02FJlDPGJDgOkrvMhGc5MkZSUtR9Cf2hYJ22o=','vlada@gmail.com','dpAuthApp','2016-11-01 00:48:35','2016-11-06 00:48:35','5PsawyOks-UqmWCBIKbUoLR5Mp50e_tuiJyFA03i8RAqIWrJMJ9axLtuMUuFMum3KRnPDf2E4Eenup3IiaWMeVSN4pMSO8_XENZhMmFFKznw2fGodQ1uyfE7eslz9Y3Buk-v7IawLzXdJ7J3CjR5B7RZWuwHUQ0YezVG0Rf0NywSpULGybzsR73-ka2T6NUk_PPrbNH6DmmpJvQGNdoqo36w2RnL2WjD6SncWBURCMBSRXQDbNqdiW09wy9ytqv0TP0PdyLyawb66rZzi4sFeCX27Z83NvgId0Hbj48RlCtDfM89nttWxCfIWled8lyTI3KixPDY4zzMRd5FPFxpWbGxGBcQiL0OiiZd745kkic');
/*!40000 ALTER TABLE `refresh_token` ENABLE KEYS */;
UNLOCK TABLES;

--
-- Table structure for table `rel_user_company`
--

DROP TABLE IF EXISTS `rel_user_company`;
/*!40101 SET @saved_cs_client     = @@character_set_client */;
/*!40101 SET character_set_client = utf8 */;
CREATE TABLE `rel_user_company` (
  `UserId` int(11) NOT NULL,
  `CompanyId` int(11) NOT NULL,
  PRIMARY KEY (`UserId`,`CompanyId`),
  KEY `FK_rel_company_idx` (`CompanyId`),
  CONSTRAINT `FK_rel_company` FOREIGN KEY (`CompanyId`) REFERENCES `company` (`Id`) ON DELETE NO ACTION ON UPDATE NO ACTION,
  CONSTRAINT `FK_rel_user` FOREIGN KEY (`UserId`) REFERENCES `user` (`Id`) ON DELETE NO ACTION ON UPDATE NO ACTION
) ENGINE=InnoDB DEFAULT CHARSET=utf8;
/*!40101 SET character_set_client = @saved_cs_client */;

--
-- Dumping data for table `rel_user_company`
--

LOCK TABLES `rel_user_company` WRITE;
/*!40000 ALTER TABLE `rel_user_company` DISABLE KEYS */;
INSERT INTO `rel_user_company` VALUES (1,1),(2,1),(3,1),(1,2),(2,2),(3,2);
/*!40000 ALTER TABLE `rel_user_company` ENABLE KEYS */;
UNLOCK TABLES;

--
-- Table structure for table `role`
--

DROP TABLE IF EXISTS `role`;
/*!40101 SET @saved_cs_client     = @@character_set_client */;
/*!40101 SET character_set_client = utf8 */;
CREATE TABLE `role` (
  `Id` int(11) NOT NULL AUTO_INCREMENT,
  `Name` varchar(45) NOT NULL,
  PRIMARY KEY (`Id`)
) ENGINE=InnoDB DEFAULT CHARSET=utf8;
/*!40101 SET character_set_client = @saved_cs_client */;

--
-- Dumping data for table `role`
--

LOCK TABLES `role` WRITE;
/*!40000 ALTER TABLE `role` DISABLE KEYS */;
/*!40000 ALTER TABLE `role` ENABLE KEYS */;
UNLOCK TABLES;

--
-- Table structure for table `service`
--

DROP TABLE IF EXISTS `service`;
/*!40101 SET @saved_cs_client     = @@character_set_client */;
/*!40101 SET character_set_client = utf8 */;
CREATE TABLE `service` (
  `Id` int(11) NOT NULL AUTO_INCREMENT,
  `TruckId` int(11) DEFAULT NULL,
  `Mileage` decimal(10,3) DEFAULT NULL,
  `Date` datetime DEFAULT NULL,
  `Location` varchar(450) DEFAULT NULL,
  `Part` varchar(450) DEFAULT NULL,
  `Job` varchar(450) DEFAULT NULL,
  `Cost` decimal(10,4) DEFAULT NULL,
  `WarrantyExpDate` datetime DEFAULT NULL,
  `ScheduledServiceDate` datetime DEFAULT NULL,
  `Description` text,
  `CompanyId` int(11) NOT NULL DEFAULT '0',
  PRIMARY KEY (`Id`),
  KEY `FK_service_truck_idx` (`TruckId`),
  CONSTRAINT `FK_service_truck` FOREIGN KEY (`TruckId`) REFERENCES `vehicle` (`Id`) ON DELETE NO ACTION ON UPDATE NO ACTION
) ENGINE=InnoDB AUTO_INCREMENT=18 DEFAULT CHARSET=utf8;
/*!40101 SET character_set_client = @saved_cs_client */;

--
-- Dumping data for table `service`
--

LOCK TABLES `service` WRITE;
/*!40000 ALTER TABLE `service` DISABLE KEYS */;
INSERT INTO `service` VALUES (1,3,250.000,'2016-12-11 23:00:00','Home','Engine','Replacement',350.0000,'2019-02-05 23:00:00','2017-01-06 23:00:00',NULL,0),(2,4,50.000,'2016-12-12 23:00:00','fds','Wheel','sdf',50.0000,'2016-12-27 23:00:00','2016-12-27 23:00:00',NULL,0),(3,4,NULL,NULL,NULL,NULL,NULL,NULL,NULL,NULL,NULL,0),(4,4,423111.000,'2016-12-12 23:00:00','fsd','fsd','sdf',1237.0000,'2017-02-21 23:00:00','2017-02-22 23:00:00',NULL,0),(5,4,432.000,'2016-12-11 23:00:00','fds','r','sdf',324.0000,'2016-12-20 23:00:00','2016-12-11 23:00:00',NULL,0),(6,4,423.000,'2016-12-11 23:00:00','fd','fds','sdf',32.0000,'2016-12-20 23:00:00','2016-12-26 23:00:00',NULL,0),(7,3,423.000,'2016-12-26 23:00:00','ds','sda','asd',234.0000,'2016-12-01 23:00:00','2016-12-19 23:00:00',NULL,0),(8,3,321.000,'2016-11-27 23:00:00','dsa','dsa','as',34.0000,'2016-12-08 23:00:00','2016-12-05 23:00:00',NULL,0),(9,3,432.000,'2016-12-04 23:00:00','dsa','sda','asd',423.0000,'2016-12-22 23:00:00','2016-12-19 23:00:00',NULL,0),(10,3,432.000,'2016-12-06 23:00:00','sdf','sdsa','fsd',423.0000,'2016-12-14 23:00:00','2016-12-05 23:00:00',NULL,0),(11,26,234.000,'2016-12-13 23:00:00','fds','sdf','sdf',342.0000,NULL,NULL,NULL,0),(12,NULL,32.000,'2016-12-16 23:00:00','23dsa','asd','sad',423.0000,'2016-12-28 23:00:00','2016-12-27 23:00:00',NULL,0),(13,4,432.000,'2016-12-19 23:00:00','fdss','sda','423',432.0000,'2017-01-04 23:00:00','2016-12-19 23:00:00',NULL,0),(14,3,432.000,'2016-11-27 23:00:00','ffsd','wer','sdfsd',234.0000,'2016-12-21 23:00:00','2016-12-19 23:00:00',NULL,0),(15,27,785645.000,'2017-07-04 05:00:00',NULL,NULL,'Oil Change',350.0000,NULL,NULL,NULL,2),(16,3,1258100.000,'2017-08-19 12:29:13','Chicago','Belt','Belt Replacement',350.0000,NULL,NULL,NULL,1),(17,82,4.000,'2017-09-04 23:07:02',NULL,'sac',NULL,NULL,'2017-09-07 22:00:00',NULL,NULL,8);
/*!40000 ALTER TABLE `service` ENABLE KEYS */;
UNLOCK TABLES;

--
-- Table structure for table `tour`
--

DROP TABLE IF EXISTS `tour`;
/*!40101 SET @saved_cs_client     = @@character_set_client */;
/*!40101 SET character_set_client = utf8 */;
CREATE TABLE `tour` (
  `Id` int(11) NOT NULL AUTO_INCREMENT,
  `TripNumber` varchar(45) DEFAULT NULL,
  `DateFrom` datetime DEFAULT NULL,
  `DateTo` datetime DEFAULT NULL,
  `DriverAId` int(11) DEFAULT NULL,
  `DriverBId` int(11) DEFAULT NULL,
  `TruckId` int(11) DEFAULT NULL,
  `TrailerId` int(11) DEFAULT NULL,
  `PayTypeDriverA` int(11) NOT NULL DEFAULT '0',
  `PayRateFullDriverA` decimal(10,4) NOT NULL DEFAULT '0.0000',
  `PayRateEmptyDriverA` decimal(10,4) NOT NULL DEFAULT '0.0000',
  `PayRateBobtailDriverA` decimal(10,4) NOT NULL DEFAULT '0.0000',
  `PayTypeDriverB` int(11) NOT NULL DEFAULT '0',
  `PayRateFullDriverB` decimal(10,4) NOT NULL DEFAULT '0.0000',
  `PayRateEmptyDriverB` decimal(10,4) NOT NULL DEFAULT '0.0000',
  `PayRateBobtailDriverB` decimal(10,4) NOT NULL DEFAULT '0.0000',
  `ModifiedBy` int(11) NOT NULL,
  `ModifiedDate` datetime NOT NULL,
  `IsActive` tinyint(1) NOT NULL DEFAULT '1',
  `IsFinished` tinyint(1) NOT NULL DEFAULT '0',
  `CompanyId` int(11) NOT NULL,
  PRIMARY KEY (`Id`),
  KEY `fkey_tour_driverA_id_idx` (`DriverAId`),
  KEY `fkey_tour_driverB_id_idx` (`DriverBId`),
  KEY `fkey_tour_truck_id_idx` (`TruckId`),
  KEY `fkey_tour_trailer_id_idx` (`TrailerId`),
  CONSTRAINT `fkey_tour_driverA_id` FOREIGN KEY (`DriverAId`) REFERENCES `driver` (`Id`) ON DELETE SET NULL ON UPDATE CASCADE,
  CONSTRAINT `fkey_tour_driverB_id` FOREIGN KEY (`DriverBId`) REFERENCES `driver` (`Id`) ON DELETE SET NULL ON UPDATE CASCADE,
  CONSTRAINT `fkey_tour_trailer_id` FOREIGN KEY (`TrailerId`) REFERENCES `vehicle` (`Id`) ON DELETE SET NULL ON UPDATE CASCADE,
  CONSTRAINT `fkey_tour_truck_id` FOREIGN KEY (`TruckId`) REFERENCES `vehicle` (`Id`) ON DELETE SET NULL ON UPDATE CASCADE
) ENGINE=InnoDB AUTO_INCREMENT=3 DEFAULT CHARSET=utf8;
/*!40101 SET character_set_client = @saved_cs_client */;

--
-- Dumping data for table `tour`
--

LOCK TABLES `tour` WRITE;
/*!40000 ALTER TABLE `tour` DISABLE KEYS */;
INSERT INTO `tour` VALUES (1,'1','2017-11-02 23:00:00','2017-11-05 23:00:00',1,NULL,3,2,0,122.0000,11111.0000,0.0000,0,0.0000,0.0000,0.0000,1,'2017-11-03 14:28:29',1,0,1),(2,'2','2017-11-09 23:00:00','2017-11-12 23:00:00',1,NULL,3,2,0,122.0000,11111.0000,0.0000,0,0.0000,0.0000,0.0000,1,'2017-11-03 14:32:33',1,0,1);
/*!40000 ALTER TABLE `tour` ENABLE KEYS */;
UNLOCK TABLES;

--
-- Table structure for table `uploaded_file`
--

DROP TABLE IF EXISTS `uploaded_file`;
/*!40101 SET @saved_cs_client     = @@character_set_client */;
/*!40101 SET character_set_client = utf8 */;
CREATE TABLE `uploaded_file` (
  `Id` int(11) NOT NULL AUTO_INCREMENT,
  `DocumentType` int(11) NOT NULL,
  `UniqueFileName` varchar(500) DEFAULT NULL,
  `OriginalFileName` varchar(500) DEFAULT NULL,
  `FilePath` varchar(500) DEFAULT NULL,
  `FileSize` varchar(45) DEFAULT NULL,
  `Extension` varchar(10) DEFAULT NULL,
  `UploadDate` datetime NOT NULL,
  `ClientId` int(11) NOT NULL,
  PRIMARY KEY (`Id`)
) ENGINE=InnoDB AUTO_INCREMENT=69 DEFAULT CHARSET=utf8;
/*!40101 SET character_set_client = @saved_cs_client */;

--
-- Dumping data for table `uploaded_file`
--

LOCK TABLES `uploaded_file` WRITE;
/*!40000 ALTER TABLE `uploaded_file` DISABLE KEYS */;
INSERT INTO `uploaded_file` VALUES (67,0,'0da14ef4-c92e-4769-b645-538da2f64ae8_dpl_DispatchPal.png','DispatchPal.png','C:\\Projects\\DispatchPal\\DispatchPal.API\\Documents\\1\\0da14ef4-c92e-4769-b645-538da2f64ae8_dpl_DispatchPal.png','379617','.png','2017-10-25 01:52:17',0),(68,5,'7d91f1f4-13c7-4a01-b7aa-20b1feadf443_dpl_ic-toggle-on@3x.png','ic-toggle-on@3x.png','C:\\Projects\\DispatchPal\\DispatchPal.API\\Documents\\1\\7d91f1f4-13c7-4a01-b7aa-20b1feadf443_dpl_ic-toggle-on@3x.png','5034','.png','2017-10-25 01:52:27',0);
/*!40000 ALTER TABLE `uploaded_file` ENABLE KEYS */;
UNLOCK TABLES;

--
-- Table structure for table `user`
--

DROP TABLE IF EXISTS `user`;
/*!40101 SET @saved_cs_client     = @@character_set_client */;
/*!40101 SET character_set_client = utf8 */;
CREATE TABLE `user` (
  `Id` int(10) NOT NULL AUTO_INCREMENT,
  `UserId` varchar(36) DEFAULT NULL,
  `UserName` varchar(30) NOT NULL,
  `FirstName` varchar(100) DEFAULT NULL,
  `LastName` varchar(100) DEFAULT NULL,
  `Email` varchar(100) NOT NULL,
  `EmailConfirmed` tinyint(1) NOT NULL DEFAULT '0',
  `PhoneNumber` varchar(15) DEFAULT NULL,
  `MobileNumber` varchar(15) DEFAULT NULL,
  `PhoneNumberConfirmed` tinyint(1) NOT NULL DEFAULT '0',
  `Address` varchar(245) DEFAULT NULL,
  `Description` varchar(250) DEFAULT NULL,
  `Password` blob NOT NULL,
  `Password_uuid` varchar(36) NOT NULL DEFAULT '',
  `LoginGuid` varchar(45) DEFAULT NULL,
  `PasswordHash` varchar(1000) DEFAULT NULL,
  `DPPasswordHash` varchar(1000) DEFAULT NULL,
  `SecurityStamp` varchar(1000) DEFAULT NULL,
  `PasswordSalt` varchar(100) DEFAULT NULL,
  `AccessFailedCount` int(11) DEFAULT NULL,
  `LockoutEnabled` tinyint(1) NOT NULL DEFAULT '0',
  `LockoutEndDateUtc` datetime DEFAULT NULL,
  `DateCreatedUtc` datetime NOT NULL DEFAULT CURRENT_TIMESTAMP,
  `DateActivatedUtc` datetime DEFAULT NULL,
  `DateLastLoginUTC` varchar(45) DEFAULT NULL,
  `TwoFactorEnabled` tinyint(1) NOT NULL DEFAULT '0',
  `InviteCode` varchar(45) DEFAULT NULL,
  `ResetPasswordKey` varchar(45) DEFAULT NULL,
  `ResetPasswordExpiryUtc` datetime DEFAULT NULL,
  `ProfileImg` varchar(255) DEFAULT NULL,
  `Status` int(11) NOT NULL DEFAULT '0',
  `ModifiedBy` int(10) NOT NULL DEFAULT '0',
  `ModifiedDate` datetime NOT NULL DEFAULT CURRENT_TIMESTAMP,
  `IsActive` tinyint(1) NOT NULL DEFAULT '1' COMMENT '1- aktivan, 0- neaktivan, obrisan',
  `CompanyId` int(11) DEFAULT NULL,
  PRIMARY KEY (`Id`),
  UNIQUE KEY `Username_UNIQUE` (`UserName`),
  UNIQUE KEY `Email_UNIQUE` (`Email`),
  UNIQUE KEY `UserId_UNIQUE` (`UserId`),
  KEY `Index_Ime` (`LastName`),
  KEY `Index_Prezime` (`PhoneNumber`),
  KEY `Index_Username` (`UserName`),
  KEY `Index_RecDatumIzmene` (`ModifiedDate`),
  KEY `fkey_user_company_companyId_idx11` (`CompanyId`),
  CONSTRAINT `fkey_user_company_companyId111` FOREIGN KEY (`CompanyId`) REFERENCES `company` (`Id`) ON DELETE NO ACTION ON UPDATE NO ACTION
) ENGINE=InnoDB AUTO_INCREMENT=33 DEFAULT CHARSET=utf8;
/*!40101 SET character_set_client = @saved_cs_client */;

--
-- Dumping data for table `user`
--

LOCK TABLES `user` WRITE;
/*!40000 ALTER TABLE `user` DISABLE KEYS */;
INSERT INTO `user` VALUES (1,'111','admin','Admin','Admin','admin@gmail.com',0,'',NULL,0,'','','X�h�#V�J\���\��\�','00000000-0000-0000-0000-000000000000',NULL,NULL,NULL,NULL,NULL,NULL,0,NULL,'2016-08-29 04:59:22',NULL,NULL,0,NULL,NULL,NULL,NULL,0,1,'2015-04-17 02:08:00',1,1),(2,'1223','test','Vladica','Pavlovic','test@gmail.com',0,NULL,NULL,0,NULL,'','X�h�#V�J\���\��\�','00000000-0000-0000-0000-000000000000',NULL,NULL,NULL,NULL,NULL,NULL,0,NULL,'2016-08-29 04:59:22',NULL,NULL,0,NULL,NULL,NULL,NULL,0,1,'2015-04-21 22:51:18',1,1),(3,'sasas2323','zlatko','Zlatko','Jovanovic','zlatko@gmail.com',0,NULL,NULL,0,NULL,'','X�h�#V�J\���\��\�','00000000-0000-0000-0000-000000000000',NULL,NULL,NULL,NULL,NULL,NULL,0,NULL,'2016-08-29 04:59:22',NULL,NULL,0,NULL,NULL,NULL,NULL,0,1,'2015-04-13 22:47:48',1,1),(4,NULL,'dragana','Dispicer 1','D1','dragana@gmail.com',0,NULL,NULL,0,NULL,'','','',NULL,NULL,NULL,NULL,NULL,NULL,0,NULL,'2016-08-29 04:59:22',NULL,NULL,0,NULL,NULL,NULL,NULL,0,1,'2015-04-21 22:59:47',1,1),(5,'c8eeacce-f80a-4288-8f93-5e71cb8bb457','pvlada@gmail.com',NULL,NULL,'pvlada@gmail.com',0,NULL,NULL,0,NULL,NULL,'','',NULL,'ALdcaRUJkRsZennFmT9GpH3elNiDgH53IVz+Vo0WB6dWHcuLO90hl2w6BfVtwvtbEw==',NULL,'106aa0a9-d7f7-4cd4-b5fe-335661da40b7',NULL,0,0,NULL,'2016-10-03 01:56:50',NULL,NULL,0,NULL,NULL,NULL,NULL,0,0,'2016-10-03 01:56:50',1,NULL),(6,'5f8eb765-f761-43d2-9847-098914476f4f','pvlada@gmail.com10',NULL,NULL,'pvlada@gmail.com10',0,NULL,NULL,0,NULL,NULL,'','',NULL,'ABK1qiKpXZpSIzbNg6e/dNYP5g3CFCQfHBnWyJyStRmiurtuU1pyfKAJm/ifBDjAgg==',NULL,'5169c065-aea6-4271-b6fc-b659ae937d61',NULL,0,0,NULL,'2016-10-03 02:29:13',NULL,NULL,0,NULL,NULL,NULL,NULL,0,0,'2016-10-03 02:29:13',1,NULL),(7,'0bc6f00a-e839-4d6a-8de4-3de0435118f6','pvlada@gmail.com21',NULL,NULL,'pvlada@gmail.com21',0,NULL,NULL,0,NULL,NULL,'','',NULL,'AM7LrncL+I9Gk6DgtejjLKpf5YTmZNP1dC1F1gv4vs3119oR4OiPQpD1j+5EmFUPpA==',NULL,'74990838-4f62-4991-b953-c443d5d6430d',NULL,0,0,NULL,'2016-10-03 02:30:00',NULL,NULL,0,NULL,NULL,NULL,NULL,0,0,'2016-10-03 02:30:00',1,NULL),(9,'1e01b42e-1510-4c52-87e8-2a1a0a286dda','vlada',NULL,NULL,'vlada',0,NULL,NULL,0,NULL,NULL,'','',NULL,'AFxjJpdVPli6mnDe1MerUqr6eOmZrohjwsi69tEBpsYwblMUPFL7dJMAmAZOJdmT3Q==',NULL,'b4c88562-346d-430f-b1b8-738481fbcce1',NULL,0,0,NULL,'2016-10-31 18:30:04',NULL,NULL,0,NULL,NULL,NULL,NULL,0,0,'2016-10-31 18:30:04',1,NULL),(10,'ed762edc-71f1-47da-9f0e-b514fdd2d1ba','vlada@gmail.com',NULL,NULL,'vlada@gmail.com',0,NULL,NULL,0,NULL,NULL,'','',NULL,'AB3FHWdVFpKVyBAgGheLgzJEBZ7lXVRldfMvbm3YjnQNGeam03I+11J7AQcRiUTMog==',NULL,'3ec1c2fe-80e6-4554-b1bd-a1f97922f792',NULL,0,0,NULL,'2016-10-31 18:30:59',NULL,NULL,0,NULL,NULL,NULL,NULL,0,0,'2016-10-31 18:30:59',1,NULL),(11,'47961590-041e-44e3-9d3e-3ea925ca818e','bbnmarkovic@gmail.com',NULL,NULL,'bbnmarkovic@gmail.com',0,NULL,NULL,0,NULL,NULL,'','',NULL,'AJ2SE10mWFK/AAeSQZyTufoXB8hkRfEnBF0wuhcGKli27Kz5PfSAr5b/N7fnjaLy+w==',NULL,'943eaa73-8a0c-4b2a-a847-37a39a316d4d',NULL,0,0,NULL,'2016-11-05 15:34:15',NULL,NULL,0,NULL,NULL,NULL,NULL,0,0,'2016-11-05 15:34:15',1,NULL),(13,NULL,'boban','Boban','Markovic','boban@yopmail.com',0,NULL,NULL,0,NULL,NULL,'X�h�#V�J\���\��\�','00000000-0000-0000-0000-000000000000',NULL,NULL,NULL,NULL,NULL,NULL,0,NULL,'2017-04-30 13:00:36',NULL,NULL,0,NULL,NULL,NULL,NULL,0,1,'2017-04-30 13:00:36',1,NULL),(14,NULL,'dp.test.1','Test1','Testing1','dp.test.1@gmail.com',1,'',NULL,1,NULL,NULL,'X�h�#V�J\���\��\�','00000000-0000-0000-0000-000000000000',NULL,NULL,NULL,NULL,'00000000-0000-0000-0000-000000000000',0,1,'2020-01-01 00:00:00','2017-09-04 13:00:56',NULL,NULL,0,NULL,NULL,'2017-09-05 18:00:57','',1,1,'2017-09-04 13:00:56',1,4),(15,NULL,'dp.test.2','Test2','Testing2','dp.test.2@gmail.com',1,'',NULL,1,NULL,NULL,'X�h�#V�J\���\��\�','00000000-0000-0000-0000-000000000000',NULL,NULL,NULL,NULL,'00000000-0000-0000-0000-000000000000',0,1,'2020-01-01 00:00:00','2017-09-04 13:04:23',NULL,NULL,0,NULL,NULL,'2017-09-05 18:04:23','',1,1,'2017-09-04 13:04:23',1,5),(16,NULL,'dp.test.3','Test3','Testing3','dp.test.3@gmail.com',1,'',NULL,1,NULL,NULL,'X�h�#V�J\���\��\�','00000000-0000-0000-0000-000000000000',NULL,NULL,NULL,NULL,'00000000-0000-0000-0000-000000000000',0,1,'2020-01-01 00:00:00','2017-09-04 13:13:11',NULL,NULL,0,NULL,NULL,'2017-09-05 18:13:12','',1,1,'2017-09-04 13:13:11',1,6),(17,NULL,'dp.test.4','Test4','Testing4','dp.test.4@gmail.com',1,'',NULL,1,NULL,NULL,'X�h�#V�J\���\��\�','00000000-0000-0000-0000-000000000000',NULL,NULL,NULL,NULL,'00000000-0000-0000-0000-000000000000',0,1,'2020-01-01 00:00:00','2017-09-04 13:27:18',NULL,NULL,0,NULL,NULL,'2017-09-05 18:27:19','',1,1,'2017-09-04 13:27:18',1,7),(18,NULL,'dp.test.5','Test5','Testing5','dp.test.5@gmail.com',1,'',NULL,1,NULL,NULL,'X�h�#V�J\���\��\�','00000000-0000-0000-0000-000000000000',NULL,NULL,NULL,NULL,'00000000-0000-0000-0000-000000000000',0,1,'2020-01-01 00:00:00','2017-09-04 13:46:46',NULL,NULL,0,NULL,NULL,'2017-09-05 18:46:46','',1,1,'2017-09-04 13:46:46',1,8),(19,NULL,'dp.test.6','Test6','Testing6','dp.test.6@gmail.com',1,'',NULL,1,NULL,NULL,'X�h�#V�J\���\��\�','00000000-0000-0000-0000-000000000000',NULL,NULL,NULL,NULL,'00000000-0000-0000-0000-000000000000',0,1,'2020-01-01 00:00:00','2017-09-04 14:11:13',NULL,NULL,0,NULL,NULL,'2017-09-05 19:11:13','',1,1,'2017-09-04 14:11:13',1,9),(20,NULL,'dp.test.7','Test7','Testing7','dp.test.7@gmail.com',1,'',NULL,1,NULL,NULL,'X�h�#V�J\���\��\�','00000000-0000-0000-0000-000000000000',NULL,NULL,NULL,NULL,'00000000-0000-0000-0000-000000000000',0,1,'2020-01-01 00:00:00','2017-09-04 14:40:49',NULL,NULL,0,NULL,NULL,'2017-09-05 19:40:49','',1,1,'2017-09-04 14:40:49',1,10),(21,NULL,'dp.test.8','Test8','Testing8','dp.test.8@gmail.com',1,'',NULL,1,NULL,NULL,'X�h�#V�J\���\��\�','00000000-0000-0000-0000-000000000000',NULL,NULL,NULL,NULL,'00000000-0000-0000-0000-000000000000',0,1,'2020-01-01 00:00:00','2017-09-04 15:16:06',NULL,NULL,0,NULL,NULL,'2017-09-05 20:16:06','',1,1,'2017-09-04 15:16:06',1,11),(22,NULL,'dp.test.9','Test9','Testing9','dp.test.9@gmail.com',1,'',NULL,1,NULL,NULL,'X�h�#V�J\���\��\�','00000000-0000-0000-0000-000000000000',NULL,NULL,NULL,NULL,'00000000-0000-0000-0000-000000000000',0,1,'2020-01-01 00:00:00','2017-09-04 15:56:25',NULL,NULL,0,NULL,NULL,'2017-09-05 20:56:26','',1,1,'2017-09-04 15:56:25',1,12),(23,NULL,'dp.test.10','Test10','Testing10','dp.test.10@gmail.com',1,'',NULL,1,NULL,NULL,'X�h�#V�J\���\��\�','00000000-0000-0000-0000-000000000000',NULL,NULL,NULL,NULL,'00000000-0000-0000-0000-000000000000',0,1,'2020-01-01 00:00:00','2017-09-04 16:42:07',NULL,NULL,0,NULL,NULL,'2017-09-05 21:42:07','',1,1,'2017-09-04 16:42:07',1,13),(24,NULL,'dp.test.11','Test11','Testing11','dp.test.11@gmail.com',1,'',NULL,1,NULL,NULL,'X�h�#V�J\���\��\�','00000000-0000-0000-0000-000000000000',NULL,NULL,NULL,NULL,'00000000-0000-0000-0000-000000000000',0,1,'2020-01-01 00:00:00','2017-09-04 17:32:42',NULL,NULL,0,NULL,NULL,'2017-09-05 22:32:42','',1,1,'2017-09-04 17:32:42',1,14),(25,NULL,'dp.test.12','Test12','Testing12','dp.test.12@gmail.com',1,'',NULL,1,NULL,NULL,'X�h�#V�J\���\��\�','00000000-0000-0000-0000-000000000000',NULL,NULL,NULL,NULL,'00000000-0000-0000-0000-000000000000',0,1,'2020-01-01 00:00:00','2017-09-04 18:29:19',NULL,NULL,0,NULL,NULL,'2017-09-05 23:29:20','',1,1,'2017-09-04 18:29:19',1,15),(26,NULL,'dp.test.13','Test13','Testing13','dp.test.13@gmail.com',1,'',NULL,1,NULL,NULL,'X�h�#V�J\���\��\�','00000000-0000-0000-0000-000000000000',NULL,NULL,NULL,NULL,'00000000-0000-0000-0000-000000000000',0,1,'2020-01-01 00:00:00','2017-09-04 19:31:09',NULL,NULL,0,NULL,NULL,'2017-09-06 00:31:09','',1,1,'2017-09-04 19:31:09',1,16),(27,NULL,'dp.test.14','Test14','Testing14','dp.test.14@gmail.com',1,'',NULL,1,NULL,NULL,'X�h�#V�J\���\��\�','00000000-0000-0000-0000-000000000000',NULL,NULL,NULL,NULL,'00000000-0000-0000-0000-000000000000',0,1,'2020-01-01 00:00:00','2017-09-04 20:38:19',NULL,NULL,0,NULL,NULL,'2017-09-06 01:38:19','',1,1,'2017-09-04 20:38:19',1,17),(28,NULL,'dp.test.15','Test15','Testing15','dp.test.15@gmail.com',1,'',NULL,1,NULL,NULL,'X�h�#V�J\���\��\�','00000000-0000-0000-0000-000000000000',NULL,NULL,NULL,NULL,'00000000-0000-0000-0000-000000000000',0,1,'2020-01-01 00:00:00','2017-09-04 21:50:32',NULL,NULL,0,NULL,NULL,'2017-09-06 02:50:33','',1,1,'2017-09-04 21:50:32',1,18),(29,NULL,'dp.test.16','Test16','Testing16','dp.test.16@gmail.com',1,'',NULL,1,NULL,NULL,'X�h�#V�J\���\��\�','00000000-0000-0000-0000-000000000000',NULL,NULL,NULL,NULL,'00000000-0000-0000-0000-000000000000',0,1,'2020-01-01 00:00:00','2017-09-04 23:07:54',NULL,NULL,0,NULL,NULL,'2017-09-06 04:07:54','',1,1,'2017-09-04 23:07:54',1,19),(30,NULL,'dp.test.17','Test17','Testing17','dp.test.17@gmail.com',1,'',NULL,1,NULL,NULL,'X�h�#V�J\���\��\�','00000000-0000-0000-0000-000000000000',NULL,NULL,NULL,NULL,'00000000-0000-0000-0000-000000000000',0,1,'2020-01-01 00:00:00','2017-09-05 00:30:34',NULL,NULL,0,NULL,NULL,'2017-09-06 05:30:34','',1,1,'2017-09-05 00:30:34',1,20),(31,NULL,'dp.test.18','Test18','Testing18','dp.test.18@gmail.com',1,'',NULL,1,NULL,NULL,'X�h�#V�J\���\��\�','00000000-0000-0000-0000-000000000000',NULL,NULL,NULL,NULL,'00000000-0000-0000-0000-000000000000',0,1,'2020-01-01 00:00:00','2017-09-05 01:58:43',NULL,NULL,0,NULL,NULL,'2017-09-06 06:58:43','',1,1,'2017-09-05 01:58:43',1,21),(32,NULL,'dp.test.19','Test19','Testing19','dp.test.19@gmail.com',1,'',NULL,1,NULL,NULL,'X�h�#V�J\���\��\�','00000000-0000-0000-0000-000000000000',NULL,NULL,NULL,NULL,'00000000-0000-0000-0000-000000000000',0,1,'2020-01-01 00:00:00','2017-09-05 03:31:54',NULL,NULL,0,NULL,NULL,'2017-09-06 08:31:54','',1,1,'2017-09-05 03:31:54',1,22);
/*!40000 ALTER TABLE `user` ENABLE KEYS */;
UNLOCK TABLES;

--
-- Table structure for table `user_role`
--

DROP TABLE IF EXISTS `user_role`;
/*!40101 SET @saved_cs_client     = @@character_set_client */;
/*!40101 SET character_set_client = utf8 */;
CREATE TABLE `user_role` (
  `UserId` int(11) NOT NULL,
  `RoleId` int(11) NOT NULL,
  PRIMARY KEY (`UserId`,`RoleId`),
  KEY `fk_user_role_roleId_idx` (`RoleId`),
  KEY `fk_user_role_userid_idx` (`UserId`),
  CONSTRAINT `fk_user_role_roleid` FOREIGN KEY (`RoleId`) REFERENCES `role` (`Id`) ON DELETE CASCADE ON UPDATE CASCADE,
  CONSTRAINT `fk_user_role_userid` FOREIGN KEY (`UserId`) REFERENCES `user` (`Id`) ON DELETE CASCADE ON UPDATE CASCADE
) ENGINE=InnoDB DEFAULT CHARSET=utf8;
/*!40101 SET character_set_client = @saved_cs_client */;

--
-- Dumping data for table `user_role`
--

LOCK TABLES `user_role` WRITE;
/*!40000 ALTER TABLE `user_role` DISABLE KEYS */;
/*!40000 ALTER TABLE `user_role` ENABLE KEYS */;
UNLOCK TABLES;

--
-- Table structure for table `vehicle`
--

DROP TABLE IF EXISTS `vehicle`;
/*!40101 SET @saved_cs_client     = @@character_set_client */;
/*!40101 SET character_set_client = utf8 */;
CREATE TABLE `vehicle` (
  `Id` int(11) NOT NULL AUTO_INCREMENT,
  `VehicleType` int(11) NOT NULL DEFAULT '0' COMMENT '0 - truck, 1 -trailer',
  `VehicleID` varchar(45) DEFAULT NULL,
  `DisplayName` varchar(255) DEFAULT NULL,
  `Number` varchar(45) DEFAULT NULL,
  `Make` varchar(45) DEFAULT NULL,
  `Model` varchar(45) DEFAULT NULL,
  `Year` int(11) DEFAULT NULL,
  `Size` varchar(45) DEFAULT NULL,
  `Color` varchar(45) DEFAULT NULL,
  `InsuranceWith` varchar(45) DEFAULT NULL,
  `PlateNumber` varchar(10) DEFAULT NULL,
  `StateId` int(11) DEFAULT NULL,
  `PlateExpiration` date DEFAULT NULL,
  `VIN` varchar(45) DEFAULT NULL,
  `DOTExpiration` date DEFAULT NULL,
  `DispatchedBy` int(11) DEFAULT NULL,
  `Ownership` tinyint(1) DEFAULT NULL,
  `LeasedFrom` date DEFAULT NULL,
  `LeasedStart` date DEFAULT NULL,
  `LeasedEnd` date DEFAULT NULL,
  `TrailerNumber` varchar(45) DEFAULT NULL,
  `PurchaseDate` date DEFAULT NULL,
  `PurchasedFrom` varchar(45) DEFAULT NULL,
  `SellDate` date DEFAULT NULL,
  `SoldTo` varchar(45) DEFAULT NULL,
  `Insured` tinyint(1) DEFAULT NULL,
  `InsuranceDate` datetime DEFAULT NULL,
  `InsurancePremium` decimal(19,4) DEFAULT NULL,
  `Note` text,
  `WarrantyDate` date DEFAULT NULL,
  `Type` varchar(45) DEFAULT NULL,
  `TireType` varchar(255) DEFAULT NULL,
  `DriverAId` int(11) DEFAULT NULL,
  `DriverBId` int(11) DEFAULT NULL,
  `TrailerId` int(11) DEFAULT NULL,
  `ModifiedBy` int(11) NOT NULL,
  `ModifiedDate` datetime NOT NULL,
  `IsActive` tinyint(1) NOT NULL,
  `CompanyId` int(11) NOT NULL,
  PRIMARY KEY (`Id`),
  KEY `fkey_truck_dispatchedBy_idx` (`DispatchedBy`),
  KEY `fkey_truck_trailerId_idx` (`TrailerId`),
  KEY `fkey_truck_w_state_id_idx` (`StateId`),
  KEY `fkey_vehicle_driver_idx` (`DriverAId`),
  KEY `gkey_vehicle_driver_b_idx` (`DriverBId`),
  CONSTRAINT `fkey_truck_dispatchedBy` FOREIGN KEY (`DispatchedBy`) REFERENCES `user` (`Id`) ON DELETE SET NULL ON UPDATE CASCADE,
  CONSTRAINT `fkey_truck_w_state_id1` FOREIGN KEY (`StateId`) REFERENCES `w_state` (`Id`) ON DELETE NO ACTION ON UPDATE NO ACTION,
  CONSTRAINT `fkey_vehicle_driver_a` FOREIGN KEY (`DriverAId`) REFERENCES `driver` (`Id`) ON DELETE NO ACTION ON UPDATE NO ACTION,
  CONSTRAINT `fkey_vehicle_vehicleId` FOREIGN KEY (`TrailerId`) REFERENCES `vehicle` (`Id`) ON DELETE NO ACTION ON UPDATE NO ACTION,
  CONSTRAINT `gkey_vehicle_driver_b` FOREIGN KEY (`DriverBId`) REFERENCES `driver` (`Id`) ON DELETE NO ACTION ON UPDATE NO ACTION
) ENGINE=InnoDB AUTO_INCREMENT=232 DEFAULT CHARSET=utf8;
/*!40101 SET character_set_client = @saved_cs_client */;

--
-- Dumping data for table `vehicle`
--

LOCK TABLES `vehicle` WRITE;
/*!40000 ALTER TABLE `vehicle` DISABLE KEYS */;
INSERT INTO `vehicle` VALUES (1,0,'#112121bcv x','Truck 1','780','Volvo','VNL1',2013,'1',NULL,'sd','Le009fa',3,'2017-04-08','11','2016-11-23',2,1,'2015-11-15','2015-11-06','2015-11-15','df','2015-11-06','232323','2015-11-29',NULL,1,'2015-04-17 20:00:00',23332.0000,'cscasd',NULL,'1',NULL,NULL,NULL,2,1,'2017-10-13 23:39:57',1,1),(2,1,'Trailer 1',NULL,'123456','Scania',NULL,2015,NULL,NULL,NULL,'111-222',NULL,NULL,NULL,NULL,NULL,0,NULL,NULL,NULL,NULL,NULL,NULL,NULL,NULL,NULL,'2015-04-29 00:00:00',0.0000,'ddd',NULL,NULL,NULL,NULL,NULL,NULL,1,'2015-04-28 00:01:30',1,1),(3,0,'Truck 2',NULL,'666','aaaaaaaa',NULL,2016,'1',NULL,NULL,'1',5,'2015-11-08','1',NULL,3,0,NULL,NULL,NULL,NULL,NULL,NULL,NULL,NULL,1,NULL,0.0000,'aaa',NULL,NULL,NULL,NULL,NULL,2,1,'2015-11-08 20:21:37',1,1),(4,0,'Truck 3',NULL,'6666',NULL,'dad',NULL,NULL,NULL,NULL,NULL,23,NULL,NULL,NULL,4,1,NULL,NULL,NULL,NULL,NULL,NULL,NULL,NULL,NULL,NULL,0.0000,NULL,NULL,'as',NULL,NULL,NULL,2,1,'2016-05-31 02:37:18',1,1),(11,0,'Truck 4','truck4','877y',NULL,NULL,NULL,NULL,NULL,NULL,NULL,NULL,NULL,NULL,NULL,NULL,NULL,NULL,NULL,NULL,NULL,NULL,NULL,NULL,NULL,NULL,NULL,NULL,NULL,NULL,NULL,NULL,NULL,NULL,NULL,1,'2017-07-04 19:16:29',1,2),(12,0,'Truck 5','truck5','73647tue',NULL,NULL,NULL,NULL,NULL,NULL,NULL,14,NULL,NULL,NULL,4,NULL,NULL,NULL,NULL,NULL,NULL,NULL,NULL,NULL,NULL,NULL,0.0000,NULL,NULL,NULL,NULL,NULL,NULL,NULL,1,'2017-07-04 19:19:22',1,3),(13,0,'Truck 6','truck6','uyu878',NULL,NULL,NULL,NULL,NULL,NULL,NULL,36,NULL,NULL,NULL,4,NULL,NULL,NULL,NULL,NULL,NULL,NULL,NULL,NULL,NULL,NULL,NULL,NULL,NULL,NULL,NULL,NULL,NULL,NULL,1,'2017-07-04 19:17:00',1,2),(14,0,'Truck 7','truck7','7655',NULL,NULL,NULL,NULL,NULL,NULL,NULL,NULL,NULL,NULL,NULL,NULL,NULL,NULL,NULL,NULL,NULL,NULL,NULL,NULL,NULL,NULL,NULL,NULL,NULL,NULL,NULL,NULL,NULL,NULL,NULL,1,'2017-07-04 19:16:09',1,2),(15,1,'Trailer 44','trailer2','yu67',NULL,'aaa',NULL,NULL,NULL,NULL,NULL,NULL,NULL,NULL,NULL,NULL,NULL,NULL,NULL,NULL,NULL,NULL,NULL,NULL,NULL,NULL,NULL,0.0000,'aaaaaaaaaaaaaaaaaa',NULL,NULL,NULL,NULL,NULL,NULL,1,'2017-08-06 16:35:32',1,2),(16,1,'Trailer 3','trailer3','ui78','g','aaaaa',1234,NULL,NULL,NULL,NULL,NULL,NULL,NULL,NULL,NULL,0,NULL,NULL,NULL,NULL,NULL,NULL,NULL,NULL,NULL,NULL,0.0000,'sss dddd',NULL,NULL,NULL,NULL,NULL,NULL,1,'2017-07-04 19:54:39',1,3),(26,0,'Truck 8','Truck 8','666','aaaaaaaa',NULL,2016,'1',NULL,NULL,'1',5,'2015-11-08','1',NULL,3,0,NULL,NULL,NULL,NULL,NULL,NULL,NULL,NULL,1,NULL,0.0000,'aaa',NULL,NULL,NULL,NULL,NULL,2,1,'2017-03-19 21:58:40',1,1),(27,0,'Truck 9','truck9','uytyf55','asd','asd',2000,'asd','asdsa',NULL,'asd',52,'2016-12-26','asd','2016-12-23',1,0,'2016-12-04','2016-12-07','2016-12-20',NULL,NULL,NULL,NULL,NULL,0,NULL,NULL,'asd','2016-12-13','asd',NULL,NULL,NULL,26,1,'2017-07-04 19:17:25',1,2),(28,0,'Truck 11','truck11','67ty',NULL,NULL,NULL,NULL,NULL,NULL,NULL,NULL,NULL,NULL,NULL,NULL,NULL,NULL,NULL,NULL,NULL,NULL,NULL,NULL,NULL,NULL,NULL,NULL,NULL,NULL,NULL,NULL,NULL,NULL,NULL,1,'2017-07-04 19:21:34',1,3),(29,0,'Truck 99','truck99','78yu',NULL,NULL,NULL,NULL,NULL,NULL,NULL,NULL,NULL,NULL,NULL,NULL,NULL,NULL,NULL,NULL,NULL,NULL,NULL,NULL,NULL,NULL,NULL,NULL,NULL,NULL,NULL,NULL,NULL,NULL,NULL,1,'2017-07-04 19:25:35',1,1),(30,0,'ty56','trailer4','76tre',NULL,NULL,NULL,NULL,NULL,NULL,NULL,NULL,NULL,NULL,NULL,NULL,NULL,NULL,NULL,NULL,NULL,NULL,NULL,NULL,NULL,NULL,NULL,NULL,NULL,NULL,NULL,NULL,NULL,NULL,NULL,1,'2017-07-04 19:35:06',1,2),(31,0,'tred32','trailer56','67tt',NULL,NULL,NULL,NULL,NULL,NULL,NULL,NULL,NULL,NULL,NULL,NULL,NULL,NULL,NULL,NULL,NULL,NULL,NULL,NULL,NULL,NULL,NULL,NULL,NULL,NULL,NULL,NULL,NULL,NULL,NULL,1,'2017-07-04 19:46:31',1,3),(32,0,'rt55','trailer66','7856',NULL,NULL,NULL,NULL,NULL,NULL,NULL,NULL,NULL,NULL,NULL,NULL,NULL,NULL,NULL,NULL,NULL,NULL,NULL,NULL,NULL,NULL,NULL,NULL,NULL,NULL,NULL,NULL,NULL,NULL,NULL,1,'2017-07-04 19:51:48',1,3),(33,0,'rt45','trailer77','rt56',NULL,NULL,NULL,NULL,NULL,NULL,NULL,NULL,NULL,NULL,NULL,NULL,NULL,NULL,NULL,NULL,NULL,NULL,NULL,NULL,NULL,NULL,NULL,NULL,NULL,NULL,NULL,NULL,NULL,NULL,NULL,1,'2017-07-04 19:52:38',1,2),(34,0,'ty67','trailer4','67ty',NULL,NULL,NULL,NULL,NULL,NULL,NULL,NULL,NULL,NULL,NULL,NULL,NULL,NULL,NULL,NULL,NULL,NULL,NULL,NULL,NULL,NULL,NULL,NULL,NULL,NULL,NULL,NULL,NULL,NULL,NULL,1,'2017-07-04 19:53:10',1,1),(35,1,'trailer 334',NULL,'444',NULL,NULL,NULL,NULL,NULL,NULL,NULL,NULL,NULL,NULL,NULL,NULL,NULL,NULL,NULL,NULL,NULL,NULL,NULL,NULL,NULL,NULL,NULL,NULL,NULL,NULL,NULL,NULL,NULL,NULL,NULL,1,'2017-07-09 12:24:44',1,1),(36,1,'trailer324',NULL,'56457',NULL,NULL,NULL,NULL,NULL,NULL,NULL,NULL,NULL,NULL,NULL,NULL,NULL,NULL,NULL,NULL,NULL,NULL,NULL,NULL,NULL,NULL,NULL,NULL,NULL,NULL,NULL,NULL,NULL,NULL,NULL,1,'2017-07-09 12:25:35',1,1),(37,1,'id777',NULL,NULL,NULL,NULL,NULL,NULL,NULL,NULL,NULL,NULL,NULL,NULL,NULL,NULL,NULL,NULL,NULL,NULL,NULL,NULL,NULL,NULL,NULL,NULL,NULL,NULL,NULL,NULL,NULL,NULL,NULL,NULL,NULL,1,'2017-08-05 14:49:15',1,3),(38,1,'tr564',NULL,NULL,NULL,NULL,NULL,NULL,NULL,NULL,NULL,NULL,NULL,NULL,NULL,NULL,NULL,NULL,NULL,NULL,NULL,NULL,NULL,NULL,NULL,NULL,NULL,NULL,NULL,NULL,NULL,NULL,NULL,NULL,NULL,1,'2017-08-09 20:12:10',1,2),(39,0,'tr777',NULL,NULL,NULL,NULL,NULL,NULL,NULL,NULL,NULL,NULL,NULL,NULL,NULL,NULL,NULL,NULL,NULL,NULL,NULL,NULL,NULL,NULL,NULL,NULL,NULL,NULL,NULL,NULL,NULL,NULL,NULL,NULL,NULL,1,'2017-08-09 20:12:44',1,2),(40,0,'1000',NULL,NULL,'152165','scamnii',NULL,NULL,NULL,NULL,NULL,3,NULL,NULL,NULL,NULL,NULL,NULL,NULL,NULL,NULL,NULL,NULL,NULL,NULL,NULL,NULL,NULL,NULL,NULL,NULL,NULL,NULL,NULL,NULL,1,'2017-08-19 19:38:55',1,1),(41,0,'Truck.0','Truck.0',NULL,NULL,'Scania',NULL,NULL,NULL,NULL,NULL,NULL,NULL,NULL,NULL,NULL,NULL,NULL,NULL,NULL,'1000',NULL,NULL,NULL,NULL,NULL,NULL,NULL,NULL,NULL,NULL,NULL,NULL,NULL,NULL,1,'2017-09-04 13:00:57',1,4),(42,0,'Truck.1','Truck.1',NULL,NULL,'Scania',NULL,NULL,NULL,NULL,NULL,NULL,NULL,NULL,NULL,NULL,NULL,NULL,NULL,NULL,'1001',NULL,NULL,NULL,NULL,NULL,NULL,NULL,NULL,NULL,NULL,NULL,NULL,NULL,NULL,1,'2017-09-04 13:00:57',1,4),(43,0,'Truck.2','Truck.2',NULL,NULL,'Scania',NULL,NULL,NULL,NULL,NULL,NULL,NULL,NULL,NULL,NULL,NULL,NULL,NULL,NULL,'1002',NULL,NULL,NULL,NULL,NULL,NULL,NULL,NULL,NULL,NULL,NULL,NULL,NULL,NULL,1,'2017-09-04 13:00:57',1,4),(44,0,'Truck.3','Truck.3',NULL,NULL,'Scania',NULL,NULL,NULL,NULL,NULL,NULL,NULL,NULL,NULL,NULL,NULL,NULL,NULL,NULL,'1003',NULL,NULL,NULL,NULL,NULL,NULL,NULL,NULL,NULL,NULL,NULL,NULL,NULL,NULL,1,'2017-09-04 13:00:57',1,4),(45,0,'Truck.4','Truck.4',NULL,NULL,'Scania',NULL,NULL,NULL,NULL,NULL,NULL,NULL,NULL,NULL,NULL,NULL,NULL,NULL,NULL,'1004',NULL,NULL,NULL,NULL,NULL,NULL,NULL,NULL,NULL,NULL,NULL,NULL,NULL,NULL,1,'2017-09-04 13:00:57',1,4),(46,0,'Truck.5','Truck.5',NULL,NULL,'Scania',NULL,NULL,NULL,NULL,NULL,NULL,NULL,NULL,NULL,NULL,NULL,NULL,NULL,NULL,'1005',NULL,NULL,NULL,NULL,NULL,NULL,NULL,NULL,NULL,NULL,NULL,NULL,NULL,NULL,1,'2017-09-04 13:00:57',1,4),(47,0,'Truck.6','Truck.6',NULL,NULL,'Scania',NULL,NULL,NULL,NULL,NULL,NULL,NULL,NULL,NULL,NULL,NULL,NULL,NULL,NULL,'1006',NULL,NULL,NULL,NULL,NULL,NULL,NULL,NULL,NULL,NULL,NULL,NULL,NULL,NULL,1,'2017-09-04 13:00:57',1,4),(48,0,'Truck.7','Truck.7',NULL,NULL,'Scania',NULL,NULL,NULL,NULL,NULL,NULL,NULL,NULL,NULL,NULL,NULL,NULL,NULL,NULL,'1007',NULL,NULL,NULL,NULL,NULL,NULL,NULL,NULL,NULL,NULL,NULL,NULL,NULL,NULL,1,'2017-09-04 13:00:57',1,4),(49,0,'Truck.8','Truck.8',NULL,NULL,'Scania',NULL,NULL,NULL,NULL,NULL,NULL,NULL,NULL,NULL,NULL,NULL,NULL,NULL,NULL,'1008',NULL,NULL,NULL,NULL,NULL,NULL,NULL,NULL,NULL,NULL,NULL,NULL,NULL,NULL,1,'2017-09-04 13:00:57',1,4),(50,0,'Truck.9','Truck.9',NULL,NULL,'Scania',NULL,NULL,NULL,NULL,NULL,NULL,NULL,NULL,NULL,NULL,NULL,NULL,NULL,NULL,'1009',NULL,NULL,NULL,NULL,NULL,NULL,NULL,NULL,NULL,NULL,NULL,NULL,NULL,NULL,1,'2017-09-04 13:00:57',1,4),(51,0,'Truck.0','Truck.0',NULL,NULL,'Scania',NULL,NULL,NULL,NULL,NULL,NULL,NULL,NULL,NULL,NULL,NULL,NULL,NULL,NULL,'1000',NULL,NULL,NULL,NULL,NULL,NULL,NULL,NULL,NULL,NULL,NULL,NULL,NULL,NULL,1,'2017-09-04 13:04:23',1,5),(52,0,'Truck.1','Truck.1',NULL,NULL,'Scania',NULL,NULL,NULL,NULL,NULL,NULL,NULL,NULL,NULL,NULL,NULL,NULL,NULL,NULL,'1001',NULL,NULL,NULL,NULL,NULL,NULL,NULL,NULL,NULL,NULL,NULL,NULL,NULL,NULL,1,'2017-09-04 13:04:23',1,5),(53,0,'Truck.2','Truck.2',NULL,NULL,'Scania',NULL,NULL,NULL,NULL,NULL,NULL,NULL,NULL,NULL,NULL,NULL,NULL,NULL,NULL,'1002',NULL,NULL,NULL,NULL,NULL,NULL,NULL,NULL,NULL,NULL,NULL,NULL,NULL,NULL,1,'2017-09-04 13:04:23',1,5),(54,0,'Truck.3','Truck.3',NULL,NULL,'Scania',NULL,NULL,NULL,NULL,NULL,NULL,NULL,NULL,NULL,NULL,NULL,NULL,NULL,NULL,'1003',NULL,NULL,NULL,NULL,NULL,NULL,NULL,NULL,NULL,NULL,NULL,NULL,NULL,NULL,1,'2017-09-04 13:04:23',1,5),(55,0,'Truck.4','Truck.4',NULL,NULL,'Scania',NULL,NULL,NULL,NULL,NULL,NULL,NULL,NULL,NULL,NULL,NULL,NULL,NULL,NULL,'1004',NULL,NULL,NULL,NULL,NULL,NULL,NULL,NULL,NULL,NULL,NULL,NULL,NULL,NULL,1,'2017-09-04 13:04:23',1,5),(56,0,'Truck.5','Truck.5',NULL,NULL,'Scania',NULL,NULL,NULL,NULL,NULL,NULL,NULL,NULL,NULL,NULL,NULL,NULL,NULL,NULL,'1005',NULL,NULL,NULL,NULL,NULL,NULL,NULL,NULL,NULL,NULL,NULL,NULL,NULL,NULL,1,'2017-09-04 13:04:23',1,5),(57,0,'Truck.6','Truck.6',NULL,NULL,'Scania',NULL,NULL,NULL,NULL,NULL,NULL,NULL,NULL,NULL,NULL,NULL,NULL,NULL,NULL,'1006',NULL,NULL,NULL,NULL,NULL,NULL,NULL,NULL,NULL,NULL,NULL,NULL,NULL,NULL,1,'2017-09-04 13:04:23',1,5),(58,0,'Truck.7','Truck.7',NULL,NULL,'Scania',NULL,NULL,NULL,NULL,NULL,NULL,NULL,NULL,NULL,NULL,NULL,NULL,NULL,NULL,'1007',NULL,NULL,NULL,NULL,NULL,NULL,NULL,NULL,NULL,NULL,NULL,NULL,NULL,NULL,1,'2017-09-04 13:04:23',1,5),(59,0,'Truck.8','Truck.8',NULL,NULL,'Scania',NULL,NULL,NULL,NULL,NULL,NULL,NULL,NULL,NULL,NULL,NULL,NULL,NULL,NULL,'1008',NULL,NULL,NULL,NULL,NULL,NULL,NULL,NULL,NULL,NULL,NULL,NULL,NULL,NULL,1,'2017-09-04 13:04:23',1,5),(60,0,'Truck.9','Truck.9',NULL,NULL,'Scania',NULL,NULL,NULL,NULL,NULL,NULL,NULL,NULL,NULL,NULL,NULL,NULL,NULL,NULL,'1009',NULL,NULL,NULL,NULL,NULL,NULL,NULL,NULL,NULL,NULL,NULL,NULL,NULL,NULL,1,'2017-09-04 13:04:23',1,5),(61,0,'Truck.0','Truck.0',NULL,NULL,'Scania',NULL,NULL,NULL,NULL,NULL,NULL,NULL,NULL,NULL,NULL,NULL,NULL,NULL,NULL,'1000',NULL,NULL,NULL,NULL,NULL,NULL,NULL,NULL,NULL,NULL,NULL,NULL,NULL,NULL,1,'2017-09-04 13:13:12',1,6),(62,0,'Truck.1','Truck.1',NULL,NULL,'Scania',NULL,NULL,NULL,NULL,NULL,NULL,NULL,NULL,NULL,NULL,NULL,NULL,NULL,NULL,'1001',NULL,NULL,NULL,NULL,NULL,NULL,NULL,NULL,NULL,NULL,NULL,NULL,NULL,NULL,1,'2017-09-04 13:13:12',1,6),(63,0,'Truck.2','Truck.2',NULL,NULL,'Scania',NULL,NULL,NULL,NULL,NULL,NULL,NULL,NULL,NULL,NULL,NULL,NULL,NULL,NULL,'1002',NULL,NULL,NULL,NULL,NULL,NULL,NULL,NULL,NULL,NULL,NULL,NULL,NULL,NULL,1,'2017-09-04 13:13:12',1,6),(64,0,'Truck.3','Truck.3',NULL,NULL,'Scania',NULL,NULL,NULL,NULL,NULL,NULL,NULL,NULL,NULL,NULL,NULL,NULL,NULL,NULL,'1003',NULL,NULL,NULL,NULL,NULL,NULL,NULL,NULL,NULL,NULL,NULL,NULL,NULL,NULL,1,'2017-09-04 13:13:12',1,6),(65,0,'Truck.4','Truck.4',NULL,NULL,'Scania',NULL,NULL,NULL,NULL,NULL,NULL,NULL,NULL,NULL,NULL,NULL,NULL,NULL,NULL,'1004',NULL,NULL,NULL,NULL,NULL,NULL,NULL,NULL,NULL,NULL,NULL,NULL,NULL,NULL,1,'2017-09-04 13:13:12',1,6),(66,0,'Truck.5','Truck.5',NULL,NULL,'Scania',NULL,NULL,NULL,NULL,NULL,NULL,NULL,NULL,NULL,NULL,NULL,NULL,NULL,NULL,'1005',NULL,NULL,NULL,NULL,NULL,NULL,NULL,NULL,NULL,NULL,NULL,NULL,NULL,NULL,1,'2017-09-04 13:13:12',1,6),(67,0,'Truck.6','Truck.6',NULL,NULL,'Scania',NULL,NULL,NULL,NULL,NULL,NULL,NULL,NULL,NULL,NULL,NULL,NULL,NULL,NULL,'1006',NULL,NULL,NULL,NULL,NULL,NULL,NULL,NULL,NULL,NULL,NULL,NULL,NULL,NULL,1,'2017-09-04 13:13:12',1,6),(68,0,'Truck.7','Truck.7',NULL,NULL,'Scania',NULL,NULL,NULL,NULL,NULL,NULL,NULL,NULL,NULL,NULL,NULL,NULL,NULL,NULL,'1007',NULL,NULL,NULL,NULL,NULL,NULL,NULL,NULL,NULL,NULL,NULL,NULL,NULL,NULL,1,'2017-09-04 13:13:12',1,6),(69,0,'Truck.8','Truck.8',NULL,NULL,'Scania',NULL,NULL,NULL,NULL,NULL,NULL,NULL,NULL,NULL,NULL,NULL,NULL,NULL,NULL,'1008',NULL,NULL,NULL,NULL,NULL,NULL,NULL,NULL,NULL,NULL,NULL,NULL,NULL,NULL,1,'2017-09-04 13:13:12',1,6),(70,0,'Truck.9','Truck.9',NULL,NULL,'Scania',NULL,NULL,NULL,NULL,NULL,NULL,NULL,NULL,NULL,NULL,NULL,NULL,NULL,NULL,'1009',NULL,NULL,NULL,NULL,NULL,NULL,NULL,NULL,NULL,NULL,NULL,NULL,NULL,NULL,1,'2017-09-04 13:13:12',1,6),(71,0,'Truck.0','Truck.0',NULL,'Test1','Scania',NULL,NULL,NULL,NULL,NULL,NULL,NULL,NULL,NULL,NULL,NULL,NULL,NULL,NULL,'1000',NULL,NULL,NULL,NULL,NULL,NULL,NULL,NULL,NULL,NULL,NULL,NULL,NULL,NULL,1,'2017-09-04 22:38:22',1,7),(72,0,'Truck.1','Truck.1',NULL,'XXXX','Scania',NULL,NULL,NULL,NULL,NULL,NULL,NULL,NULL,NULL,NULL,NULL,NULL,NULL,NULL,'1001',NULL,NULL,NULL,NULL,NULL,NULL,NULL,NULL,NULL,NULL,NULL,NULL,NULL,NULL,1,'2017-09-04 22:38:30',1,7),(73,0,'Truck.2','Truck.2',NULL,NULL,'Scania',NULL,NULL,NULL,NULL,NULL,NULL,NULL,NULL,NULL,NULL,NULL,NULL,NULL,NULL,'1002',NULL,NULL,NULL,NULL,NULL,NULL,NULL,NULL,NULL,NULL,NULL,NULL,NULL,NULL,1,'2017-09-04 13:27:19',1,7),(74,0,'Truck.3','Truck.3',NULL,NULL,'Scania',NULL,NULL,NULL,NULL,NULL,NULL,NULL,NULL,NULL,NULL,NULL,NULL,NULL,NULL,'1003',NULL,NULL,NULL,NULL,NULL,NULL,NULL,NULL,NULL,NULL,NULL,NULL,NULL,NULL,1,'2017-09-04 13:27:19',1,7),(75,0,'Truck.4','Truck.4',NULL,'gvawfev','Scania',NULL,NULL,NULL,NULL,NULL,NULL,NULL,NULL,NULL,NULL,NULL,NULL,NULL,NULL,'1004',NULL,NULL,NULL,NULL,NULL,NULL,NULL,NULL,NULL,NULL,NULL,NULL,NULL,NULL,1,'2017-09-04 22:38:36',1,7),(76,0,'Truck.5','Truck.5',NULL,NULL,'Scania',NULL,NULL,NULL,NULL,NULL,NULL,NULL,NULL,NULL,NULL,NULL,NULL,NULL,NULL,'1005',NULL,NULL,NULL,NULL,NULL,NULL,NULL,NULL,NULL,NULL,NULL,NULL,NULL,NULL,1,'2017-09-04 13:27:19',1,7),(77,0,'Truck.6','Truck.6',NULL,'awgaweg','Scania',NULL,NULL,NULL,NULL,NULL,NULL,NULL,NULL,NULL,NULL,NULL,NULL,NULL,NULL,'1006',NULL,NULL,NULL,NULL,NULL,NULL,NULL,NULL,NULL,NULL,NULL,NULL,NULL,NULL,1,'2017-09-04 22:38:41',1,7),(78,0,'Truck.7','Truck.7',NULL,NULL,'Scania',NULL,NULL,NULL,NULL,NULL,NULL,NULL,NULL,NULL,NULL,NULL,NULL,NULL,NULL,'1007',NULL,NULL,NULL,NULL,NULL,NULL,NULL,NULL,NULL,NULL,NULL,NULL,NULL,NULL,1,'2017-09-04 13:27:19',1,7),(79,0,'Truck.8','Truck.8',NULL,NULL,'Scania',NULL,NULL,NULL,NULL,NULL,NULL,NULL,NULL,NULL,NULL,NULL,NULL,NULL,NULL,'1008',NULL,NULL,NULL,NULL,NULL,NULL,NULL,NULL,NULL,NULL,NULL,NULL,NULL,NULL,1,'2017-09-04 13:27:19',1,7),(80,0,'Truck.9','Truck.9',NULL,NULL,'Scania',NULL,NULL,NULL,NULL,NULL,NULL,NULL,NULL,NULL,NULL,NULL,NULL,NULL,NULL,'1009',NULL,NULL,NULL,NULL,NULL,NULL,NULL,NULL,NULL,NULL,NULL,NULL,NULL,NULL,1,'2017-09-04 13:27:19',1,7),(81,0,'Truck.0','Truck.0',NULL,NULL,'Scania',NULL,NULL,NULL,NULL,NULL,NULL,NULL,NULL,NULL,NULL,NULL,NULL,NULL,NULL,'1000',NULL,NULL,NULL,NULL,NULL,NULL,NULL,NULL,NULL,NULL,NULL,NULL,NULL,NULL,1,'2017-09-04 13:46:46',1,8),(82,0,'Truck.1','Truck.1',NULL,NULL,'Scania',NULL,NULL,NULL,NULL,NULL,NULL,NULL,NULL,NULL,NULL,NULL,NULL,NULL,NULL,'1001',NULL,NULL,NULL,NULL,NULL,NULL,NULL,NULL,NULL,NULL,NULL,NULL,NULL,NULL,1,'2017-09-04 13:46:46',1,8),(83,0,'Truck.2','Truck.2',NULL,NULL,'Scania',NULL,NULL,NULL,NULL,NULL,NULL,NULL,NULL,NULL,NULL,NULL,NULL,NULL,NULL,'1002',NULL,NULL,NULL,NULL,NULL,NULL,NULL,NULL,NULL,NULL,NULL,NULL,NULL,NULL,1,'2017-09-04 13:46:46',1,8),(84,0,'Truck.3','Truck.3',NULL,NULL,'Scania',NULL,NULL,NULL,NULL,NULL,NULL,NULL,NULL,NULL,NULL,NULL,NULL,NULL,NULL,'1003',NULL,NULL,NULL,NULL,NULL,NULL,NULL,NULL,NULL,NULL,NULL,NULL,NULL,NULL,1,'2017-09-04 13:46:46',1,8),(85,0,'Truck.4','Truck.4',NULL,NULL,'Scania',NULL,NULL,NULL,NULL,NULL,NULL,NULL,NULL,NULL,NULL,NULL,NULL,NULL,NULL,'1004',NULL,NULL,NULL,NULL,NULL,NULL,NULL,NULL,NULL,NULL,NULL,NULL,NULL,NULL,1,'2017-09-04 13:46:46',1,8),(86,0,'Truck.5','Truck.5',NULL,NULL,'Scania',NULL,NULL,NULL,NULL,NULL,NULL,NULL,NULL,NULL,NULL,NULL,NULL,NULL,NULL,'1005',NULL,NULL,NULL,NULL,NULL,NULL,NULL,NULL,NULL,NULL,NULL,NULL,NULL,NULL,1,'2017-09-04 13:46:46',1,8),(87,0,'Truck.6','Truck.6',NULL,NULL,'Scania',NULL,NULL,NULL,NULL,NULL,NULL,NULL,NULL,NULL,NULL,NULL,NULL,NULL,NULL,'1006',NULL,NULL,NULL,NULL,NULL,NULL,NULL,NULL,NULL,NULL,NULL,NULL,NULL,NULL,1,'2017-09-04 13:46:46',1,8),(88,0,'Truck.7','Truck.7',NULL,NULL,'Scania',NULL,NULL,NULL,NULL,NULL,NULL,NULL,NULL,NULL,NULL,NULL,NULL,NULL,NULL,'1007',NULL,NULL,NULL,NULL,NULL,NULL,NULL,NULL,NULL,NULL,NULL,NULL,NULL,NULL,1,'2017-09-04 13:46:46',1,8),(89,0,'Truck.8','Truck.8',NULL,NULL,'Scania',NULL,NULL,NULL,NULL,NULL,NULL,NULL,NULL,NULL,NULL,NULL,NULL,NULL,NULL,'1008',NULL,NULL,NULL,NULL,NULL,NULL,NULL,NULL,NULL,NULL,NULL,NULL,NULL,NULL,1,'2017-09-04 13:46:46',1,8),(90,0,'Truck.9','Truck.9',NULL,NULL,'Scania',NULL,NULL,NULL,NULL,NULL,NULL,NULL,NULL,NULL,NULL,NULL,NULL,NULL,NULL,'1009',NULL,NULL,NULL,NULL,NULL,NULL,NULL,NULL,NULL,NULL,NULL,NULL,NULL,NULL,1,'2017-09-04 13:46:46',1,8),(91,0,'Truck.0','Truck.0',NULL,NULL,'Scania',NULL,NULL,NULL,NULL,NULL,NULL,NULL,NULL,NULL,NULL,NULL,NULL,NULL,NULL,'1000',NULL,NULL,NULL,NULL,NULL,NULL,NULL,NULL,NULL,NULL,NULL,NULL,NULL,NULL,1,'2017-09-04 14:11:14',1,9),(92,0,'Truck.1','Truck.1',NULL,NULL,'Scania',NULL,NULL,NULL,NULL,NULL,NULL,NULL,NULL,NULL,NULL,NULL,NULL,NULL,NULL,'1001',NULL,NULL,NULL,NULL,NULL,NULL,NULL,NULL,NULL,NULL,NULL,NULL,NULL,NULL,1,'2017-09-04 14:11:14',1,9),(93,0,'Truck.2','Truck.2',NULL,NULL,'Scania',NULL,NULL,NULL,NULL,NULL,NULL,NULL,NULL,NULL,NULL,NULL,NULL,NULL,NULL,'1002',NULL,NULL,NULL,NULL,NULL,NULL,NULL,NULL,NULL,NULL,NULL,NULL,NULL,NULL,1,'2017-09-04 14:11:14',1,9),(94,0,'Truck.3','Truck.3',NULL,NULL,'Scania',NULL,NULL,NULL,NULL,NULL,NULL,NULL,NULL,NULL,NULL,NULL,NULL,NULL,NULL,'1003',NULL,NULL,NULL,NULL,NULL,NULL,NULL,NULL,NULL,NULL,NULL,NULL,NULL,NULL,1,'2017-09-04 14:11:14',1,9),(95,0,'Truck.4','Truck.4',NULL,NULL,'Scania',NULL,NULL,NULL,NULL,NULL,NULL,NULL,NULL,NULL,NULL,NULL,NULL,NULL,NULL,'1004',NULL,NULL,NULL,NULL,NULL,NULL,NULL,NULL,NULL,NULL,NULL,NULL,NULL,NULL,1,'2017-09-04 14:11:14',1,9),(96,0,'Truck.5','Truck.5',NULL,NULL,'Scania',NULL,NULL,NULL,NULL,NULL,NULL,NULL,NULL,NULL,NULL,NULL,NULL,NULL,NULL,'1005',NULL,NULL,NULL,NULL,NULL,NULL,NULL,NULL,NULL,NULL,NULL,NULL,NULL,NULL,1,'2017-09-04 14:11:14',1,9),(97,0,'Truck.6','Truck.6',NULL,NULL,'Scania',NULL,NULL,NULL,NULL,NULL,NULL,NULL,NULL,NULL,NULL,NULL,NULL,NULL,NULL,'1006',NULL,NULL,NULL,NULL,NULL,NULL,NULL,NULL,NULL,NULL,NULL,NULL,NULL,NULL,1,'2017-09-04 14:11:14',1,9),(98,0,'Truck.7','Truck.7',NULL,NULL,'Scania',NULL,NULL,NULL,NULL,NULL,NULL,NULL,NULL,NULL,NULL,NULL,NULL,NULL,NULL,'1007',NULL,NULL,NULL,NULL,NULL,NULL,NULL,NULL,NULL,NULL,NULL,NULL,NULL,NULL,1,'2017-09-04 14:11:14',1,9),(99,0,'Truck.8','Truck.8',NULL,NULL,'Scania',NULL,NULL,NULL,NULL,NULL,NULL,NULL,NULL,NULL,NULL,NULL,NULL,NULL,NULL,'1008',NULL,NULL,NULL,NULL,NULL,NULL,NULL,NULL,NULL,NULL,NULL,NULL,NULL,NULL,1,'2017-09-04 14:11:14',1,9),(100,0,'Truck.9','Truck.9',NULL,NULL,'Scania',NULL,NULL,NULL,NULL,NULL,NULL,NULL,NULL,NULL,NULL,NULL,NULL,NULL,NULL,'1009',NULL,NULL,NULL,NULL,NULL,NULL,NULL,NULL,NULL,NULL,NULL,NULL,NULL,NULL,1,'2017-09-04 14:11:14',1,9),(101,0,'Truck.0','Truck.0',NULL,NULL,'Scania',NULL,NULL,NULL,NULL,NULL,NULL,NULL,NULL,NULL,NULL,NULL,NULL,NULL,NULL,'1000',NULL,NULL,NULL,NULL,NULL,NULL,NULL,NULL,NULL,NULL,NULL,NULL,NULL,NULL,1,'2017-09-04 14:40:50',1,10),(102,0,'Truck.1','Truck.1',NULL,NULL,'Scania',NULL,NULL,NULL,NULL,NULL,NULL,NULL,NULL,NULL,NULL,NULL,NULL,NULL,NULL,'1001',NULL,NULL,NULL,NULL,NULL,NULL,NULL,NULL,NULL,NULL,NULL,NULL,NULL,NULL,1,'2017-09-04 14:40:50',1,10),(103,0,'Truck.2','Truck.2',NULL,NULL,'Scania',NULL,NULL,NULL,NULL,NULL,NULL,NULL,NULL,NULL,NULL,NULL,NULL,NULL,NULL,'1002',NULL,NULL,NULL,NULL,NULL,NULL,NULL,NULL,NULL,NULL,NULL,NULL,NULL,NULL,1,'2017-09-04 14:40:50',1,10),(104,0,'Truck.3','Truck.3',NULL,NULL,'Scania',NULL,NULL,NULL,NULL,NULL,NULL,NULL,NULL,NULL,NULL,NULL,NULL,NULL,NULL,'1003',NULL,NULL,NULL,NULL,NULL,NULL,NULL,NULL,NULL,NULL,NULL,NULL,NULL,NULL,1,'2017-09-04 14:40:50',1,10),(105,0,'Truck.4','Truck.4',NULL,NULL,'Scania',NULL,NULL,NULL,NULL,NULL,NULL,NULL,NULL,NULL,NULL,NULL,NULL,NULL,NULL,'1004',NULL,NULL,NULL,NULL,NULL,NULL,NULL,NULL,NULL,NULL,NULL,NULL,NULL,NULL,1,'2017-09-04 14:40:50',1,10),(106,0,'Truck.5','Truck.5',NULL,NULL,'Scania',NULL,NULL,NULL,NULL,NULL,NULL,NULL,NULL,NULL,NULL,NULL,NULL,NULL,NULL,'1005',NULL,NULL,NULL,NULL,NULL,NULL,NULL,NULL,NULL,NULL,NULL,NULL,NULL,NULL,1,'2017-09-04 14:40:50',1,10),(107,0,'Truck.6','Truck.6',NULL,NULL,'Scania',NULL,NULL,NULL,NULL,NULL,NULL,NULL,NULL,NULL,NULL,NULL,NULL,NULL,NULL,'1006',NULL,NULL,NULL,NULL,NULL,NULL,NULL,NULL,NULL,NULL,NULL,NULL,NULL,NULL,1,'2017-09-04 14:40:50',1,10),(108,0,'Truck.7','Truck.7',NULL,NULL,'Scania',NULL,NULL,NULL,NULL,NULL,NULL,NULL,NULL,NULL,NULL,NULL,NULL,NULL,NULL,'1007',NULL,NULL,NULL,NULL,NULL,NULL,NULL,NULL,NULL,NULL,NULL,NULL,NULL,NULL,1,'2017-09-04 14:40:50',1,10),(109,0,'Truck.8','Truck.8',NULL,NULL,'Scania',NULL,NULL,NULL,NULL,NULL,NULL,NULL,NULL,NULL,NULL,NULL,NULL,NULL,NULL,'1008',NULL,NULL,NULL,NULL,NULL,NULL,NULL,NULL,NULL,NULL,NULL,NULL,NULL,NULL,1,'2017-09-04 14:40:50',1,10),(110,0,'Truck.9','Truck.9',NULL,NULL,'Scania',NULL,NULL,NULL,NULL,NULL,NULL,NULL,NULL,NULL,NULL,NULL,NULL,NULL,NULL,'1009',NULL,NULL,NULL,NULL,NULL,NULL,NULL,NULL,NULL,NULL,NULL,NULL,NULL,NULL,1,'2017-09-04 14:40:50',1,10),(111,0,'Truck.0','Truck.0',NULL,NULL,'Scania',NULL,NULL,NULL,NULL,NULL,NULL,NULL,NULL,NULL,NULL,NULL,NULL,NULL,NULL,'1000',NULL,NULL,NULL,NULL,NULL,NULL,NULL,NULL,NULL,NULL,NULL,NULL,NULL,NULL,1,'2017-09-04 15:16:06',1,11),(112,0,'Truck.1','Truck.1',NULL,NULL,'Scania',NULL,NULL,NULL,NULL,NULL,NULL,NULL,NULL,NULL,NULL,NULL,NULL,NULL,NULL,'1001',NULL,NULL,NULL,NULL,NULL,NULL,NULL,NULL,NULL,NULL,NULL,NULL,NULL,NULL,1,'2017-09-04 15:16:06',1,11),(113,0,'Truck.2','Truck.2',NULL,NULL,'Scania',NULL,NULL,NULL,NULL,NULL,NULL,NULL,NULL,NULL,NULL,NULL,NULL,NULL,NULL,'1002',NULL,NULL,NULL,NULL,NULL,NULL,NULL,NULL,NULL,NULL,NULL,NULL,NULL,NULL,1,'2017-09-04 15:16:06',1,11),(114,0,'Truck.3','Truck.3',NULL,NULL,'Scania',NULL,NULL,NULL,NULL,NULL,NULL,NULL,NULL,NULL,NULL,NULL,NULL,NULL,NULL,'1003',NULL,NULL,NULL,NULL,NULL,NULL,NULL,NULL,NULL,NULL,NULL,NULL,NULL,NULL,1,'2017-09-04 15:16:06',1,11),(115,0,'Truck.4','Truck.4',NULL,NULL,'Scania',NULL,NULL,NULL,NULL,NULL,NULL,NULL,NULL,NULL,NULL,NULL,NULL,NULL,NULL,'1004',NULL,NULL,NULL,NULL,NULL,NULL,NULL,NULL,NULL,NULL,NULL,NULL,NULL,NULL,1,'2017-09-04 15:16:06',1,11),(116,0,'Truck.5','Truck.5',NULL,NULL,'Scania',NULL,NULL,NULL,NULL,NULL,NULL,NULL,NULL,NULL,NULL,NULL,NULL,NULL,NULL,'1005',NULL,NULL,NULL,NULL,NULL,NULL,NULL,NULL,NULL,NULL,NULL,NULL,NULL,NULL,1,'2017-09-04 15:16:06',1,11),(117,0,'Truck.6','Truck.6',NULL,NULL,'Scania',NULL,NULL,NULL,NULL,NULL,NULL,NULL,NULL,NULL,NULL,NULL,NULL,NULL,NULL,'1006',NULL,NULL,NULL,NULL,NULL,NULL,NULL,NULL,NULL,NULL,NULL,NULL,NULL,NULL,1,'2017-09-04 15:16:06',1,11),(118,0,'Truck.7','Truck.7',NULL,NULL,'Scania',NULL,NULL,NULL,NULL,NULL,NULL,NULL,NULL,NULL,NULL,NULL,NULL,NULL,NULL,'1007',NULL,NULL,NULL,NULL,NULL,NULL,NULL,NULL,NULL,NULL,NULL,NULL,NULL,NULL,1,'2017-09-04 15:16:06',1,11),(119,0,'Truck.8','Truck.8',NULL,NULL,'Scania',NULL,NULL,NULL,NULL,NULL,NULL,NULL,NULL,NULL,NULL,NULL,NULL,NULL,NULL,'1008',NULL,NULL,NULL,NULL,NULL,NULL,NULL,NULL,NULL,NULL,NULL,NULL,NULL,NULL,1,'2017-09-04 15:16:06',1,11),(120,0,'Truck.9','Truck.9',NULL,NULL,'Scania',NULL,NULL,NULL,NULL,NULL,NULL,NULL,NULL,NULL,NULL,NULL,NULL,NULL,NULL,'1009',NULL,NULL,NULL,NULL,NULL,NULL,NULL,NULL,NULL,NULL,NULL,NULL,NULL,NULL,1,'2017-09-04 15:16:06',1,11),(121,0,'Truck.0','Truck.0',NULL,NULL,'Scania',NULL,NULL,NULL,NULL,NULL,NULL,NULL,NULL,NULL,NULL,NULL,NULL,NULL,NULL,'1000',NULL,NULL,NULL,NULL,NULL,NULL,NULL,NULL,NULL,NULL,NULL,NULL,NULL,NULL,1,'2017-09-04 15:56:26',1,12),(122,0,'Truck.1','Truck.1',NULL,NULL,'Scania',NULL,NULL,NULL,NULL,NULL,NULL,NULL,NULL,NULL,NULL,NULL,NULL,NULL,NULL,'1001',NULL,NULL,NULL,NULL,NULL,NULL,NULL,NULL,NULL,NULL,NULL,NULL,NULL,NULL,1,'2017-09-04 15:56:26',1,12),(123,0,'Truck.2','Truck.2',NULL,NULL,'Scania',NULL,NULL,NULL,NULL,NULL,NULL,NULL,NULL,NULL,NULL,NULL,NULL,NULL,NULL,'1002',NULL,NULL,NULL,NULL,NULL,NULL,NULL,NULL,NULL,NULL,NULL,NULL,NULL,NULL,1,'2017-09-04 15:56:26',1,12),(124,0,'Truck.3','Truck.3',NULL,NULL,'Scania',NULL,NULL,NULL,NULL,NULL,NULL,NULL,NULL,NULL,NULL,NULL,NULL,NULL,NULL,'1003',NULL,NULL,NULL,NULL,NULL,NULL,NULL,NULL,NULL,NULL,NULL,NULL,NULL,NULL,1,'2017-09-04 15:56:26',1,12),(125,0,'Truck.4','Truck.4',NULL,NULL,'Scania',NULL,NULL,NULL,NULL,NULL,NULL,NULL,NULL,NULL,NULL,NULL,NULL,NULL,NULL,'1004',NULL,NULL,NULL,NULL,NULL,NULL,NULL,NULL,NULL,NULL,NULL,NULL,NULL,NULL,1,'2017-09-04 15:56:26',1,12),(126,0,'Truck.5','Truck.5',NULL,NULL,'Scania',NULL,NULL,NULL,NULL,NULL,NULL,NULL,NULL,NULL,NULL,NULL,NULL,NULL,NULL,'1005',NULL,NULL,NULL,NULL,NULL,NULL,NULL,NULL,NULL,NULL,NULL,NULL,NULL,NULL,1,'2017-09-04 15:56:26',1,12),(127,0,'Truck.6','Truck.6',NULL,NULL,'Scania',NULL,NULL,NULL,NULL,NULL,NULL,NULL,NULL,NULL,NULL,NULL,NULL,NULL,NULL,'1006',NULL,NULL,NULL,NULL,NULL,NULL,NULL,NULL,NULL,NULL,NULL,NULL,NULL,NULL,1,'2017-09-04 15:56:26',1,12),(128,0,'Truck.7','Truck.7',NULL,NULL,'Scania',NULL,NULL,NULL,NULL,NULL,NULL,NULL,NULL,NULL,NULL,NULL,NULL,NULL,NULL,'1007',NULL,NULL,NULL,NULL,NULL,NULL,NULL,NULL,NULL,NULL,NULL,NULL,NULL,NULL,1,'2017-09-04 15:56:26',1,12),(129,0,'Truck.8','Truck.8',NULL,NULL,'Scania',NULL,NULL,NULL,NULL,NULL,NULL,NULL,NULL,NULL,NULL,NULL,NULL,NULL,NULL,'1008',NULL,NULL,NULL,NULL,NULL,NULL,NULL,NULL,NULL,NULL,NULL,NULL,NULL,NULL,1,'2017-09-04 15:56:26',1,12),(130,0,'Truck.9','Truck.9',NULL,NULL,'Scania',NULL,NULL,NULL,NULL,NULL,NULL,NULL,NULL,NULL,NULL,NULL,NULL,NULL,NULL,'1009',NULL,NULL,NULL,NULL,NULL,NULL,NULL,NULL,NULL,NULL,NULL,NULL,NULL,NULL,1,'2017-09-04 15:56:26',1,12),(131,0,'Truck.0','Truck.0',NULL,NULL,'Scania',NULL,NULL,NULL,NULL,NULL,NULL,NULL,NULL,NULL,NULL,NULL,NULL,NULL,NULL,'1000',NULL,NULL,NULL,NULL,NULL,NULL,NULL,NULL,NULL,NULL,NULL,NULL,NULL,NULL,1,'2017-09-04 16:42:07',1,13),(132,0,'Truck.1','Truck.1',NULL,NULL,'Scania',NULL,NULL,NULL,NULL,NULL,NULL,NULL,NULL,NULL,NULL,NULL,NULL,NULL,NULL,'1001',NULL,NULL,NULL,NULL,NULL,NULL,NULL,NULL,NULL,NULL,NULL,NULL,NULL,NULL,1,'2017-09-04 16:42:07',1,13),(133,0,'Truck.2','Truck.2',NULL,NULL,'Scania',NULL,NULL,NULL,NULL,NULL,NULL,NULL,NULL,NULL,NULL,NULL,NULL,NULL,NULL,'1002',NULL,NULL,NULL,NULL,NULL,NULL,NULL,NULL,NULL,NULL,NULL,NULL,NULL,NULL,1,'2017-09-04 16:42:07',1,13),(134,0,'Truck.3','Truck.3',NULL,NULL,'Scania',NULL,NULL,NULL,NULL,NULL,NULL,NULL,NULL,NULL,NULL,NULL,NULL,NULL,NULL,'1003',NULL,NULL,NULL,NULL,NULL,NULL,NULL,NULL,NULL,NULL,NULL,NULL,NULL,NULL,1,'2017-09-04 16:42:07',1,13),(135,0,'Truck.4','Truck.4',NULL,NULL,'Scania',NULL,NULL,NULL,NULL,NULL,NULL,NULL,NULL,NULL,NULL,NULL,NULL,NULL,NULL,'1004',NULL,NULL,NULL,NULL,NULL,NULL,NULL,NULL,NULL,NULL,NULL,NULL,NULL,NULL,1,'2017-09-04 16:42:07',1,13),(136,0,'Truck.5','Truck.5',NULL,NULL,'Scania',NULL,NULL,NULL,NULL,NULL,NULL,NULL,NULL,NULL,NULL,NULL,NULL,NULL,NULL,'1005',NULL,NULL,NULL,NULL,NULL,NULL,NULL,NULL,NULL,NULL,NULL,NULL,NULL,NULL,1,'2017-09-04 16:42:07',1,13),(137,0,'Truck.6','Truck.6',NULL,NULL,'Scania',NULL,NULL,NULL,NULL,NULL,NULL,NULL,NULL,NULL,NULL,NULL,NULL,NULL,NULL,'1006',NULL,NULL,NULL,NULL,NULL,NULL,NULL,NULL,NULL,NULL,NULL,NULL,NULL,NULL,1,'2017-09-04 16:42:07',1,13),(138,0,'Truck.7','Truck.7',NULL,NULL,'Scania',NULL,NULL,NULL,NULL,NULL,NULL,NULL,NULL,NULL,NULL,NULL,NULL,NULL,NULL,'1007',NULL,NULL,NULL,NULL,NULL,NULL,NULL,NULL,NULL,NULL,NULL,NULL,NULL,NULL,1,'2017-09-04 16:42:07',1,13),(139,0,'Truck.8','Truck.8',NULL,NULL,'Scania',NULL,NULL,NULL,NULL,NULL,NULL,NULL,NULL,NULL,NULL,NULL,NULL,NULL,NULL,'1008',NULL,NULL,NULL,NULL,NULL,NULL,NULL,NULL,NULL,NULL,NULL,NULL,NULL,NULL,1,'2017-09-04 16:42:07',1,13),(140,0,'Truck.9','Truck.9',NULL,NULL,'Scania',NULL,NULL,NULL,NULL,NULL,NULL,NULL,NULL,NULL,NULL,NULL,NULL,NULL,NULL,'1009',NULL,NULL,NULL,NULL,NULL,NULL,NULL,NULL,NULL,NULL,NULL,NULL,NULL,NULL,1,'2017-09-04 16:42:07',1,13),(141,0,'Truck.0','Truck.0',NULL,NULL,'Scania',NULL,NULL,NULL,NULL,NULL,NULL,NULL,NULL,NULL,NULL,NULL,NULL,NULL,NULL,'1000',NULL,NULL,NULL,NULL,NULL,NULL,NULL,NULL,NULL,NULL,NULL,NULL,NULL,NULL,1,'2017-09-04 17:32:42',1,14),(142,0,'Truck.1','Truck.1',NULL,NULL,'Scania',NULL,NULL,NULL,NULL,NULL,NULL,NULL,NULL,NULL,NULL,NULL,NULL,NULL,NULL,'1001',NULL,NULL,NULL,NULL,NULL,NULL,NULL,NULL,NULL,NULL,NULL,NULL,NULL,NULL,1,'2017-09-04 17:32:42',1,14),(143,0,'Truck.2','Truck.2',NULL,NULL,'Scania',NULL,NULL,NULL,NULL,NULL,NULL,NULL,NULL,NULL,NULL,NULL,NULL,NULL,NULL,'1002',NULL,NULL,NULL,NULL,NULL,NULL,NULL,NULL,NULL,NULL,NULL,NULL,NULL,NULL,1,'2017-09-04 17:32:42',1,14),(144,0,'Truck.3','Truck.3',NULL,NULL,'Scania',NULL,NULL,NULL,NULL,NULL,NULL,NULL,NULL,NULL,NULL,NULL,NULL,NULL,NULL,'1003',NULL,NULL,NULL,NULL,NULL,NULL,NULL,NULL,NULL,NULL,NULL,NULL,NULL,NULL,1,'2017-09-04 17:32:42',1,14),(145,0,'Truck.4','Truck.4',NULL,NULL,'Scania',NULL,NULL,NULL,NULL,NULL,NULL,NULL,NULL,NULL,NULL,NULL,NULL,NULL,NULL,'1004',NULL,NULL,NULL,NULL,NULL,NULL,NULL,NULL,NULL,NULL,NULL,NULL,NULL,NULL,1,'2017-09-04 17:32:42',1,14),(146,0,'Truck.5','Truck.5',NULL,NULL,'Scania',NULL,NULL,NULL,NULL,NULL,NULL,NULL,NULL,NULL,NULL,NULL,NULL,NULL,NULL,'1005',NULL,NULL,NULL,NULL,NULL,NULL,NULL,NULL,NULL,NULL,NULL,NULL,NULL,NULL,1,'2017-09-04 17:32:42',1,14),(147,0,'Truck.6','Truck.6',NULL,NULL,'Scania',NULL,NULL,NULL,NULL,NULL,NULL,NULL,NULL,NULL,NULL,NULL,NULL,NULL,NULL,'1006',NULL,NULL,NULL,NULL,NULL,NULL,NULL,NULL,NULL,NULL,NULL,NULL,NULL,NULL,1,'2017-09-04 17:32:42',1,14),(148,0,'Truck.7','Truck.7',NULL,NULL,'Scania',NULL,NULL,NULL,NULL,NULL,NULL,NULL,NULL,NULL,NULL,NULL,NULL,NULL,NULL,'1007',NULL,NULL,NULL,NULL,NULL,NULL,NULL,NULL,NULL,NULL,NULL,NULL,NULL,NULL,1,'2017-09-04 17:32:42',1,14),(149,0,'Truck.8','Truck.8',NULL,NULL,'Scania',NULL,NULL,NULL,NULL,NULL,NULL,NULL,NULL,NULL,NULL,NULL,NULL,NULL,NULL,'1008',NULL,NULL,NULL,NULL,NULL,NULL,NULL,NULL,NULL,NULL,NULL,NULL,NULL,NULL,1,'2017-09-04 17:32:42',1,14),(150,0,'Truck.9','Truck.9',NULL,NULL,'Scania',NULL,NULL,NULL,NULL,NULL,NULL,NULL,NULL,NULL,NULL,NULL,NULL,NULL,NULL,'1009',NULL,NULL,NULL,NULL,NULL,NULL,NULL,NULL,NULL,NULL,NULL,NULL,NULL,NULL,1,'2017-09-04 17:32:42',1,14),(151,0,'Truck.0','Truck.0',NULL,NULL,'Scania',NULL,NULL,NULL,NULL,NULL,NULL,NULL,NULL,NULL,NULL,NULL,NULL,NULL,NULL,'1000',NULL,NULL,NULL,NULL,NULL,NULL,NULL,NULL,NULL,NULL,NULL,NULL,NULL,NULL,1,'2017-09-04 18:29:20',1,15),(152,0,'Truck.1','Truck.1',NULL,NULL,'Scania',NULL,NULL,NULL,NULL,NULL,NULL,NULL,NULL,NULL,NULL,NULL,NULL,NULL,NULL,'1001',NULL,NULL,NULL,NULL,NULL,NULL,NULL,NULL,NULL,NULL,NULL,NULL,NULL,NULL,1,'2017-09-04 18:29:20',1,15),(153,0,'Truck.2','Truck.2',NULL,NULL,'Scania',NULL,NULL,NULL,NULL,NULL,NULL,NULL,NULL,NULL,NULL,NULL,NULL,NULL,NULL,'1002',NULL,NULL,NULL,NULL,NULL,NULL,NULL,NULL,NULL,NULL,NULL,NULL,NULL,NULL,1,'2017-09-04 18:29:20',1,15),(154,0,'Truck.3','Truck.3',NULL,NULL,'Scania',NULL,NULL,NULL,NULL,NULL,NULL,NULL,NULL,NULL,NULL,NULL,NULL,NULL,NULL,'1003',NULL,NULL,NULL,NULL,NULL,NULL,NULL,NULL,NULL,NULL,NULL,NULL,NULL,NULL,1,'2017-09-04 18:29:20',1,15),(155,0,'Truck.4','Truck.4',NULL,NULL,'Scania',NULL,NULL,NULL,NULL,NULL,NULL,NULL,NULL,NULL,NULL,NULL,NULL,NULL,NULL,'1004',NULL,NULL,NULL,NULL,NULL,NULL,NULL,NULL,NULL,NULL,NULL,NULL,NULL,NULL,1,'2017-09-04 18:29:20',1,15),(156,0,'Truck.5','Truck.5',NULL,NULL,'Scania',NULL,NULL,NULL,NULL,NULL,NULL,NULL,NULL,NULL,NULL,NULL,NULL,NULL,NULL,'1005',NULL,NULL,NULL,NULL,NULL,NULL,NULL,NULL,NULL,NULL,NULL,NULL,NULL,NULL,1,'2017-09-04 18:29:20',1,15),(157,0,'Truck.6','Truck.6',NULL,NULL,'Scania',NULL,NULL,NULL,NULL,NULL,NULL,NULL,NULL,NULL,NULL,NULL,NULL,NULL,NULL,'1006',NULL,NULL,NULL,NULL,NULL,NULL,NULL,NULL,NULL,NULL,NULL,NULL,NULL,NULL,1,'2017-09-04 18:29:20',1,15),(158,0,'Truck.7','Truck.7',NULL,NULL,'Scania',NULL,NULL,NULL,NULL,NULL,NULL,NULL,NULL,NULL,NULL,NULL,NULL,NULL,NULL,'1007',NULL,NULL,NULL,NULL,NULL,NULL,NULL,NULL,NULL,NULL,NULL,NULL,NULL,NULL,1,'2017-09-04 18:29:20',1,15),(159,0,'Truck.8','Truck.8',NULL,NULL,'Scania',NULL,NULL,NULL,NULL,NULL,NULL,NULL,NULL,NULL,NULL,NULL,NULL,NULL,NULL,'1008',NULL,NULL,NULL,NULL,NULL,NULL,NULL,NULL,NULL,NULL,NULL,NULL,NULL,NULL,1,'2017-09-04 18:29:20',1,15),(160,0,'Truck.9','Truck.9',NULL,NULL,'Scania',NULL,NULL,NULL,NULL,NULL,NULL,NULL,NULL,NULL,NULL,NULL,NULL,NULL,NULL,'1009',NULL,NULL,NULL,NULL,NULL,NULL,NULL,NULL,NULL,NULL,NULL,NULL,NULL,NULL,1,'2017-09-04 18:29:20',1,15),(161,0,'Truck.0','Truck.0',NULL,NULL,'Scania',NULL,NULL,NULL,NULL,NULL,NULL,NULL,NULL,NULL,NULL,NULL,NULL,NULL,NULL,'1000',NULL,NULL,NULL,NULL,NULL,NULL,NULL,NULL,NULL,NULL,NULL,NULL,NULL,NULL,1,'2017-09-04 19:31:09',1,16),(162,0,'Truck.1','Truck.1',NULL,NULL,'Scania',NULL,NULL,NULL,NULL,NULL,NULL,NULL,NULL,NULL,NULL,NULL,NULL,NULL,NULL,'1001',NULL,NULL,NULL,NULL,NULL,NULL,NULL,NULL,NULL,NULL,NULL,NULL,NULL,NULL,1,'2017-09-04 19:31:09',1,16),(163,0,'Truck.2','Truck.2',NULL,NULL,'Scania',NULL,NULL,NULL,NULL,NULL,NULL,NULL,NULL,NULL,NULL,NULL,NULL,NULL,NULL,'1002',NULL,NULL,NULL,NULL,NULL,NULL,NULL,NULL,NULL,NULL,NULL,NULL,NULL,NULL,1,'2017-09-04 19:31:09',1,16),(164,0,'Truck.3','Truck.3',NULL,NULL,'Scania',NULL,NULL,NULL,NULL,NULL,NULL,NULL,NULL,NULL,NULL,NULL,NULL,NULL,NULL,'1003',NULL,NULL,NULL,NULL,NULL,NULL,NULL,NULL,NULL,NULL,NULL,NULL,NULL,NULL,1,'2017-09-04 19:31:09',1,16),(165,0,'Truck.4','Truck.4',NULL,NULL,'Scania',NULL,NULL,NULL,NULL,NULL,NULL,NULL,NULL,NULL,NULL,NULL,NULL,NULL,NULL,'1004',NULL,NULL,NULL,NULL,NULL,NULL,NULL,NULL,NULL,NULL,NULL,NULL,NULL,NULL,1,'2017-09-04 19:31:09',1,16),(166,0,'Truck.5','Truck.5',NULL,NULL,'Scania',NULL,NULL,NULL,NULL,NULL,NULL,NULL,NULL,NULL,NULL,NULL,NULL,NULL,NULL,'1005',NULL,NULL,NULL,NULL,NULL,NULL,NULL,NULL,NULL,NULL,NULL,NULL,NULL,NULL,1,'2017-09-04 19:31:09',1,16),(167,0,'Truck.6','Truck.6',NULL,NULL,'Scania',NULL,NULL,NULL,NULL,NULL,NULL,NULL,NULL,NULL,NULL,NULL,NULL,NULL,NULL,'1006',NULL,NULL,NULL,NULL,NULL,NULL,NULL,NULL,NULL,NULL,NULL,NULL,NULL,NULL,1,'2017-09-04 19:31:09',1,16),(168,0,'Truck.7','Truck.7',NULL,NULL,'Scania',NULL,NULL,NULL,NULL,NULL,NULL,NULL,NULL,NULL,NULL,NULL,NULL,NULL,NULL,'1007',NULL,NULL,NULL,NULL,NULL,NULL,NULL,NULL,NULL,NULL,NULL,NULL,NULL,NULL,1,'2017-09-04 19:31:09',1,16),(169,0,'Truck.8','Truck.8',NULL,NULL,'Scania',NULL,NULL,NULL,NULL,NULL,NULL,NULL,NULL,NULL,NULL,NULL,NULL,NULL,NULL,'1008',NULL,NULL,NULL,NULL,NULL,NULL,NULL,NULL,NULL,NULL,NULL,NULL,NULL,NULL,1,'2017-09-04 19:31:09',1,16),(170,0,'Truck.9','Truck.9',NULL,NULL,'Scania',NULL,NULL,NULL,NULL,NULL,NULL,NULL,NULL,NULL,NULL,NULL,NULL,NULL,NULL,'1009',NULL,NULL,NULL,NULL,NULL,NULL,NULL,NULL,NULL,NULL,NULL,NULL,NULL,NULL,1,'2017-09-04 19:31:09',1,16),(171,0,'Truck.0','Truck.0',NULL,NULL,'Scania',NULL,NULL,NULL,NULL,NULL,NULL,NULL,NULL,NULL,NULL,NULL,NULL,NULL,NULL,'1000',NULL,NULL,NULL,NULL,NULL,NULL,NULL,NULL,NULL,NULL,NULL,NULL,NULL,NULL,1,'2017-09-04 20:38:20',1,17),(172,0,'Truck.1','Truck.1',NULL,NULL,'Scania',NULL,NULL,NULL,NULL,NULL,NULL,NULL,NULL,NULL,NULL,NULL,NULL,NULL,NULL,'1001',NULL,NULL,NULL,NULL,NULL,NULL,NULL,NULL,NULL,NULL,NULL,NULL,NULL,NULL,1,'2017-09-04 20:38:20',1,17),(173,0,'Truck.2','Truck.2',NULL,NULL,'Scania',NULL,NULL,NULL,NULL,NULL,NULL,NULL,NULL,NULL,NULL,NULL,NULL,NULL,NULL,'1002',NULL,NULL,NULL,NULL,NULL,NULL,NULL,NULL,NULL,NULL,NULL,NULL,NULL,NULL,1,'2017-09-04 20:38:20',1,17),(174,0,'Truck.3','Truck.3',NULL,NULL,'Scania',NULL,NULL,NULL,NULL,NULL,NULL,NULL,NULL,NULL,NULL,NULL,NULL,NULL,NULL,'1003',NULL,NULL,NULL,NULL,NULL,NULL,NULL,NULL,NULL,NULL,NULL,NULL,NULL,NULL,1,'2017-09-04 20:38:20',1,17),(175,0,'Truck.4','Truck.4',NULL,NULL,'Scania',NULL,NULL,NULL,NULL,NULL,NULL,NULL,NULL,NULL,NULL,NULL,NULL,NULL,NULL,'1004',NULL,NULL,NULL,NULL,NULL,NULL,NULL,NULL,NULL,NULL,NULL,NULL,NULL,NULL,1,'2017-09-04 20:38:20',1,17),(176,0,'Truck.5','Truck.5',NULL,NULL,'Scania',NULL,NULL,NULL,NULL,NULL,NULL,NULL,NULL,NULL,NULL,NULL,NULL,NULL,NULL,'1005',NULL,NULL,NULL,NULL,NULL,NULL,NULL,NULL,NULL,NULL,NULL,NULL,NULL,NULL,1,'2017-09-04 20:38:20',1,17),(177,0,'Truck.6','Truck.6',NULL,NULL,'Scania',NULL,NULL,NULL,NULL,NULL,NULL,NULL,NULL,NULL,NULL,NULL,NULL,NULL,NULL,'1006',NULL,NULL,NULL,NULL,NULL,NULL,NULL,NULL,NULL,NULL,NULL,NULL,NULL,NULL,1,'2017-09-04 20:38:20',1,17),(178,0,'Truck.7','Truck.7',NULL,NULL,'Scania',NULL,NULL,NULL,NULL,NULL,NULL,NULL,NULL,NULL,NULL,NULL,NULL,NULL,NULL,'1007',NULL,NULL,NULL,NULL,NULL,NULL,NULL,NULL,NULL,NULL,NULL,NULL,NULL,NULL,1,'2017-09-04 20:38:20',1,17),(179,0,'Truck.8','Truck.8',NULL,NULL,'Scania',NULL,NULL,NULL,NULL,NULL,NULL,NULL,NULL,NULL,NULL,NULL,NULL,NULL,NULL,'1008',NULL,NULL,NULL,NULL,NULL,NULL,NULL,NULL,NULL,NULL,NULL,NULL,NULL,NULL,1,'2017-09-04 20:38:20',1,17),(180,0,'Truck.9','Truck.9',NULL,NULL,'Scania',NULL,NULL,NULL,NULL,NULL,NULL,NULL,NULL,NULL,NULL,NULL,NULL,NULL,NULL,'1009',NULL,NULL,NULL,NULL,NULL,NULL,NULL,NULL,NULL,NULL,NULL,NULL,NULL,NULL,1,'2017-09-04 20:38:20',1,17),(181,0,'Truck.0','Truck.0',NULL,NULL,'Scania',NULL,NULL,NULL,NULL,NULL,NULL,NULL,NULL,NULL,NULL,NULL,NULL,NULL,NULL,'1000',NULL,NULL,NULL,NULL,NULL,NULL,NULL,NULL,NULL,NULL,NULL,NULL,NULL,NULL,1,'2017-09-04 21:50:33',1,18),(182,0,'Truck.1','Truck.1',NULL,NULL,'Scania',NULL,NULL,NULL,NULL,NULL,NULL,NULL,NULL,NULL,NULL,NULL,NULL,NULL,NULL,'1001',NULL,NULL,NULL,NULL,NULL,NULL,NULL,NULL,NULL,NULL,NULL,NULL,NULL,NULL,1,'2017-09-04 21:50:33',1,18),(183,0,'Truck.2','Truck.2',NULL,NULL,'Scania',NULL,NULL,NULL,NULL,NULL,NULL,NULL,NULL,NULL,NULL,NULL,NULL,NULL,NULL,'1002',NULL,NULL,NULL,NULL,NULL,NULL,NULL,NULL,NULL,NULL,NULL,NULL,NULL,NULL,1,'2017-09-04 21:50:33',1,18),(184,0,'Truck.3','Truck.3',NULL,NULL,'Scania',NULL,NULL,NULL,NULL,NULL,NULL,NULL,NULL,NULL,NULL,NULL,NULL,NULL,NULL,'1003',NULL,NULL,NULL,NULL,NULL,NULL,NULL,NULL,NULL,NULL,NULL,NULL,NULL,NULL,1,'2017-09-04 21:50:33',1,18),(185,0,'Truck.4','Truck.4',NULL,NULL,'Scania',NULL,NULL,NULL,NULL,NULL,NULL,NULL,NULL,NULL,NULL,NULL,NULL,NULL,NULL,'1004',NULL,NULL,NULL,NULL,NULL,NULL,NULL,NULL,NULL,NULL,NULL,NULL,NULL,NULL,1,'2017-09-04 21:50:33',1,18),(186,0,'Truck.5','Truck.5',NULL,NULL,'Scania',NULL,NULL,NULL,NULL,NULL,NULL,NULL,NULL,NULL,NULL,NULL,NULL,NULL,NULL,'1005',NULL,NULL,NULL,NULL,NULL,NULL,NULL,NULL,NULL,NULL,NULL,NULL,NULL,NULL,1,'2017-09-04 21:50:33',1,18),(187,0,'Truck.6','Truck.6',NULL,NULL,'Scania',NULL,NULL,NULL,NULL,NULL,NULL,NULL,NULL,NULL,NULL,NULL,NULL,NULL,NULL,'1006',NULL,NULL,NULL,NULL,NULL,NULL,NULL,NULL,NULL,NULL,NULL,NULL,NULL,NULL,1,'2017-09-04 21:50:33',1,18),(188,0,'Truck.7','Truck.7',NULL,NULL,'Scania',NULL,NULL,NULL,NULL,NULL,NULL,NULL,NULL,NULL,NULL,NULL,NULL,NULL,NULL,'1007',NULL,NULL,NULL,NULL,NULL,NULL,NULL,NULL,NULL,NULL,NULL,NULL,NULL,NULL,1,'2017-09-04 21:50:33',1,18),(189,0,'Truck.8','Truck.8',NULL,NULL,'Scania',NULL,NULL,NULL,NULL,NULL,NULL,NULL,NULL,NULL,NULL,NULL,NULL,NULL,NULL,'1008',NULL,NULL,NULL,NULL,NULL,NULL,NULL,NULL,NULL,NULL,NULL,NULL,NULL,NULL,1,'2017-09-04 21:50:33',1,18),(190,0,'Truck.9','Truck.9',NULL,NULL,'Scania',NULL,NULL,NULL,NULL,NULL,NULL,NULL,NULL,NULL,NULL,NULL,NULL,NULL,NULL,'1009',NULL,NULL,NULL,NULL,NULL,NULL,NULL,NULL,NULL,NULL,NULL,NULL,NULL,NULL,1,'2017-09-04 21:50:33',1,18),(191,0,'Truck.0','Truck.0',NULL,NULL,'Scania',NULL,NULL,NULL,NULL,NULL,NULL,NULL,NULL,NULL,NULL,NULL,NULL,NULL,NULL,'1000',NULL,NULL,NULL,NULL,NULL,NULL,NULL,NULL,NULL,NULL,NULL,NULL,NULL,NULL,1,'2017-09-04 23:07:55',1,19),(192,0,'Truck.1','Truck.1',NULL,NULL,'Scania',NULL,NULL,NULL,NULL,NULL,NULL,NULL,NULL,NULL,NULL,NULL,NULL,NULL,NULL,'1001',NULL,NULL,NULL,NULL,NULL,NULL,NULL,NULL,NULL,NULL,NULL,NULL,NULL,NULL,1,'2017-09-04 23:07:55',1,19),(193,0,'Truck.2','Truck.2',NULL,NULL,'Scania',NULL,NULL,NULL,NULL,NULL,NULL,NULL,NULL,NULL,NULL,NULL,NULL,NULL,NULL,'1002',NULL,NULL,NULL,NULL,NULL,NULL,NULL,NULL,NULL,NULL,NULL,NULL,NULL,NULL,1,'2017-09-04 23:07:55',1,19),(194,0,'Truck.3','Truck.3',NULL,NULL,'Scania',NULL,NULL,NULL,NULL,NULL,NULL,NULL,NULL,NULL,NULL,NULL,NULL,NULL,NULL,'1003',NULL,NULL,NULL,NULL,NULL,NULL,NULL,NULL,NULL,NULL,NULL,NULL,NULL,NULL,1,'2017-09-04 23:07:55',1,19),(195,0,'Truck.4','Truck.4',NULL,NULL,'Scania',NULL,NULL,NULL,NULL,NULL,NULL,NULL,NULL,NULL,NULL,NULL,NULL,NULL,NULL,'1004',NULL,NULL,NULL,NULL,NULL,NULL,NULL,NULL,NULL,NULL,NULL,NULL,NULL,NULL,1,'2017-09-04 23:07:55',1,19),(196,0,'Truck.5','Truck.5',NULL,NULL,'Scania',NULL,NULL,NULL,NULL,NULL,NULL,NULL,NULL,NULL,NULL,NULL,NULL,NULL,NULL,'1005',NULL,NULL,NULL,NULL,NULL,NULL,NULL,NULL,NULL,NULL,NULL,NULL,NULL,NULL,1,'2017-09-04 23:07:55',1,19),(197,0,'Truck.6','Truck.6',NULL,NULL,'Scania',NULL,NULL,NULL,NULL,NULL,NULL,NULL,NULL,NULL,NULL,NULL,NULL,NULL,NULL,'1006',NULL,NULL,NULL,NULL,NULL,NULL,NULL,NULL,NULL,NULL,NULL,NULL,NULL,NULL,1,'2017-09-04 23:07:55',1,19),(198,0,'Truck.7','Truck.7',NULL,NULL,'Scania',NULL,NULL,NULL,NULL,NULL,NULL,NULL,NULL,NULL,NULL,NULL,NULL,NULL,NULL,'1007',NULL,NULL,NULL,NULL,NULL,NULL,NULL,NULL,NULL,NULL,NULL,NULL,NULL,NULL,1,'2017-09-04 23:07:55',1,19),(199,0,'Truck.8','Truck.8',NULL,NULL,'Scania',NULL,NULL,NULL,NULL,NULL,NULL,NULL,NULL,NULL,NULL,NULL,NULL,NULL,NULL,'1008',NULL,NULL,NULL,NULL,NULL,NULL,NULL,NULL,NULL,NULL,NULL,NULL,NULL,NULL,1,'2017-09-04 23:07:55',1,19),(200,0,'Truck.9','Truck.9',NULL,NULL,'Scania',NULL,NULL,NULL,NULL,NULL,NULL,NULL,NULL,NULL,NULL,NULL,NULL,NULL,NULL,'1009',NULL,NULL,NULL,NULL,NULL,NULL,NULL,NULL,NULL,NULL,NULL,NULL,NULL,NULL,1,'2017-09-04 23:07:55',1,19),(201,0,'Truck.0','Truck.0',NULL,NULL,'Scania',NULL,NULL,NULL,NULL,NULL,NULL,NULL,NULL,NULL,NULL,NULL,NULL,NULL,NULL,'1000',NULL,NULL,NULL,NULL,NULL,NULL,NULL,NULL,NULL,NULL,NULL,NULL,NULL,NULL,1,'2017-09-05 00:30:34',1,20),(202,0,'Truck.1','Truck.1',NULL,NULL,'Scania',NULL,NULL,NULL,NULL,NULL,NULL,NULL,NULL,NULL,NULL,NULL,NULL,NULL,NULL,'1001',NULL,NULL,NULL,NULL,NULL,NULL,NULL,NULL,NULL,NULL,NULL,NULL,NULL,NULL,1,'2017-09-05 00:30:34',1,20),(203,0,'Truck.2','Truck.2',NULL,NULL,'Scania',NULL,NULL,NULL,NULL,NULL,NULL,NULL,NULL,NULL,NULL,NULL,NULL,NULL,NULL,'1002',NULL,NULL,NULL,NULL,NULL,NULL,NULL,NULL,NULL,NULL,NULL,NULL,NULL,NULL,1,'2017-09-05 00:30:34',1,20),(204,0,'Truck.3','Truck.3',NULL,NULL,'Scania',NULL,NULL,NULL,NULL,NULL,NULL,NULL,NULL,NULL,NULL,NULL,NULL,NULL,NULL,'1003',NULL,NULL,NULL,NULL,NULL,NULL,NULL,NULL,NULL,NULL,NULL,NULL,NULL,NULL,1,'2017-09-05 00:30:34',1,20),(205,0,'Truck.4','Truck.4',NULL,NULL,'Scania',NULL,NULL,NULL,NULL,NULL,NULL,NULL,NULL,NULL,NULL,NULL,NULL,NULL,NULL,'1004',NULL,NULL,NULL,NULL,NULL,NULL,NULL,NULL,NULL,NULL,NULL,NULL,NULL,NULL,1,'2017-09-05 00:30:34',1,20),(206,0,'Truck.5','Truck.5',NULL,NULL,'Scania',NULL,NULL,NULL,NULL,NULL,NULL,NULL,NULL,NULL,NULL,NULL,NULL,NULL,NULL,'1005',NULL,NULL,NULL,NULL,NULL,NULL,NULL,NULL,NULL,NULL,NULL,NULL,NULL,NULL,1,'2017-09-05 00:30:34',1,20),(207,0,'Truck.6','Truck.6',NULL,NULL,'Scania',NULL,NULL,NULL,NULL,NULL,NULL,NULL,NULL,NULL,NULL,NULL,NULL,NULL,NULL,'1006',NULL,NULL,NULL,NULL,NULL,NULL,NULL,NULL,NULL,NULL,NULL,NULL,NULL,NULL,1,'2017-09-05 00:30:34',1,20),(208,0,'Truck.7','Truck.7',NULL,NULL,'Scania',NULL,NULL,NULL,NULL,NULL,NULL,NULL,NULL,NULL,NULL,NULL,NULL,NULL,NULL,'1007',NULL,NULL,NULL,NULL,NULL,NULL,NULL,NULL,NULL,NULL,NULL,NULL,NULL,NULL,1,'2017-09-05 00:30:34',1,20),(209,0,'Truck.8','Truck.8',NULL,NULL,'Scania',NULL,NULL,NULL,NULL,NULL,NULL,NULL,NULL,NULL,NULL,NULL,NULL,NULL,NULL,'1008',NULL,NULL,NULL,NULL,NULL,NULL,NULL,NULL,NULL,NULL,NULL,NULL,NULL,NULL,1,'2017-09-05 00:30:34',1,20),(210,0,'Truck.9','Truck.9',NULL,NULL,'Scania',NULL,NULL,NULL,NULL,NULL,NULL,NULL,NULL,NULL,NULL,NULL,NULL,NULL,NULL,'1009',NULL,NULL,NULL,NULL,NULL,NULL,NULL,NULL,NULL,NULL,NULL,NULL,NULL,NULL,1,'2017-09-05 00:30:34',1,20),(211,0,'Truck.0','Truck.0',NULL,NULL,'Scania',NULL,NULL,NULL,NULL,NULL,NULL,NULL,NULL,NULL,NULL,NULL,NULL,NULL,NULL,'1000',NULL,NULL,NULL,NULL,NULL,NULL,NULL,NULL,NULL,NULL,NULL,NULL,NULL,NULL,1,'2017-09-05 01:58:43',1,21),(212,0,'Truck.1','Truck.1',NULL,NULL,'Scania',NULL,NULL,NULL,NULL,NULL,NULL,NULL,NULL,NULL,NULL,NULL,NULL,NULL,NULL,'1001',NULL,NULL,NULL,NULL,NULL,NULL,NULL,NULL,NULL,NULL,NULL,NULL,NULL,NULL,1,'2017-09-05 01:58:43',1,21),(213,0,'Truck.2','Truck.2',NULL,NULL,'Scania',NULL,NULL,NULL,NULL,NULL,NULL,NULL,NULL,NULL,NULL,NULL,NULL,NULL,NULL,'1002',NULL,NULL,NULL,NULL,NULL,NULL,NULL,NULL,NULL,NULL,NULL,NULL,NULL,NULL,1,'2017-09-05 01:58:43',1,21),(214,0,'Truck.3','Truck.3',NULL,NULL,'Scania',NULL,NULL,NULL,NULL,NULL,NULL,NULL,NULL,NULL,NULL,NULL,NULL,NULL,NULL,'1003',NULL,NULL,NULL,NULL,NULL,NULL,NULL,NULL,NULL,NULL,NULL,NULL,NULL,NULL,1,'2017-09-05 01:58:43',1,21),(215,0,'Truck.4','Truck.4',NULL,NULL,'Scania',NULL,NULL,NULL,NULL,NULL,NULL,NULL,NULL,NULL,NULL,NULL,NULL,NULL,NULL,'1004',NULL,NULL,NULL,NULL,NULL,NULL,NULL,NULL,NULL,NULL,NULL,NULL,NULL,NULL,1,'2017-09-05 01:58:43',1,21),(216,0,'Truck.5','Truck.5',NULL,NULL,'Scania',NULL,NULL,NULL,NULL,NULL,NULL,NULL,NULL,NULL,NULL,NULL,NULL,NULL,NULL,'1005',NULL,NULL,NULL,NULL,NULL,NULL,NULL,NULL,NULL,NULL,NULL,NULL,NULL,NULL,1,'2017-09-05 01:58:43',1,21),(217,0,'Truck.6','Truck.6',NULL,NULL,'Scania',NULL,NULL,NULL,NULL,NULL,NULL,NULL,NULL,NULL,NULL,NULL,NULL,NULL,NULL,'1006',NULL,NULL,NULL,NULL,NULL,NULL,NULL,NULL,NULL,NULL,NULL,NULL,NULL,NULL,1,'2017-09-05 01:58:43',1,21),(218,0,'Truck.7','Truck.7',NULL,NULL,'Scania',NULL,NULL,NULL,NULL,NULL,NULL,NULL,NULL,NULL,NULL,NULL,NULL,NULL,NULL,'1007',NULL,NULL,NULL,NULL,NULL,NULL,NULL,NULL,NULL,NULL,NULL,NULL,NULL,NULL,1,'2017-09-05 01:58:43',1,21),(219,0,'Truck.8','Truck.8',NULL,NULL,'Scania',NULL,NULL,NULL,NULL,NULL,NULL,NULL,NULL,NULL,NULL,NULL,NULL,NULL,NULL,'1008',NULL,NULL,NULL,NULL,NULL,NULL,NULL,NULL,NULL,NULL,NULL,NULL,NULL,NULL,1,'2017-09-05 01:58:43',1,21),(220,0,'Truck.9','Truck.9',NULL,NULL,'Scania',NULL,NULL,NULL,NULL,NULL,NULL,NULL,NULL,NULL,NULL,NULL,NULL,NULL,NULL,'1009',NULL,NULL,NULL,NULL,NULL,NULL,NULL,NULL,NULL,NULL,NULL,NULL,NULL,NULL,1,'2017-09-05 01:58:43',1,21),(221,0,'Truck.0','Truck.0',NULL,NULL,'Scania',NULL,NULL,NULL,NULL,NULL,NULL,NULL,NULL,NULL,NULL,NULL,NULL,NULL,NULL,'1000',NULL,NULL,NULL,NULL,NULL,NULL,NULL,NULL,NULL,NULL,NULL,NULL,NULL,NULL,1,'2017-09-05 03:31:55',1,22),(222,0,'Truck.1','Truck.1',NULL,NULL,'Scania',NULL,NULL,NULL,NULL,NULL,NULL,NULL,NULL,NULL,NULL,NULL,NULL,NULL,NULL,'1001',NULL,NULL,NULL,NULL,NULL,NULL,NULL,NULL,NULL,NULL,NULL,NULL,NULL,NULL,1,'2017-09-05 03:31:55',1,22),(223,0,'Truck.2','Truck.2',NULL,NULL,'Scania',NULL,NULL,NULL,NULL,NULL,NULL,NULL,NULL,NULL,NULL,NULL,NULL,NULL,NULL,'1002',NULL,NULL,NULL,NULL,NULL,NULL,NULL,NULL,NULL,NULL,NULL,NULL,NULL,NULL,1,'2017-09-05 03:31:55',1,22),(224,0,'Truck.3','Truck.3',NULL,NULL,'Scania',NULL,NULL,NULL,NULL,NULL,NULL,NULL,NULL,NULL,NULL,NULL,NULL,NULL,NULL,'1003',NULL,NULL,NULL,NULL,NULL,NULL,NULL,NULL,NULL,NULL,NULL,NULL,NULL,NULL,1,'2017-09-05 03:31:55',1,22),(225,0,'Truck.4','Truck.4',NULL,NULL,'Scania',NULL,NULL,NULL,NULL,NULL,NULL,NULL,NULL,NULL,NULL,NULL,NULL,NULL,NULL,'1004',NULL,NULL,NULL,NULL,NULL,NULL,NULL,NULL,NULL,NULL,NULL,NULL,NULL,NULL,1,'2017-09-05 03:31:55',1,22),(226,0,'Truck.5','Truck.5',NULL,NULL,'Scania',NULL,NULL,NULL,NULL,NULL,NULL,NULL,NULL,NULL,NULL,NULL,NULL,NULL,NULL,'1005',NULL,NULL,NULL,NULL,NULL,NULL,NULL,NULL,NULL,NULL,NULL,NULL,NULL,NULL,1,'2017-09-05 03:31:55',1,22),(227,0,'Truck.6','Truck.6',NULL,NULL,'Scania',NULL,NULL,NULL,NULL,NULL,NULL,NULL,NULL,NULL,NULL,NULL,NULL,NULL,NULL,'1006',NULL,NULL,NULL,NULL,NULL,NULL,NULL,NULL,NULL,NULL,NULL,NULL,NULL,NULL,1,'2017-09-05 03:31:55',1,22),(228,0,'Truck.7','Truck.7',NULL,NULL,'Scania',NULL,NULL,NULL,NULL,NULL,NULL,NULL,NULL,NULL,NULL,NULL,NULL,NULL,NULL,'1007',NULL,NULL,NULL,NULL,NULL,NULL,NULL,NULL,NULL,NULL,NULL,NULL,NULL,NULL,1,'2017-09-05 03:31:55',1,22),(229,0,'Truck.8','Truck.8',NULL,NULL,'Scania',NULL,NULL,NULL,NULL,NULL,NULL,NULL,NULL,NULL,NULL,NULL,NULL,NULL,NULL,'1008',NULL,NULL,NULL,NULL,NULL,NULL,NULL,NULL,NULL,NULL,NULL,NULL,NULL,NULL,1,'2017-09-05 03:31:55',1,22),(230,0,'Truck.9','Truck.9',NULL,NULL,'Scania',NULL,NULL,NULL,NULL,NULL,NULL,NULL,NULL,NULL,NULL,NULL,NULL,NULL,NULL,'1009',NULL,NULL,NULL,NULL,NULL,NULL,NULL,NULL,NULL,NULL,NULL,NULL,NULL,NULL,1,'2017-09-05 03:31:55',1,22),(231,1,'trailer.1',NULL,NULL,'test',NULL,NULL,NULL,NULL,NULL,NULL,NULL,NULL,NULL,NULL,NULL,NULL,NULL,NULL,NULL,NULL,NULL,NULL,NULL,NULL,NULL,NULL,NULL,NULL,NULL,NULL,NULL,NULL,NULL,NULL,1,'2017-09-18 22:02:52',1,8);
/*!40000 ALTER TABLE `vehicle` ENABLE KEYS */;
UNLOCK TABLES;

--
-- Table structure for table `w_state`
--

DROP TABLE IF EXISTS `w_state`;
/*!40101 SET @saved_cs_client     = @@character_set_client */;
/*!40101 SET character_set_client = utf8 */;
CREATE TABLE `w_state` (
  `Id` int(11) NOT NULL AUTO_INCREMENT,
  `ISO` varchar(45) DEFAULT NULL,
  `Name` varchar(100) DEFAULT NULL,
  `NickName` varchar(100) DEFAULT NULL,
  PRIMARY KEY (`Id`)
) ENGINE=InnoDB AUTO_INCREMENT=53 DEFAULT CHARSET=utf8;
/*!40101 SET character_set_client = @saved_cs_client */;

--
-- Dumping data for table `w_state`
--

LOCK TABLES `w_state` WRITE;
/*!40000 ALTER TABLE `w_state` DISABLE KEYS */;
INSERT INTO `w_state` VALUES (1,'AL','ALABAMA','Alabama'),(2,'AK','ALASKA','Alaska'),(3,'AZ','ARIZONA','Arizona'),(4,'AR','ARKANSAS','Arkansas'),(5,'CA','CALIFORNIA','California'),(6,'CO','COLORADO','Colorado'),(7,'CT','CONNECTICUT','Connecticut'),(8,'DE','DELAWARE','Delaware'),(9,'FL','FLORIDA','Florida'),(10,'GA','GEORGIA','Georgia'),(11,'HI','HAWAII','Hawaii'),(12,'ID','IDAHO','Idaho'),(13,'IL','ILLINOIS','Illinois'),(14,'IN','INDIANA','Indiana'),(15,'IA','IOWA','Iowa'),(16,'KS','KANSAS','Kansas'),(17,'KY','KENTUCKY','Kentucky'),(18,'LA','LOUISIANA','Louisiana'),(19,'ME','MAINE','Maine'),(20,'MD','MARYLAND','Maryland'),(21,'MA','MASSACHUSETTS','Massachusetts'),(22,'MI','MICHIGAN','Michigan'),(23,'MN','MINNESOTA','Minnesota'),(24,'MS','MISSISSIPPI','Mississippi'),(25,'MO','MISSOURI','Missouri'),(26,'MT','MONTANA','Montana'),(27,'NE','NEBRASKA','Nebraska'),(28,'NV','NEVADA','Nevada'),(29,'NH','NEW HAMPSHIRE','New Hampshire'),(30,'NJ','NEW JERSEY','New Jersey'),(31,'NM','NEW MEXICO','New Mexico'),(32,'NY','NEW YORK','New York'),(33,'NC','NORTH CAROLINA','North Carolina'),(34,'ND','NORTH DAKOTA','North Dakota'),(35,'OH','OHIO','Ohio'),(36,'OK','OKLAHOMA','Oklahoma'),(37,'OR','OREGON','Oregon'),(38,'PA','PENNSYLVANIA','Pennsylvania'),(39,'RI','RHODE ISLAND','Rhode Island'),(40,'SC','SOUTH CAROLINA','South Carolina'),(41,'SD','SOUTH DAKOTA','South Dakota'),(42,'TN','TENNESSEE','Tennessee'),(43,'TX','TEXAS','Texas'),(44,'UT','UTAH','Utah'),(45,'VT','VERMONT','Vermont'),(46,'VA','VIRGINIA','Virginia'),(47,'WA','WASHINGTON','Washington'),(48,'WV','WEST VIRGINIA','West Virginia'),(49,'WI','WISCONSIN','Wisconsin'),(50,'WY','WYOMING','Wyoming'),(51,'AL','ALABAMA','Alabama'),(52,'AL','ALABAMA','Alabama');
/*!40000 ALTER TABLE `w_state` ENABLE KEYS */;
UNLOCK TABLES;
/*!40103 SET TIME_ZONE=@OLD_TIME_ZONE */;

/*!40101 SET SQL_MODE=@OLD_SQL_MODE */;
/*!40014 SET FOREIGN_KEY_CHECKS=@OLD_FOREIGN_KEY_CHECKS */;
/*!40014 SET UNIQUE_CHECKS=@OLD_UNIQUE_CHECKS */;
/*!40101 SET CHARACTER_SET_CLIENT=@OLD_CHARACTER_SET_CLIENT */;
/*!40101 SET CHARACTER_SET_RESULTS=@OLD_CHARACTER_SET_RESULTS */;
/*!40101 SET COLLATION_CONNECTION=@OLD_COLLATION_CONNECTION */;
/*!40111 SET SQL_NOTES=@OLD_SQL_NOTES */;

-- Dump completed on 2018-03-03 23:06:55
